# MagicaVoxel @ Ephtracy

# group
o 

# material
mtllib hulls-1.mtl
usemtl palette

# normals
vn -1 0 0
vn 1 0 0
vn 0 0 1
vn 0 0 -1
vn 0 -1 0
vn 0 1 0

# texcoords
vt 0.455078 0.5
vt 0.533203 0.5
vt 0.564453 0.5
vt 0.572266 0.5
vt 0.591797 0.5
vt 0.611328 0.5
vt 0.650391 0.5
vt 0.923828 0.5
vt 0.927734 0.5
vt 0.931641 0.5
vt 0.935547 0.5
vt 0.939453 0.5
vt 0.943359 0.5
vt 0.951172 0.5
vt 0.958984 0.5
vt 0.966797 0.5
vt 0.970703 0.5
vt 0.974609 0.5
vt 0.978516 0.5
vt 0.982422 0.5
vt 0.986328 0.5
vt 0.994141 0.5

# verts
v -3.9 2.2 11.6
v -3.9 2.2 11
v -3.9 2.3 11.6
v -3.9 2.3 11
v -3.9 3.3 11.4
v -3.9 3.3 11.2
v -3.9 3.4 11.6
v -3.9 3.4 11.4
v -3.9 3.4 11.2
v -3.9 3.4 11
v -3.9 3.5 11.6
v -3.9 3.5 11
v -3.8 2.2 11.7
v -3.8 2.2 11.6
v -3.8 2.2 11
v -3.8 2.2 10.9
v -3.8 2.3 11.7
v -3.8 2.3 11.6
v -3.8 2.3 11
v -3.8 2.3 10.9
v -3.8 3.3 11.5
v -3.8 3.3 11.4
v -3.8 3.3 11.2
v -3.8 3.3 11.1
v -3.8 3.4 11.7
v -3.8 3.4 11.6
v -3.8 3.4 11.5
v -3.8 3.4 11.4
v -3.8 3.4 11.2
v -3.8 3.4 11.1
v -3.8 3.4 11
v -3.8 3.4 10.9
v -3.8 3.5 11.7
v -3.8 3.5 11.6
v -3.8 3.5 11
v -3.8 3.5 10.9
v -3.7 2.2 11.8
v -3.7 2.2 11.7
v -3.7 2.2 10.9
v -3.7 2.2 10.8
v -3.7 2.3 11.8
v -3.7 2.3 11.7
v -3.7 2.3 10.9
v -3.7 2.3 10.8
v -3.7 3.1 11.4
v -3.7 3.1 11.2
v -3.7 3.2 11.5
v -3.7 3.2 11.4
v -3.7 3.2 11.2
v -3.7 3.2 11.1
v -3.7 3.3 11.6
v -3.7 3.3 11.5
v -3.7 3.3 11.1
v -3.7 3.3 11
v -3.7 3.4 11.8
v -3.7 3.4 11.7
v -3.7 3.4 11.6
v -3.7 3.4 11.5
v -3.7 3.4 11.1
v -3.7 3.4 11
v -3.7 3.4 10.9
v -3.7 3.4 10.8
v -3.7 3.5 11.8
v -3.7 3.5 11.7
v -3.7 3.5 10.9
v -3.7 3.5 10.8
v -3.6 2.2 11.9
v -3.6 2.2 11.8
v -3.6 2.2 10.8
v -3.6 2.2 10.7
v -3.6 2.3 11.9
v -3.6 2.3 11.8
v -3.6 2.3 10.8
v -3.6 2.3 10.7
v -3.6 2.9 11.4
v -3.6 2.9 11.2
v -3.6 3.1 11.5
v -3.6 3.1 11.4
v -3.6 3.1 11.2
v -3.6 3.1 11.1
v -3.6 3.2 11.6
v -3.6 3.2 11.5
v -3.6 3.2 11.4
v -3.6 3.2 11.2
v -3.6 3.2 11.1
v -3.6 3.2 11
v -3.6 3.3 11.7
v -3.6 3.3 11.6
v -3.6 3.3 11.5
v -3.6 3.3 11.1
v -3.6 3.3 11
v -3.6 3.3 10.9
v -3.6 3.4 11.9
v -3.6 3.4 11.8
v -3.6 3.4 11.7
v -3.6 3.4 11.6
v -3.6 3.4 11
v -3.6 3.4 10.9
v -3.6 3.4 10.8
v -3.6 3.4 10.7
v -3.6 3.5 11.9
v -3.6 3.5 11.8
v -3.6 3.5 10.8
v -3.6 3.5 10.7
v -3.5 2.2 12
v -3.5 2.2 11.9
v -3.5 2.2 10.7
v -3.5 2.2 10.6
v -3.5 2.3 12
v -3.5 2.3 11.9
v -3.5 2.3 10.7
v -3.5 2.3 10.6
v -3.5 2.8 11.4
v -3.5 2.8 11.2
v -3.5 2.9 11.4
v -3.5 2.9 11.2
v -3.5 3 11.5
v -3.5 3 11.4
v -3.5 3 11.2
v -3.5 3 11.1
v -3.5 3.1 11.6
v -3.5 3.1 11.5
v -3.5 3.1 11.4
v -3.5 3.1 11.2
v -3.5 3.1 11.1
v -3.5 3.1 11
v -3.5 3.2 11.7
v -3.5 3.2 11.6
v -3.5 3.2 11.5
v -3.5 3.2 11.1
v -3.5 3.2 11
v -3.5 3.2 10.9
v -3.5 3.3 11.8
v -3.5 3.3 11.7
v -3.5 3.3 11.6
v -3.5 3.3 11
v -3.5 3.3 10.9
v -3.5 3.3 10.8
v -3.5 3.4 12
v -3.5 3.4 11.9
v -3.5 3.4 11.8
v -3.5 3.4 11.7
v -3.5 3.4 10.9
v -3.5 3.4 10.8
v -3.5 3.4 10.7
v -3.5 3.4 10.6
v -3.5 3.5 12
v -3.5 3.5 11.9
v -3.5 3.5 10.7
v -3.5 3.5 10.6
v -3.4 2.2 12.1
v -3.4 2.2 12
v -3.4 2.2 10.6
v -3.4 2.2 10.5
v -3.4 2.3 12.1
v -3.4 2.3 12
v -3.4 2.3 10.6
v -3.4 2.3 10.5
v -3.4 2.7 11.4
v -3.4 2.7 11.2
v -3.4 2.8 11.4
v -3.4 2.8 11.2
v -3.4 2.9 11.5
v -3.4 2.9 11.4
v -3.4 2.9 11.2
v -3.4 2.9 11.1
v -3.4 3 11.6
v -3.4 3 11.5
v -3.4 3 11.4
v -3.4 3 11.2
v -3.4 3 11.1
v -3.4 3 11
v -3.4 3.1 11.7
v -3.4 3.1 11.6
v -3.4 3.1 11.5
v -3.4 3.1 11.1
v -3.4 3.1 11
v -3.4 3.1 10.9
v -3.4 3.2 11.8
v -3.4 3.2 11.7
v -3.4 3.2 11.6
v -3.4 3.2 11
v -3.4 3.2 10.9
v -3.4 3.2 10.8
v -3.4 3.3 11.9
v -3.4 3.3 11.8
v -3.4 3.3 11.7
v -3.4 3.3 10.9
v -3.4 3.3 10.8
v -3.4 3.3 10.7
v -3.4 3.4 12.1
v -3.4 3.4 12
v -3.4 3.4 11.9
v -3.4 3.4 11.8
v -3.4 3.4 10.8
v -3.4 3.4 10.7
v -3.4 3.4 10.6
v -3.4 3.4 10.5
v -3.4 3.5 12.1
v -3.4 3.5 12
v -3.4 3.5 10.6
v -3.4 3.5 10.5
v -3.3 2.2 12.2
v -3.3 2.2 12.1
v -3.3 2.2 10.5
v -3.3 2.2 10.4
v -3.3 2.3 12.2
v -3.3 2.3 12.1
v -3.3 2.3 10.5
v -3.3 2.3 10.4
v -3.3 2.6 11.4
v -3.3 2.6 11.2
v -3.3 2.7 11.4
v -3.3 2.7 11.2
v -3.3 2.8 11.5
v -3.3 2.8 11.4
v -3.3 2.8 11.2
v -3.3 2.8 11.1
v -3.3 2.9 11.6
v -3.3 2.9 11.5
v -3.3 2.9 11.4
v -3.3 2.9 11.2
v -3.3 2.9 11.1
v -3.3 2.9 11
v -3.3 3 11.7
v -3.3 3 11.6
v -3.3 3 11.5
v -3.3 3 11.1
v -3.3 3 11
v -3.3 3 10.9
v -3.3 3.1 11.8
v -3.3 3.1 11.7
v -3.3 3.1 11.6
v -3.3 3.1 11
v -3.3 3.1 10.9
v -3.3 3.1 10.8
v -3.3 3.2 11.9
v -3.3 3.2 11.8
v -3.3 3.2 11.7
v -3.3 3.2 10.9
v -3.3 3.2 10.8
v -3.3 3.2 10.7
v -3.3 3.3 12
v -3.3 3.3 11.9
v -3.3 3.3 11.8
v -3.3 3.3 10.8
v -3.3 3.3 10.7
v -3.3 3.3 10.6
v -3.3 3.4 12.2
v -3.3 3.4 12.1
v -3.3 3.4 12
v -3.3 3.4 11.9
v -3.3 3.4 10.7
v -3.3 3.4 10.6
v -3.3 3.4 10.5
v -3.3 3.4 10.4
v -3.3 3.5 12.2
v -3.3 3.5 12.1
v -3.3 3.5 10.5
v -3.3 3.5 10.4
v -3.2 2.2 12.3
v -3.2 2.2 12.2
v -3.2 2.2 10.4
v -3.2 2.2 10.3
v -3.2 2.3 12.3
v -3.2 2.3 12.2
v -3.2 2.3 10.4
v -3.2 2.3 10.3
v -3.2 2.5 11.4
v -3.2 2.5 11.2
v -3.2 2.6 11.4
v -3.2 2.6 11.2
v -3.2 2.7 11.5
v -3.2 2.7 11.4
v -3.2 2.7 11.2
v -3.2 2.7 11.1
v -3.2 2.8 11.6
v -3.2 2.8 11.5
v -3.2 2.8 11.4
v -3.2 2.8 11.2
v -3.2 2.8 11.1
v -3.2 2.8 11
v -3.2 2.9 11.7
v -3.2 2.9 11.6
v -3.2 2.9 11.5
v -3.2 2.9 11.1
v -3.2 2.9 11
v -3.2 2.9 10.9
v -3.2 3 11.8
v -3.2 3 11.7
v -3.2 3 11.6
v -3.2 3 11
v -3.2 3 10.9
v -3.2 3 10.8
v -3.2 3.1 11.9
v -3.2 3.1 11.8
v -3.2 3.1 11.7
v -3.2 3.1 10.9
v -3.2 3.1 10.8
v -3.2 3.1 10.7
v -3.2 3.2 12
v -3.2 3.2 11.9
v -3.2 3.2 11.8
v -3.2 3.2 10.8
v -3.2 3.2 10.7
v -3.2 3.2 10.6
v -3.2 3.3 12.1
v -3.2 3.3 12
v -3.2 3.3 11.9
v -3.2 3.3 10.7
v -3.2 3.3 10.6
v -3.2 3.3 10.5
v -3.2 3.4 12.3
v -3.2 3.4 12.2
v -3.2 3.4 12.1
v -3.2 3.4 12
v -3.2 3.4 10.6
v -3.2 3.4 10.5
v -3.2 3.4 10.4
v -3.2 3.4 10.3
v -3.2 3.5 12.3
v -3.2 3.5 12.2
v -3.2 3.5 10.4
v -3.2 3.5 10.3
v -3.1 2.6 11.5
v -3.1 2.6 11.4
v -3.1 2.6 11.2
v -3.1 2.6 11.1
v -3.1 2.7 11.6
v -3.1 2.7 11.5
v -3.1 2.7 11.4
v -3.1 2.7 11.2
v -3.1 2.7 11.1
v -3.1 2.7 11
v -3.1 2.8 11.7
v -3.1 2.8 11.6
v -3.1 2.8 11.5
v -3.1 2.8 11.1
v -3.1 2.8 11
v -3.1 2.8 10.9
v -3.1 2.9 11.8
v -3.1 2.9 11.7
v -3.1 2.9 11.6
v -3.1 2.9 11
v -3.1 2.9 10.9
v -3.1 2.9 10.8
v -3.1 3 11.9
v -3.1 3 11.8
v -3.1 3 11.7
v -3.1 3 10.9
v -3.1 3 10.8
v -3.1 3 10.7
v -3.1 3.1 12
v -3.1 3.1 11.9
v -3.1 3.1 11.8
v -3.1 3.1 10.8
v -3.1 3.1 10.7
v -3.1 3.1 10.6
v -3.1 3.2 12.1
v -3.1 3.2 12
v -3.1 3.2 11.9
v -3.1 3.2 10.7
v -3.1 3.2 10.6
v -3.1 3.2 10.5
v -3.1 3.3 12.2
v -3.1 3.3 12.1
v -3.1 3.3 12
v -3.1 3.3 10.6
v -3.1 3.3 10.5
v -3.1 3.3 10.4
v -3.1 3.4 12.2
v -3.1 3.4 12.1
v -3.1 3.4 10.5
v -3.1 3.4 10.4
v -3 2.2 12.4
v -3 2.2 12.3
v -3 2.2 10.3
v -3 2.2 10.2
v -3 2.3 12.4
v -3 2.3 12.3
v -3 2.3 10.3
v -3 2.3 10.2
v -3 2.4 11.4
v -3 2.4 11.2
v -3 2.5 11.5
v -3 2.5 11.4
v -3 2.5 11.2
v -3 2.5 11.1
v -3 2.6 11.6
v -3 2.6 11.5
v -3 2.6 11.4
v -3 2.6 11.2
v -3 2.6 11.1
v -3 2.6 11
v -3 2.7 11.7
v -3 2.7 11.6
v -3 2.7 11.5
v -3 2.7 11.1
v -3 2.7 11
v -3 2.7 10.9
v -3 2.8 11.8
v -3 2.8 11.7
v -3 2.8 11.6
v -3 2.8 11
v -3 2.8 10.9
v -3 2.8 10.8
v -3 2.9 11.9
v -3 2.9 11.8
v -3 2.9 11.7
v -3 2.9 10.9
v -3 2.9 10.8
v -3 2.9 10.7
v -3 3 12
v -3 3 11.9
v -3 3 11.8
v -3 3 10.8
v -3 3 10.7
v -3 3 10.6
v -3 3.1 12.1
v -3 3.1 12
v -3 3.1 11.9
v -3 3.1 10.7
v -3 3.1 10.6
v -3 3.1 10.5
v -3 3.2 12.2
v -3 3.2 12.1
v -3 3.2 12
v -3 3.2 10.6
v -3 3.2 10.5
v -3 3.2 10.4
v -3 3.3 12.3
v -3 3.3 12.2
v -3 3.3 12.1
v -3 3.3 10.5
v -3 3.3 10.4
v -3 3.3 10.3
v -3 3.4 12.4
v -3 3.4 12.3
v -3 3.4 12.2
v -3 3.4 10.4
v -3 3.4 10.3
v -3 3.4 10.2
v -3 3.5 12.4
v -3 3.5 12.3
v -3 3.5 10.3
v -3 3.5 10.2
v -2.9 2.4 11.5
v -2.9 2.4 11.4
v -2.9 2.4 11.2
v -2.9 2.4 11.1
v -2.9 2.5 11.6
v -2.9 2.5 11.5
v -2.9 2.5 11.4
v -2.9 2.5 11.2
v -2.9 2.5 11.1
v -2.9 2.5 11
v -2.9 2.6 11.7
v -2.9 2.6 11.6
v -2.9 2.6 11.5
v -2.9 2.6 11.1
v -2.9 2.6 11
v -2.9 2.6 10.9
v -2.9 2.7 11.8
v -2.9 2.7 11.7
v -2.9 2.7 11.6
v -2.9 2.7 11
v -2.9 2.7 10.9
v -2.9 2.7 10.8
v -2.9 2.8 11.9
v -2.9 2.8 11.8
v -2.9 2.8 11.7
v -2.9 2.8 10.9
v -2.9 2.8 10.8
v -2.9 2.8 10.7
v -2.9 2.9 12
v -2.9 2.9 11.9
v -2.9 2.9 11.8
v -2.9 2.9 10.8
v -2.9 2.9 10.7
v -2.9 2.9 10.6
v -2.9 3 12.1
v -2.9 3 12
v -2.9 3 11.9
v -2.9 3 10.7
v -2.9 3 10.6
v -2.9 3 10.5
v -2.9 3.1 12.2
v -2.9 3.1 12.1
v -2.9 3.1 12
v -2.9 3.1 10.6
v -2.9 3.1 10.5
v -2.9 3.1 10.4
v -2.9 3.2 12.3
v -2.9 3.2 12.2
v -2.9 3.2 12.1
v -2.9 3.2 10.5
v -2.9 3.2 10.4
v -2.9 3.2 10.3
v -2.9 3.3 12.3
v -2.9 3.3 12.2
v -2.9 3.3 10.4
v -2.9 3.3 10.3
v -2.9 3.4 11.6
v -2.9 3.4 11.5
v -2.9 3.4 11.1
v -2.9 3.4 11
v -2.9 3.7 11.6
v -2.9 3.7 11.5
v -2.9 3.7 11.1
v -2.9 3.7 11
v -2.8 2.2 12.5
v -2.8 2.2 12.4
v -2.8 2.2 10.2
v -2.8 2.2 10.1
v -2.8 2.3 12.5
v -2.8 2.3 12.4
v -2.8 2.3 11.5
v -2.8 2.3 11.1
v -2.8 2.3 10.2
v -2.8 2.3 10.1
v -2.8 2.4 11.6
v -2.8 2.4 11.5
v -2.8 2.4 11.1
v -2.8 2.4 11
v -2.8 2.5 11.7
v -2.8 2.5 11.6
v -2.8 2.5 11.5
v -2.8 2.5 11.1
v -2.8 2.5 11
v -2.8 2.5 10.9
v -2.8 2.6 11.8
v -2.8 2.6 11.7
v -2.8 2.6 11.6
v -2.8 2.6 11
v -2.8 2.6 10.9
v -2.8 2.6 10.8
v -2.8 2.7 11.9
v -2.8 2.7 11.8
v -2.8 2.7 11.7
v -2.8 2.7 10.9
v -2.8 2.7 10.8
v -2.8 2.7 10.7
v -2.8 2.8 12
v -2.8 2.8 11.9
v -2.8 2.8 11.8
v -2.8 2.8 10.8
v -2.8 2.8 10.7
v -2.8 2.8 10.6
v -2.8 2.9 12.1
v -2.8 2.9 12
v -2.8 2.9 11.9
v -2.8 2.9 10.7
v -2.8 2.9 10.6
v -2.8 2.9 10.5
v -2.8 3 12.2
v -2.8 3 12.1
v -2.8 3 12
v -2.8 3 10.6
v -2.8 3 10.5
v -2.8 3 10.4
v -2.8 3.1 12.3
v -2.8 3.1 12.2
v -2.8 3.1 12.1
v -2.8 3.1 10.5
v -2.8 3.1 10.4
v -2.8 3.1 10.3
v -2.8 3.2 12.4
v -2.8 3.2 12.3
v -2.8 3.2 12.2
v -2.8 3.2 10.4
v -2.8 3.2 10.3
v -2.8 3.2 10.2
v -2.8 3.4 12.5
v -2.8 3.4 12.4
v -2.8 3.4 12.3
v -2.8 3.4 11.8
v -2.8 3.4 11.6
v -2.8 3.4 11
v -2.8 3.4 10.8
v -2.8 3.4 10.3
v -2.8 3.4 10.2
v -2.8 3.4 10.1
v -2.8 3.5 12.5
v -2.8 3.5 12.4
v -2.8 3.5 10.2
v -2.8 3.5 10.1
v -2.8 3.7 11.8
v -2.8 3.7 11.6
v -2.8 3.7 11
v -2.8 3.7 10.8
v -2.7 2.2 12.6
v -2.7 2.2 12.5
v -2.7 2.2 10.1
v -2.7 2.2 10
v -2.7 2.3 12.6
v -2.7 2.3 12.5
v -2.7 2.3 11.6
v -2.7 2.3 11.5
v -2.7 2.3 11.1
v -2.7 2.3 11
v -2.7 2.3 10.1
v -2.7 2.3 10
v -2.7 2.4 11.7
v -2.7 2.4 11.6
v -2.7 2.4 11.5
v -2.7 2.4 11.1
v -2.7 2.4 11
v -2.7 2.4 10.9
v -2.7 2.5 11.8
v -2.7 2.5 11.7
v -2.7 2.5 11.6
v -2.7 2.5 11
v -2.7 2.5 10.9
v -2.7 2.5 10.8
v -2.7 2.6 11.9
v -2.7 2.6 11.8
v -2.7 2.6 11.7
v -2.7 2.6 10.9
v -2.7 2.6 10.8
v -2.7 2.6 10.7
v -2.7 2.7 12
v -2.7 2.7 11.9
v -2.7 2.7 11.8
v -2.7 2.7 10.8
v -2.7 2.7 10.7
v -2.7 2.7 10.6
v -2.7 2.8 12.1
v -2.7 2.8 12
v -2.7 2.8 11.9
v -2.7 2.8 10.7
v -2.7 2.8 10.6
v -2.7 2.8 10.5
v -2.7 2.9 12.2
v -2.7 2.9 12.1
v -2.7 2.9 12
v -2.7 2.9 10.6
v -2.7 2.9 10.5
v -2.7 2.9 10.4
v -2.7 3 12.3
v -2.7 3 12.2
v -2.7 3 12.1
v -2.7 3 10.5
v -2.7 3 10.4
v -2.7 3 10.3
v -2.7 3.1 12.4
v -2.7 3.1 12.3
v -2.7 3.1 12.2
v -2.7 3.1 10.4
v -2.7 3.1 10.3
v -2.7 3.1 10.2
v -2.7 3.2 12.5
v -2.7 3.2 12.4
v -2.7 3.2 12.3
v -2.7 3.2 10.3
v -2.7 3.2 10.2
v -2.7 3.2 10.1
v -2.7 3.4 12.6
v -2.7 3.4 12.5
v -2.7 3.4 12.4
v -2.7 3.4 11.9
v -2.7 3.4 11.8
v -2.7 3.4 10.8
v -2.7 3.4 10.7
v -2.7 3.4 10.2
v -2.7 3.4 10.1
v -2.7 3.4 10
v -2.7 3.5 12.6
v -2.7 3.5 12.5
v -2.7 3.5 10.1
v -2.7 3.5 10
v -2.7 3.7 11.9
v -2.7 3.7 11.8
v -2.7 3.7 10.8
v -2.7 3.7 10.7
v -2.6 2.3 11.7
v -2.6 2.3 11.6
v -2.6 2.3 11
v -2.6 2.3 10.9
v -2.6 2.4 11.8
v -2.6 2.4 11.7
v -2.6 2.4 11.6
v -2.6 2.4 11
v -2.6 2.4 10.9
v -2.6 2.4 10.8
v -2.6 2.5 11.9
v -2.6 2.5 11.8
v -2.6 2.5 11.7
v -2.6 2.5 10.9
v -2.6 2.5 10.8
v -2.6 2.5 10.7
v -2.6 2.6 12
v -2.6 2.6 11.9
v -2.6 2.6 11.8
v -2.6 2.6 10.8
v -2.6 2.6 10.7
v -2.6 2.6 10.6
v -2.6 2.7 12.1
v -2.6 2.7 12
v -2.6 2.7 11.9
v -2.6 2.7 10.7
v -2.6 2.7 10.6
v -2.6 2.7 10.5
v -2.6 2.8 12.2
v -2.6 2.8 12.1
v -2.6 2.8 12
v -2.6 2.8 10.6
v -2.6 2.8 10.5
v -2.6 2.8 10.4
v -2.6 2.9 12.3
v -2.6 2.9 12.2
v -2.6 2.9 12.1
v -2.6 2.9 10.5
v -2.6 2.9 10.4
v -2.6 2.9 10.3
v -2.6 3 12.4
v -2.6 3 12.3
v -2.6 3 12.2
v -2.6 3 10.4
v -2.6 3 10.3
v -2.6 3 10.2
v -2.6 3.1 12.5
v -2.6 3.1 12.4
v -2.6 3.1 12.3
v -2.6 3.1 10.3
v -2.6 3.1 10.2
v -2.6 3.1 10.1
v -2.6 3.2 12.5
v -2.6 3.2 12.4
v -2.6 3.2 10.2
v -2.6 3.2 10.1
v -2.6 3.3 12.6
v -2.6 3.3 12.5
v -2.6 3.3 10.1
v -2.6 3.3 10
v -2.6 3.4 12.6
v -2.6 3.4 12.5
v -2.6 3.4 12
v -2.6 3.4 11.9
v -2.6 3.4 10.7
v -2.6 3.4 10.6
v -2.6 3.4 10.1
v -2.6 3.4 10
v -2.6 3.5 12
v -2.6 3.7 12
v -2.6 3.7 11.9
v -2.6 3.7 10.7
v -2.6 3.7 10.6
v -2.5 2.2 12.7
v -2.5 2.2 12.6
v -2.5 2.2 10
v -2.5 2.2 9.9
v -2.5 2.3 12.7
v -2.5 2.3 12.6
v -2.5 2.3 11.8
v -2.5 2.3 11.7
v -2.5 2.3 10.9
v -2.5 2.3 10.8
v -2.5 2.3 10
v -2.5 2.3 9.9
v -2.5 2.4 11.9
v -2.5 2.4 11.8
v -2.5 2.4 11.7
v -2.5 2.4 10.9
v -2.5 2.4 10.8
v -2.5 2.4 10.7
v -2.5 2.5 12
v -2.5 2.5 11.9
v -2.5 2.5 11.8
v -2.5 2.5 10.8
v -2.5 2.5 10.7
v -2.5 2.5 10.6
v -2.5 2.6 12.1
v -2.5 2.6 12
v -2.5 2.6 11.9
v -2.5 2.6 10.7
v -2.5 2.6 10.6
v -2.5 2.6 10.5
v -2.5 2.7 12.2
v -2.5 2.7 12.1
v -2.5 2.7 12
v -2.5 2.7 10.6
v -2.5 2.7 10.5
v -2.5 2.7 10.4
v -2.5 2.8 12.3
v -2.5 2.8 12.2
v -2.5 2.8 12.1
v -2.5 2.8 10.5
v -2.5 2.8 10.4
v -2.5 2.8 10.3
v -2.5 2.9 12.4
v -2.5 2.9 12.3
v -2.5 2.9 12.2
v -2.5 2.9 10.4
v -2.5 2.9 10.3
v -2.5 2.9 10.2
v -2.5 3 12.5
v -2.5 3 12.4
v -2.5 3 12.3
v -2.5 3 10.3
v -2.5 3 10.2
v -2.5 3 10.1
v -2.5 3.1 12.5
v -2.5 3.1 12.4
v -2.5 3.1 10.2
v -2.5 3.1 10.1
v -2.5 3.2 12.6
v -2.5 3.2 12.5
v -2.5 3.2 10.1
v -2.5 3.2 10
v -2.5 3.3 12.6
v -2.5 3.3 12.5
v -2.5 3.3 10.1
v -2.5 3.3 10
v -2.5 3.4 12.7
v -2.5 3.4 12.6
v -2.5 3.4 12.1
v -2.5 3.4 12
v -2.5 3.4 10.6
v -2.5 3.4 10.5
v -2.5 3.4 10
v -2.5 3.4 9.9
v -2.5 3.5 12.7
v -2.5 3.5 12.6
v -2.5 3.5 10
v -2.5 3.5 9.9
v -2.5 3.7 12.1
v -2.5 3.7 12
v -2.5 3.7 10.6
v -2.5 3.7 10.5
v -2.4 2.3 11.9
v -2.4 2.3 11.8
v -2.4 2.3 10.8
v -2.4 2.3 10.7
v -2.4 2.4 12
v -2.4 2.4 11.9
v -2.4 2.4 11.8
v -2.4 2.4 10.8
v -2.4 2.4 10.7
v -2.4 2.4 10.6
v -2.4 2.5 12.1
v -2.4 2.5 12
v -2.4 2.5 11.9
v -2.4 2.5 10.7
v -2.4 2.5 10.6
v -2.4 2.5 10.5
v -2.4 2.6 12.2
v -2.4 2.6 12.1
v -2.4 2.6 12
v -2.4 2.6 10.6
v -2.4 2.6 10.5
v -2.4 2.6 10.4
v -2.4 2.7 12.3
v -2.4 2.7 12.2
v -2.4 2.7 12.1
v -2.4 2.7 10.5
v -2.4 2.7 10.4
v -2.4 2.7 10.3
v -2.4 2.8 12.4
v -2.4 2.8 12.3
v -2.4 2.8 12.2
v -2.4 2.8 10.4
v -2.4 2.8 10.3
v -2.4 2.8 10.2
v -2.4 2.9 12.5
v -2.4 2.9 12.4
v -2.4 2.9 12.3
v -2.4 2.9 10.3
v -2.4 2.9 10.2
v -2.4 2.9 10.1
v -2.4 3 12.5
v -2.4 3 12.4
v -2.4 3 10.2
v -2.4 3 10.1
v -2.4 3.1 12.6
v -2.4 3.1 12.5
v -2.4 3.1 10.1
v -2.4 3.1 10
v -2.4 3.2 12.6
v -2.4 3.2 12.5
v -2.4 3.2 10.1
v -2.4 3.2 10
v -2.3 2.3 12
v -2.3 2.3 11.9
v -2.3 2.3 10.7
v -2.3 2.3 10.6
v -2.3 2.4 12.1
v -2.3 2.4 12
v -2.3 2.4 11.9
v -2.3 2.4 10.7
v -2.3 2.4 10.6
v -2.3 2.4 10.5
v -2.3 2.5 12.2
v -2.3 2.5 12.1
v -2.3 2.5 12
v -2.3 2.5 10.6
v -2.3 2.5 10.5
v -2.3 2.5 10.4
v -2.3 2.6 12.3
v -2.3 2.6 12.2
v -2.3 2.6 12.1
v -2.3 2.6 10.5
v -2.3 2.6 10.4
v -2.3 2.6 10.3
v -2.3 2.7 12.4
v -2.3 2.7 12.3
v -2.3 2.7 12.2
v -2.3 2.7 10.4
v -2.3 2.7 10.3
v -2.3 2.7 10.2
v -2.3 2.8 12.5
v -2.3 2.8 12.4
v -2.3 2.8 12.3
v -2.3 2.8 10.3
v -2.3 2.8 10.2
v -2.3 2.8 10.1
v -2.3 2.9 12.5
v -2.3 2.9 12.4
v -2.3 2.9 10.2
v -2.3 2.9 10.1
v -2.3 3 12.6
v -2.3 3 12.5
v -2.3 3 10.1
v -2.3 3 10
v -2.3 3.1 12.6
v -2.3 3.1 12.5
v -2.3 3.1 10.1
v -2.3 3.1 10
v -2.2 2.3 12.1
v -2.2 2.3 12
v -2.2 2.3 10.6
v -2.2 2.3 10.5
v -2.2 2.4 12.2
v -2.2 2.4 12.1
v -2.2 2.4 12
v -2.2 2.4 10.6
v -2.2 2.4 10.5
v -2.2 2.4 10.4
v -2.2 2.5 12.3
v -2.2 2.5 12.2
v -2.2 2.5 12.1
v -2.2 2.5 10.5
v -2.2 2.5 10.4
v -2.2 2.5 10.3
v -2.2 2.6 12.4
v -2.2 2.6 12.3
v -2.2 2.6 12.2
v -2.2 2.6 10.4
v -2.2 2.6 10.3
v -2.2 2.6 10.2
v -2.2 2.7 12.5
v -2.2 2.7 12.4
v -2.2 2.7 12.3
v -2.2 2.7 10.3
v -2.2 2.7 10.2
v -2.2 2.7 10.1
v -2.2 2.8 12.5
v -2.2 2.8 12.4
v -2.2 2.8 10.2
v -2.2 2.8 10.1
v -2.2 2.9 12.6
v -2.2 2.9 12.5
v -2.2 2.9 10.1
v -2.2 2.9 10
v -2.2 3 12.6
v -2.2 3 12.5
v -2.2 3 10.1
v -2.2 3 10
v -2.1 2.2 12.8
v -2.1 2.2 12.7
v -2.1 2.2 9.9
v -2.1 2.2 9.8
v -2.1 2.3 12.8
v -2.1 2.3 12.7
v -2.1 2.3 12.2
v -2.1 2.3 12.1
v -2.1 2.3 10.5
v -2.1 2.3 10.4
v -2.1 2.3 9.9
v -2.1 2.3 9.8
v -2.1 2.4 12.3
v -2.1 2.4 12.2
v -2.1 2.4 12.1
v -2.1 2.4 10.5
v -2.1 2.4 10.4
v -2.1 2.4 10.3
v -2.1 2.5 12.4
v -2.1 2.5 12.3
v -2.1 2.5 12.2
v -2.1 2.5 10.4
v -2.1 2.5 10.3
v -2.1 2.5 10.2
v -2.1 2.6 12.5
v -2.1 2.6 12.4
v -2.1 2.6 12.3
v -2.1 2.6 10.3
v -2.1 2.6 10.2
v -2.1 2.6 10.1
v -2.1 2.7 12.5
v -2.1 2.7 12.4
v -2.1 2.7 10.2
v -2.1 2.7 10.1
v -2.1 2.8 12.6
v -2.1 2.8 12.5
v -2.1 2.8 10.1
v -2.1 2.8 10
v -2.1 2.9 12.6
v -2.1 2.9 12.5
v -2.1 2.9 10.1
v -2.1 2.9 10
v -2.1 3.4 12.8
v -2.1 3.4 12.7
v -2.1 3.4 9.9
v -2.1 3.4 9.8
v -2.1 3.5 12.8
v -2.1 3.5 12.7
v -2.1 3.5 9.9
v -2.1 3.5 9.8
v -2 2.3 12.3
v -2 2.3 12.2
v -2 2.3 10.4
v -2 2.3 10.3
v -2 2.4 12.4
v -2 2.4 12.3
v -2 2.4 12.2
v -2 2.4 10.4
v -2 2.4 10.3
v -2 2.4 10.2
v -2 2.5 12.4
v -2 2.5 12.3
v -2 2.5 10.3
v -2 2.5 10.2
v -2 2.7 12.6
v -2 2.7 12.5
v -2 2.7 10.1
v -2 2.7 10
v -2 2.8 12.6
v -2 2.8 12.5
v -2 2.8 10.1
v -2 2.8 10
v -2 3.3 12.7
v -2 3.3 12.6
v -2 3.3 10
v -2 3.3 9.9
v -2 3.4 12.7
v -2 3.4 12.6
v -2 3.4 10
v -2 3.4 9.9
v -1.9 2.3 12.4
v -1.9 2.3 12.3
v -1.9 2.3 10.3
v -1.9 2.3 10.2
v -1.9 2.4 12.4
v -1.9 2.4 12.3
v -1.9 2.4 10.3
v -1.9 2.4 10.2
v -1.9 2.5 12.5
v -1.9 2.5 12.4
v -1.9 2.5 10.2
v -1.9 2.5 10.1
v -1.9 2.6 12.6
v -1.9 2.6 12.5
v -1.9 2.6 12.4
v -1.9 2.6 10.2
v -1.9 2.6 10.1
v -1.9 2.6 10
v -1.9 2.7 12.6
v -1.9 2.7 12.5
v -1.9 2.7 10.1
v -1.9 2.7 10
v -1.9 3.2 12.7
v -1.9 3.2 12.6
v -1.9 3.2 10
v -1.9 3.2 9.9
v -1.9 3.3 12.7
v -1.9 3.3 12.6
v -1.9 3.3 10
v -1.9 3.3 9.9
v -1.8 2.4 12.5
v -1.8 2.4 12.4
v -1.8 2.4 10.2
v -1.8 2.4 10.1
v -1.8 2.5 12.6
v -1.8 2.5 12.5
v -1.8 2.5 12.4
v -1.8 2.5 10.2
v -1.8 2.5 10.1
v -1.8 2.5 10
v -1.8 2.6 12.6
v -1.8 2.6 12.5
v -1.8 2.6 10.1
v -1.8 2.6 10
v -1.8 3.1 12.7
v -1.8 3.1 12.6
v -1.8 3.1 10
v -1.8 3.1 9.9
v -1.8 3.2 12.7
v -1.8 3.2 12.6
v -1.8 3.2 10
v -1.8 3.2 9.9
v -1.7 3 12.7
v -1.7 3 12.6
v -1.7 3 10
v -1.7 3 9.9
v -1.7 3.1 12.7
v -1.7 3.1 12.6
v -1.7 3.1 10
v -1.7 3.1 9.9
v -1.6 2.3 12.5
v -1.6 2.3 12.4
v -1.6 2.3 10.2
v -1.6 2.3 10.1
v -1.6 2.4 12.6
v -1.6 2.4 12.5
v -1.6 2.4 12.4
v -1.6 2.4 10.2
v -1.6 2.4 10.1
v -1.6 2.4 10
v -1.6 2.5 12.6
v -1.6 2.5 12.5
v -1.6 2.5 10.1
v -1.6 2.5 10
v -1.6 2.8 12.7
v -1.6 2.8 12.6
v -1.6 2.8 10
v -1.6 2.8 9.9
v -1.6 3 12.7
v -1.6 3 12.6
v -1.6 3 10
v -1.6 3 9.9
v -1.6 3.3 12.8
v -1.6 3.3 12.7
v -1.6 3.3 9.9
v -1.6 3.3 9.8
v -1.6 3.4 12.8
v -1.6 3.4 12.7
v -1.6 3.4 9.9
v -1.6 3.4 9.8
v -1.5 2.3 12.6
v -1.5 2.3 12.5
v -1.5 2.3 10.1
v -1.5 2.3 10
v -1.5 2.4 12.6
v -1.5 2.4 12.5
v -1.5 2.4 10.1
v -1.5 2.4 10
v -1.5 2.7 12.7
v -1.5 2.7 12.6
v -1.5 2.7 10
v -1.5 2.7 9.9
v -1.5 2.8 12.7
v -1.5 2.8 12.6
v -1.5 2.8 10
v -1.5 2.8 9.9
v -1.5 3.2 12.8
v -1.5 3.2 12.7
v -1.5 3.2 9.9
v -1.5 3.2 9.8
v -1.5 3.3 12.8
v -1.5 3.3 12.7
v -1.5 3.3 9.9
v -1.5 3.3 9.8
v -1.4 2.6 12.7
v -1.4 2.6 12.6
v -1.4 2.6 10
v -1.4 2.6 9.9
v -1.4 2.7 12.7
v -1.4 2.7 12.6
v -1.4 2.7 10
v -1.4 2.7 9.9
v -1.4 3.1 12.8
v -1.4 3.1 12.7
v -1.4 3.1 9.9
v -1.4 3.1 9.8
v -1.4 3.2 12.8
v -1.4 3.2 12.7
v -1.4 3.2 9.9
v -1.4 3.2 9.8
v -1.3 2.5 12.5
v -1.3 2.5 12.4
v -1.3 2.5 10.2
v -1.3 2.5 10.1
v -1.3 2.6 12.5
v -1.3 2.6 12.4
v -1.3 2.6 10.2
v -1.3 2.6 10.1
v -1.2 2.5 12.7
v -1.2 2.5 12.6
v -1.2 2.5 10
v -1.2 2.5 9.9
v -1.2 2.6 12.7
v -1.2 2.6 12.6
v -1.2 2.6 10
v -1.2 2.6 9.9
v -1.2 3 12.8
v -1.2 3 12.7
v -1.2 3 9.9
v -1.2 3 9.8
v -1.2 3.1 12.8
v -1.2 3.1 12.7
v -1.2 3.1 9.9
v -1.2 3.1 9.8
v -1 2.4 12.7
v -1 2.4 12.6
v -1 2.4 10
v -1 2.4 9.9
v -1 2.5 12.7
v -1 2.5 12.6
v -1 2.5 10
v -1 2.5 9.9
v -1 3.4 12.4
v -1 3.4 12.3
v -1 3.4 10.3
v -1 3.4 10.2
v -1 3.5 12.4
v -1 3.5 12.3
v -1 3.5 10.3
v -1 3.5 10.2
v -0.9 2.3 12.7
v -0.9 2.3 12.6
v -0.9 2.3 10
v -0.9 2.3 9.9
v -0.9 2.4 12.7
v -0.9 2.4 12.6
v -0.9 2.4 10
v -0.9 2.4 9.9
v -0.9 2.9 12.8
v -0.9 2.9 12.7
v -0.9 2.9 9.9
v -0.9 2.9 9.8
v -0.9 3 12.8
v -0.9 3 12.7
v -0.9 3 9.9
v -0.9 3 9.8
v -0.9 3.4 12.3
v -0.9 3.4 12.1
v -0.9 3.4 10.4
v -0.9 3.4 10.3
v -0.9 3.5 12.3
v -0.9 3.5 12.1
v -0.9 3.5 10.4
v -0.9 3.5 10.3
v -0.8 3.5 12.4
v -0.8 3.5 12.3
v -0.8 3.5 12.1
v -0.8 3.5 10.4
v -0.8 3.5 10.3
v -0.8 3.5 10.2
v -0.8 3.6 12.4
v -0.8 3.6 10.2
v -0.7 2.8 12.8
v -0.7 2.8 12.7
v -0.7 2.8 9.9
v -0.7 2.8 9.8
v -0.7 2.9 12.8
v -0.7 2.9 12.7
v -0.7 2.9 9.9
v -0.7 2.9 9.8
v -0.7 3.5 12.5
v -0.7 3.5 12.4
v -0.7 3.5 10.2
v -0.7 3.5 10.1
v -0.7 3.6 12.5
v -0.7 3.6 12.4
v -0.7 3.6 10.2
v -0.7 3.6 10.1
v -0.7 3.7 12.4
v -0.7 3.7 10.2
v -0.6 3.6 12.5
v -0.6 3.6 12.4
v -0.6 3.6 10.2
v -0.6 3.6 10.1
v -0.6 3.7 12.5
v -0.6 3.7 12.4
v -0.6 3.7 10.2
v -0.6 3.7 10.1
v -0.6 3.8 12.4
v -0.6 3.8 10.2
v -0.6 5.1 11.4
v -0.6 5.1 11.2
v -0.6 5.4 11.4
v -0.6 5.4 11.2
v -0.5 3.7 12.5
v -0.5 3.7 12.4
v -0.5 3.7 10.2
v -0.5 3.7 10.1
v -0.5 3.8 12.5
v -0.5 3.8 12.4
v -0.5 3.8 10.2
v -0.5 3.8 10.1
v -0.5 3.9 12.4
v -0.5 3.9 10.2
v -0.5 5 11.4
v -0.5 5 11.2
v -0.5 5.1 11.5
v -0.5 5.1 11.4
v -0.5 5.1 11.2
v -0.5 5.1 11.1
v -0.5 5.4 11.5
v -0.5 5.4 11.4
v -0.5 5.4 11.2
v -0.5 5.4 11.1
v -0.5 5.5 11.4
v -0.5 5.5 11.2
v -0.4 2.7 12.8
v -0.4 2.7 12.7
v -0.4 2.7 9.9
v -0.4 2.7 9.8
v -0.4 2.8 12.8
v -0.4 2.8 12.7
v -0.4 2.8 9.9
v -0.4 2.8 9.8
v -0.4 3.8 12.5
v -0.4 3.8 12.4
v -0.4 3.8 10.2
v -0.4 3.8 10.1
v -0.4 3.9 12.5
v -0.4 3.9 12.4
v -0.4 3.9 10.2
v -0.4 3.9 10.1
v -0.4 4 12.4
v -0.4 4 12
v -0.4 4 11.9
v -0.4 4 11.4
v -0.4 4 11.2
v -0.4 4 10.2
v -0.4 5 11.5
v -0.4 5 11.4
v -0.4 5 11.2
v -0.4 5 11.1
v -0.4 5.1 11.6
v -0.4 5.1 11.5
v -0.4 5.1 11.4
v -0.4 5.1 11.2
v -0.4 5.1 11.1
v -0.4 5.1 11
v -0.4 5.4 11.6
v -0.4 5.4 11.5
v -0.4 5.4 11.4
v -0.4 5.4 11.2
v -0.4 5.4 11.1
v -0.4 5.4 11
v -0.4 5.5 11.5
v -0.4 5.5 11.4
v -0.4 5.5 11.2
v -0.4 5.5 11.1
v -0.4 6 12
v -0.4 6 11.9
v -0.3 3.9 12.5
v -0.3 3.9 12.4
v -0.3 3.9 10.2
v -0.3 3.9 10.1
v -0.3 4 12.4
v -0.3 4 10.2
v -0.3 4.5 12.5
v -0.3 4.5 12.4
v -0.3 4.5 12
v -0.3 4.5 11.9
v -0.3 4.5 11.4
v -0.3 4.5 11.2
v -0.3 4.5 10.2
v -0.3 4.5 10.1
v -0.3 4.6 12.5
v -0.3 4.6 12.1
v -0.3 4.6 10.5
v -0.3 4.6 10.1
v -0.3 4.7 12.1
v -0.3 4.7 12
v -0.3 4.7 11.9
v -0.3 4.7 11.6
v -0.3 4.7 11
v -0.3 4.7 10.5
v -0.3 4.8 11.6
v -0.3 4.8 11.4
v -0.3 4.8 11.2
v -0.3 4.8 11
v -0.2 2.6 12.8
v -0.2 2.6 12.7
v -0.2 2.6 9.9
v -0.2 2.6 9.8
v -0.2 2.7 12.8
v -0.2 2.7 12.7
v -0.2 2.7 9.9
v -0.2 2.7 9.8
v -0.2 3 12.3
v -0.2 3 12.2
v -0.2 3 10.4
v -0.2 3 10.3
v -0.2 3.4 10.3
v -0.2 3.5 12.3
v -0.2 3.5 12.2
v -0.2 3.5 10.4
v -0.2 3.5 10.3
v -0.2 5.7 12
v -0.2 5.7 11.9
v -0.2 5.8 12
v -0.2 5.8 11.9
v 0 4.8 11.5
v 0 4.8 11.4
v 0 4.8 11.2
v 0 4.8 11.1
v 0 4.9 11.5
v 0 4.9 11.4
v 0 4.9 11.2
v 0 4.9 11.1
v 0.0999999 2.5 12.8
v 0.0999999 2.5 12.7
v 0.0999999 2.5 9.9
v 0.0999999 2.5 9.8
v 0.0999999 2.6 12.8
v 0.0999999 2.6 12.7
v 0.0999999 2.6 9.9
v 0.0999999 2.6 9.8
v 0.0999999 4.8 11.6
v 0.0999999 4.8 11.5
v 0.0999999 4.8 11.1
v 0.0999999 4.8 11
v 0.0999999 4.9 11.6
v 0.0999999 4.9 11.5
v 0.0999999 4.9 11.1
v 0.0999999 4.9 11
v 0.3 3.5 12.5
v 0.3 3.5 12.4
v 0.3 3.5 10.2
v 0.3 3.5 10.1
v 0.3 4 12.4
v 0.3 4 10.2
v 0.3 4.2 12.5
v 0.3 4.2 12.4
v 0.3 4.2 10.2
v 0.3 4.2 10.1
v 0.3 4.3 12.5
v 0.3 4.3 12.4
v 0.3 4.3 10.2
v 0.3 4.3 10.1
v 0.3 4.5 12.5
v 0.3 4.5 12.4
v 0.3 4.5 10.2
v 0.3 4.5 10.1
v 0.3 4.7 11.7
v 0.3 4.7 11.6
v 0.3 4.7 11
v 0.3 4.7 10.9
v 0.3 4.8 11.6
v 0.3 4.8 11
v 0.3 4.9 11.7
v 0.3 4.9 11.6
v 0.3 4.9 11
v 0.3 4.9 10.9
v 0.4 2.4 12.8
v 0.4 2.4 12.7
v 0.4 2.4 9.9
v 0.4 2.4 9.8
v 0.4 2.5 12.8
v 0.4 2.5 12.7
v 0.4 2.5 9.9
v 0.4 2.5 9.8
v 0.7 2.3 12.8
v 0.7 2.3 12.7
v 0.7 2.3 9.9
v 0.7 2.3 9.8
v 0.7 2.4 12.8
v 0.7 2.4 12.7
v 0.7 2.4 9.9
v 0.7 2.4 9.8
v 0.8 3.5 12.5
v 0.8 3.5 12.4
v 0.8 3.5 10.2
v 0.8 3.5 10.1
v 0.8 4 12.4
v 0.8 4 10.2
v 0.8 4.2 12.5
v 0.8 4.2 12.4
v 0.8 4.2 10.2
v 0.8 4.2 10.1
v 0.8 4.3 12.5
v 0.8 4.3 12.4
v 0.8 4.3 10.2
v 0.8 4.3 10.1
v 0.8 4.5 12.5
v 0.8 4.5 12.4
v 0.8 4.5 10.2
v 0.8 4.5 10.1
v 1.1 4.3 12.5
v 1.1 4.3 12.4
v 1.1 4.3 10.2
v 1.1 4.3 10.1
v 1.1 4.4 12.5
v 1.1 4.4 12.4
v 1.1 4.4 10.2
v 1.1 4.4 10.1
v 1.3 3.4 10.6
v 1.3 3.4 10.4
v 1.3 3.5 10.4
v 1.3 3.5 10.3
v 1.3 3.6 10.6
v 1.3 3.6 10.3
v 1.4 3 10.3
v 1.4 3 10.2
v 1.4 3.1 10.3
v 1.4 3.1 10.2
v 1.4 3.4 10.7
v 1.4 3.4 10.6
v 1.4 3.4 10.2
v 1.4 3.5 10.2
v 1.4 3.6 10.7
v 1.4 3.6 10.6
v 1.4 3.6 10.3
v 1.4 3.6 10.2
v 1.4 4.4 12.5
v 1.4 4.4 12.4
v 1.4 4.4 10.2
v 1.4 4.4 10.1
v 1.4 4.5 12.5
v 1.4 4.5 12.4
v 1.4 4.5 10.2
v 1.4 4.5 10.1
v 1.5 3.4 10.8
v 1.5 3.4 10.7
v 1.5 3.5 10.2
v 1.5 3.5 10.1
v 1.5 3.6 10.8
v 1.5 3.6 10.7
v 1.5 3.6 10.2
v 1.5 3.6 10.1
v 2 3.4 12.2
v 2 3.4 12
v 2 3.5 12.3
v 2 3.5 12.2
v 2 3.6 12.3
v 2 3.6 12
v 2.1 3 12.4
v 2.1 3 12.3
v 2.1 3.4 12.4
v 2.1 3.4 12
v 2.1 3.4 11.9
v 2.1 3.5 12.4
v 2.1 3.6 12.4
v 2.1 3.6 12.3
v 2.1 3.6 12
v 2.1 3.6 11.9
v 2.2 3.4 11.9
v 2.2 3.4 11.8
v 2.2 3.5 12.5
v 2.2 3.5 12.4
v 2.2 3.6 12.5
v 2.2 3.6 12.4
v 2.2 3.6 11.9
v 2.2 3.6 11.8
v 3.1 3.4 11.5
v 3.1 3.4 11.4
v 3.1 3.4 11.2
v 3.1 3.4 11.1
v 3.1 3.6 11.5
v 3.1 3.6 11.4
v 3.1 3.6 11.2
v 3.1 3.6 11.1
v 3.2 3.4 11.7
v 3.2 3.4 11.6
v 3.2 3.4 11.5
v 3.2 3.4 11.1
v 3.2 3.4 11
v 3.2 3.4 10.9
v 3.2 3.6 11.7
v 3.2 3.6 11.6
v 3.2 3.6 11.5
v 3.2 3.6 11.1
v 3.2 3.6 11
v 3.2 3.6 10.9
v 3.3 3.4 11.8
v 3.3 3.4 11.7
v 3.3 3.4 10.9
v 3.3 3.4 10.8
v 3.3 3.6 11.8
v 3.3 3.6 11.7
v 3.3 3.6 10.9
v 3.3 3.6 10.8
v 3.8 3.4 12.2
v 3.8 3.4 11.8
v 3.8 3.4 10.8
v 3.8 3.4 10.4
v 3.8 3.5 12.2
v 3.8 3.5 11.8
v 3.8 3.5 10.8
v 3.8 3.5 10.4
v 4.1 3 12.4
v 4.1 3 11.7
v 4.1 3 10.9
v 4.1 3 10.2
v 4.1 3.4 12.4
v 4.1 3.4 10.2
v 4.1 3.5 12.4
v 4.1 3.5 11.7
v 4.1 3.5 10.9
v 4.1 3.5 10.2
v -3.5 3.4 11.4
v -3.5 3.4 11.2
v -3.5 3.5 11.4
v -3.5 3.5 11.2
v -3.4 3.4 11.5
v -3.4 3.4 11.4
v -3.4 3.4 11.2
v -3.4 3.4 11.1
v -3.4 3.5 11.5
v -3.4 3.5 11.4
v -3.4 3.5 11.2
v -3.4 3.5 11.1
v -3.3 3.4 11.6
v -3.3 3.4 11.5
v -3.3 3.4 11.1
v -3.3 3.4 11
v -3.3 3.5 11.6
v -3.3 3.5 11.5
v -3.3 3.5 11.1
v -3.3 3.5 11
v -3.2 3.4 11.7
v -3.2 3.4 11.6
v -3.2 3.4 11
v -3.2 3.4 10.9
v -3.2 3.5 11.7
v -3.2 3.5 11.6
v -3.2 3.5 11
v -3.2 3.5 10.9
v -3.1 3.4 11.8
v -3.1 3.4 11.7
v -3.1 3.4 10.9
v -3.1 3.4 10.8
v -3.1 3.5 11.8
v -3.1 3.5 11.7
v -3.1 3.5 10.9
v -3.1 3.5 10.8
v -2.9 3.4 11.9
v -2.9 3.4 11.8
v -2.9 3.4 10.8
v -2.9 3.4 10.7
v -2.9 3.5 11.9
v -2.9 3.5 11.8
v -2.9 3.5 10.8
v -2.9 3.5 10.7
v -2.8 3.4 12
v -2.8 3.4 11.9
v -2.8 3.4 10.7
v -2.8 3.4 10.6
v -2.8 3.5 12
v -2.8 3.5 11.9
v -2.8 3.5 10.7
v -2.8 3.5 10.6
v -2.7 3.4 10.6
v -2.7 3.4 10.5
v -2.7 3.5 10.6
v -2.7 3.5 10.5
v -2.6 3.4 12.2
v -2.6 3.4 12.1
v -2.6 3.4 12
v -2.6 3.4 10.5
v -2.6 3.4 10.4
v -2.6 3.5 12.2
v -2.6 3.5 12.1
v -2.6 3.5 12
v -2.6 3.5 10.5
v -2.6 3.5 10.4
v -2.2 3.4 12.3
v -2.2 3.4 12.2
v -2.2 3.4 10.4
v -2.2 3.4 10.3
v -2.2 3.5 12.3
v -2.2 3.5 12.2
v -2.2 3.5 10.4
v -2.2 3.5 10.3
v -1.9 3.4 12.4
v -1.9 3.4 12.3
v -1.9 3.4 10.3
v -1.9 3.4 10.2
v -1.9 3.5 12.4
v -1.9 3.5 12.3
v -1.9 3.5 10.3
v -1.9 3.5 10.2
v -1.6 3.4 12.1
v -1.6 3.4 12
v -1.6 3.4 10.6
v -1.6 3.4 10.5
v -1.6 3.7 12.1
v -1.6 3.7 12
v -1.6 3.7 10.6
v -1.6 3.7 10.5
v -1.5 3.4 12
v -1.5 3.4 11.9
v -1.5 3.4 10.7
v -1.5 3.4 10.6
v -1.5 3.7 12
v -1.5 3.7 11.9
v -1.5 3.7 10.7
v -1.5 3.7 10.6
v -1.4 2.5 12.5
v -1.4 2.5 12.4
v -1.4 2.5 10.2
v -1.4 2.5 10.1
v -1.4 2.6 12.5
v -1.4 2.6 12.4
v -1.4 2.6 10.2
v -1.4 2.6 10.1
v -1.4 3.4 11.9
v -1.4 3.4 11.8
v -1.4 3.4 10.8
v -1.4 3.4 10.7
v -1.4 3.7 11.9
v -1.4 3.7 11.8
v -1.4 3.7 10.8
v -1.4 3.7 10.7
v -1.3 3.4 11.8
v -1.3 3.4 11.6
v -1.3 3.4 11
v -1.3 3.4 10.8
v -1.3 3.7 11.8
v -1.3 3.7 11.6
v -1.3 3.7 11
v -1.3 3.7 10.8
v -1.2 3.4 11.6
v -1.2 3.4 11
v -1.2 3.7 11.6
v -1.2 3.7 11
v -0.3 3 12.3
v -0.3 3 12.2
v -0.3 3 10.4
v -0.3 3 10.3
v -0.3 3.4 10.3
v -0.3 3.5 12.3
v -0.3 3.5 12.2
v -0.3 3.5 10.4
v -0.3 3.5 10.3
v -0.3 4 12.3
v -0.3 4 12
v -0.3 4 11.9
v -0.3 4 11.4
v -0.3 4 11.2
v -0.3 4 10.3
v -0.3 4.5 12
v -0.3 4.5 11.9
v -0.3 4.5 11.4
v -0.3 4.5 11.2
v -0.3 4.7 12
v -0.3 4.7 11.9
v -0.3 4.8 11.4
v -0.3 4.8 11.2
v -0.3 5 11.4
v -0.3 5 11.2
v -0.3 5.6 12
v -0.3 5.6 11.9
v -0.3 5.7 12
v -0.3 5.7 11.9
v -0.3 6 12
v -0.3 6 11.9
v -0.2 3.4 12.2
v -0.2 3.4 10.4
v -0.2 3.5 12.5
v -0.2 3.5 12.4
v -0.2 3.5 12.2
v -0.2 3.5 10.4
v -0.2 3.5 10.2
v -0.2 3.5 10.1
v -0.2 4 12.4
v -0.2 4 10.2
v -0.2 4.2 12.5
v -0.2 4.2 12.4
v -0.2 4.2 10.2
v -0.2 4.2 10.1
v -0.2 4.3 12.5
v -0.2 4.3 12.4
v -0.2 4.3 10.2
v -0.2 4.3 10.1
v -0.2 4.5 12.5
v -0.2 4.5 12.4
v -0.2 4.5 10.2
v -0.2 4.5 10.1
v -0.2 5 11.5
v -0.2 5 11.4
v -0.2 5 11.2
v -0.2 5 11.1
v -0.2 5.1 11.6
v -0.2 5.1 11.5
v -0.2 5.1 11.4
v -0.2 5.1 11.2
v -0.2 5.1 11.1
v -0.2 5.1 11
v -0.2 5.4 11.6
v -0.2 5.4 11.5
v -0.2 5.4 11.4
v -0.2 5.4 11.2
v -0.2 5.4 11.1
v -0.2 5.4 11
v -0.2 5.5 11.5
v -0.2 5.5 11.4
v -0.2 5.5 11.2
v -0.2 5.5 11.1
v -0.0999999 5 11.4
v -0.0999999 5 11.2
v -0.0999999 5.1 11.5
v -0.0999999 5.1 11.4
v -0.0999999 5.1 11.2
v -0.0999999 5.1 11.1
v -0.0999999 5.4 11.5
v -0.0999999 5.4 11.4
v -0.0999999 5.4 11.2
v -0.0999999 5.4 11.1
v -0.0999999 5.5 11.4
v -0.0999999 5.5 11.2
v -0.0999999 5.6 12
v -0.0999999 5.6 11.9
v -0.0999999 5.8 12
v -0.0999999 5.8 11.9
v 0 5.1 11.4
v 0 5.1 11.2
v 0 5.4 11.4
v 0 5.4 11.2
v 0.4 3.5 12.5
v 0.4 3.5 12.4
v 0.4 3.5 10.2
v 0.4 3.5 10.1
v 0.4 4 12.4
v 0.4 4 10.2
v 0.4 4.2 12.5
v 0.4 4.2 12.4
v 0.4 4.2 10.2
v 0.4 4.2 10.1
v 0.4 4.3 12.5
v 0.4 4.3 12.4
v 0.4 4.3 10.2
v 0.4 4.3 10.1
v 0.4 4.5 12.5
v 0.4 4.5 12.4
v 0.4 4.5 10.2
v 0.4 4.5 10.1
v 0.4 4.7 11.7
v 0.4 4.7 11.6
v 0.4 4.7 11
v 0.4 4.7 10.9
v 0.4 4.8 11.6
v 0.4 4.8 11
v 0.4 4.9 11.7
v 0.4 4.9 11.6
v 0.4 4.9 11
v 0.4 4.9 10.9
v 0.6 4.8 11.6
v 0.6 4.8 11.5
v 0.6 4.8 11.1
v 0.6 4.8 11
v 0.6 4.9 11.6
v 0.6 4.9 11.5
v 0.6 4.9 11.1
v 0.6 4.9 11
v 0.7 4.8 11.5
v 0.7 4.8 11.4
v 0.7 4.8 11.2
v 0.7 4.8 11.1
v 0.7 4.9 11.5
v 0.7 4.9 11.4
v 0.7 4.9 11.2
v 0.7 4.9 11.1
v 0.8 3.9 12.4
v 0.8 3.9 12.3
v 0.8 3.9 10.3
v 0.8 3.9 10.2
v 0.8 4 12.4
v 0.8 4 12.3
v 0.8 4 10.3
v 0.8 4 10.2
v 0.9 3.5 12.5
v 0.9 3.5 12.3
v 0.9 3.5 10.3
v 0.9 3.5 10.1
v 0.9 3.9 12.4
v 0.9 3.9 12.3
v 0.9 3.9 10.3
v 0.9 3.9 10.2
v 0.9 4.2 12.5
v 0.9 4.2 12.4
v 0.9 4.2 10.2
v 0.9 4.2 10.1
v 0.9 4.3 12.5
v 0.9 4.3 12.4
v 0.9 4.3 10.2
v 0.9 4.3 10.1
v 0.9 4.5 12.5
v 0.9 4.5 12.4
v 0.9 4.5 10.2
v 0.9 4.5 10.1
v 1 3 10.3
v 1 3 10.2
v 1 3.4 10.3
v 1 3.4 10.2
v 1 3.5 10.3
v 1 3.5 10.2
v 1.1 3 12.4
v 1.1 3 12.3
v 1.1 3.4 12.4
v 1.1 3.4 12.3
v 1.1 3.5 12.4
v 1.1 3.5 12.3
v 1.2 4.2 12.5
v 1.2 4.2 12.4
v 1.2 4.2 10.2
v 1.2 4.2 10.1
v 1.2 4.3 12.5
v 1.2 4.3 12.4
v 1.2 4.3 10.2
v 1.2 4.3 10.1
v 1.5 4.3 12.5
v 1.5 4.3 12.4
v 1.5 4.3 10.2
v 1.5 4.3 10.1
v 1.5 4.5 12.5
v 1.5 4.5 12.4
v 1.5 4.5 10.2
v 1.5 4.5 10.1
v 1.5 4.6 12.5
v 1.5 4.6 12.1
v 1.5 4.6 10.5
v 1.5 4.6 10.1
v 1.5 4.7 12.1
v 1.5 4.7 11.6
v 1.5 4.7 11
v 1.5 4.7 10.5
v 1.5 4.8 11.6
v 1.5 4.8 11
v 1.8 3.4 10.8
v 1.8 3.4 10.7
v 1.8 3.5 10.2
v 1.8 3.5 10.1
v 1.8 3.6 10.8
v 1.8 3.6 10.7
v 1.8 3.6 10.2
v 1.8 3.6 10.1
v 1.9 3 10.3
v 1.9 3 10.2
v 1.9 3.1 10.3
v 1.9 3.1 10.2
v 1.9 3.4 10.7
v 1.9 3.4 10.6
v 1.9 3.4 10.2
v 1.9 3.5 10.2
v 1.9 3.6 10.7
v 1.9 3.6 10.6
v 1.9 3.6 10.3
v 1.9 3.6 10.2
v 2 3.4 10.6
v 2 3.4 10.4
v 2 3.5 10.4
v 2 3.5 10.3
v 2 3.6 10.6
v 2 3.6 10.3
v 2.5 3.4 11.9
v 2.5 3.4 11.8
v 2.5 3.5 12.5
v 2.5 3.5 12.4
v 2.5 3.6 12.5
v 2.5 3.6 12.4
v 2.5 3.6 11.9
v 2.5 3.6 11.8
v 2.6 3 12.4
v 2.6 3 12.3
v 2.6 3.4 12.4
v 2.6 3.4 12
v 2.6 3.4 11.9
v 2.6 3.5 12.4
v 2.6 3.6 12.4
v 2.6 3.6 12.3
v 2.6 3.6 12
v 2.6 3.6 11.9
v 2.7 3.4 12.2
v 2.7 3.4 12
v 2.7 3.5 12.3
v 2.7 3.5 12.2
v 2.7 3.6 12.3
v 2.7 3.6 12
v 3.8 3 12.3
v 3.8 3 12.2
v 3.8 3 10.4
v 3.8 3 10.3
v 3.8 3.5 12.3
v 3.8 3.5 12.2
v 3.8 3.5 10.4
v 3.8 3.5 10.3
v 3.9 3 12.2
v 3.9 3 11.8
v 3.9 3 10.8
v 3.9 3 10.4
v 3.9 3.5 12.2
v 3.9 3.5 11.8
v 3.9 3.5 10.8
v 3.9 3.5 10.4
v 4 3 11.8
v 4 3 11.7
v 4 3 10.9
v 4 3 10.8
v 4 3.6 11.8
v 4 3.6 11.7
v 4 3.6 10.9
v 4 3.6 10.8
v 4.1 3.5 11.7
v 4.1 3.5 11.6
v 4.1 3.5 11
v 4.1 3.5 10.9
v 4.1 3.6 11.7
v 4.1 3.6 11.6
v 4.1 3.6 11
v 4.1 3.6 10.9
v 4.2 3.5 11.6
v 4.2 3.5 11.5
v 4.2 3.5 11.1
v 4.2 3.5 11
v 4.2 3.6 11.6
v 4.2 3.6 11.5
v 4.2 3.6 11.1
v 4.2 3.6 11
v 4.3 2.2 12.8
v 4.3 2.2 9.8
v 4.3 2.3 12.8
v 4.3 2.3 9.8
v 4.3 2.7 12.8
v 4.3 2.7 9.8
v 4.3 3.5 12.8
v 4.3 3.5 9.8
v -2.1 2.2 12.8
v -2.1 2.3 12.8
v -2.1 3.4 12.8
v -2.1 3.5 12.8
v -1.6 3.3 12.8
v -1.6 3.4 12.8
v -1.5 3.2 12.8
v -1.5 3.3 12.8
v -1.4 3.1 12.8
v -1.4 3.2 12.8
v -1.2 3 12.8
v -1.2 3.1 12.8
v -0.9 2.9 12.8
v -0.9 3 12.8
v -0.7 2.8 12.8
v -0.7 2.9 12.8
v -0.4 2.7 12.8
v -0.4 2.8 12.8
v -0.2 2.6 12.8
v -0.2 2.7 12.8
v 0.0999999 2.5 12.8
v 0.0999999 2.6 12.8
v 0.4 2.4 12.8
v 0.4 2.5 12.8
v 0.7 2.3 12.8
v 0.7 2.4 12.8
v 4.3 2.2 12.8
v 4.3 2.3 12.8
v 4.3 2.7 12.8
v 4.3 3.5 12.8
v -2.5 2.2 12.7
v -2.5 2.3 12.7
v -2.5 3.4 12.7
v -2.5 3.5 12.7
v -2.1 2.2 12.7
v -2.1 2.3 12.7
v -2.1 3.4 12.7
v -2.1 3.5 12.7
v -2 3.3 12.7
v -2 3.4 12.7
v -1.9 3.2 12.7
v -1.9 3.3 12.7
v -1.8 3.1 12.7
v -1.8 3.2 12.7
v -1.7 3 12.7
v -1.7 3.1 12.7
v -1.6 2.8 12.7
v -1.6 3 12.7
v -1.6 3.3 12.7
v -1.6 3.4 12.7
v -1.5 2.7 12.7
v -1.5 2.8 12.7
v -1.5 3.2 12.7
v -1.5 3.3 12.7
v -1.4 2.6 12.7
v -1.4 2.7 12.7
v -1.4 3.1 12.7
v -1.4 3.2 12.7
v -1.2 2.5 12.7
v -1.2 2.6 12.7
v -1.2 3 12.7
v -1.2 3.1 12.7
v -1 2.4 12.7
v -1 2.5 12.7
v -0.9 2.3 12.7
v -0.9 2.4 12.7
v -0.9 2.9 12.7
v -0.9 3 12.7
v -0.7 2.8 12.7
v -0.7 2.9 12.7
v -0.4 2.7 12.7
v -0.4 2.8 12.7
v -0.2 2.6 12.7
v -0.2 2.7 12.7
v 0.0999999 2.5 12.7
v 0.0999999 2.6 12.7
v 0.4 2.4 12.7
v 0.4 2.5 12.7
v 0.7 2.3 12.7
v 0.7 2.4 12.7
v -2.7 2.2 12.6
v -2.7 2.3 12.6
v -2.7 3.4 12.6
v -2.7 3.5 12.6
v -2.6 3.3 12.6
v -2.6 3.4 12.6
v -2.5 2.2 12.6
v -2.5 2.3 12.6
v -2.5 3.2 12.6
v -2.5 3.3 12.6
v -2.5 3.4 12.6
v -2.5 3.5 12.6
v -2.4 3.1 12.6
v -2.4 3.2 12.6
v -2.3 3 12.6
v -2.3 3.1 12.6
v -2.2 2.9 12.6
v -2.2 3 12.6
v -2.1 2.8 12.6
v -2.1 2.9 12.6
v -2 2.7 12.6
v -2 2.8 12.6
v -2 3.3 12.6
v -2 3.4 12.6
v -1.9 2.6 12.6
v -1.9 2.7 12.6
v -1.9 3.2 12.6
v -1.9 3.3 12.6
v -1.8 2.5 12.6
v -1.8 2.6 12.6
v -1.8 3.1 12.6
v -1.8 3.2 12.6
v -1.7 3 12.6
v -1.7 3.1 12.6
v -1.6 2.4 12.6
v -1.6 2.5 12.6
v -1.6 2.8 12.6
v -1.6 3 12.6
v -1.5 2.3 12.6
v -1.5 2.4 12.6
v -1.5 2.7 12.6
v -1.5 2.8 12.6
v -1.4 2.6 12.6
v -1.4 2.7 12.6
v -1.2 2.5 12.6
v -1.2 2.6 12.6
v -1 2.4 12.6
v -1 2.5 12.6
v -0.9 2.3 12.6
v -0.9 2.4 12.6
v -2.8 2.2 12.5
v -2.8 2.3 12.5
v -2.8 3.4 12.5
v -2.8 3.5 12.5
v -2.7 2.2 12.5
v -2.7 2.3 12.5
v -2.7 3.2 12.5
v -2.7 3.4 12.5
v -2.7 3.5 12.5
v -2.6 3.1 12.5
v -2.6 3.2 12.5
v -2.6 3.3 12.5
v -2.6 3.4 12.5
v -2.5 3 12.5
v -2.5 3.1 12.5
v -2.5 3.2 12.5
v -2.5 3.3 12.5
v -2.4 2.9 12.5
v -2.4 3 12.5
v -2.4 3.1 12.5
v -2.4 3.2 12.5
v -2.3 2.8 12.5
v -2.3 2.9 12.5
v -2.3 3 12.5
v -2.3 3.1 12.5
v -2.2 2.7 12.5
v -2.2 2.8 12.5
v -2.2 2.9 12.5
v -2.2 3 12.5
v -2.1 2.6 12.5
v -2.1 2.7 12.5
v -2.1 2.8 12.5
v -2.1 2.9 12.5
v -2 2.7 12.5
v -2 2.8 12.5
v -1.9 2.5 12.5
v -1.9 2.6 12.5
v -1.9 2.7 12.5
v -1.8 2.4 12.5
v -1.8 2.5 12.5
v -1.8 2.6 12.5
v -1.6 2.3 12.5
v -1.6 2.4 12.5
v -1.6 2.5 12.5
v -1.5 2.3 12.5
v -1.5 2.4 12.5
v -0.7 3.5 12.5
v -0.7 3.6 12.5
v -0.6 3.6 12.5
v -0.6 3.7 12.5
v -0.5 3.7 12.5
v -0.5 3.8 12.5
v -0.4 3.8 12.5
v -0.4 3.9 12.5
v -0.3 3.9 12.5
v -0.3 4.5 12.5
v -0.3 4.6 12.5
v -0.2 3.5 12.5
v -0.2 4.2 12.5
v -0.2 4.3 12.5
v -0.2 4.5 12.5
v 0.3 3.5 12.5
v 0.3 4.2 12.5
v 0.3 4.3 12.5
v 0.3 4.5 12.5
v 0.4 3.5 12.5
v 0.4 4.2 12.5
v 0.4 4.3 12.5
v 0.4 4.5 12.5
v 0.8 3.5 12.5
v 0.8 4.2 12.5
v 0.8 4.3 12.5
v 0.8 4.5 12.5
v 0.9 3.5 12.5
v 0.9 4.2 12.5
v 0.9 4.3 12.5
v 0.9 4.5 12.5
v 1.1 4.3 12.5
v 1.1 4.4 12.5
v 1.2 4.2 12.5
v 1.2 4.3 12.5
v 1.4 4.4 12.5
v 1.4 4.5 12.5
v 1.5 4.3 12.5
v 1.5 4.5 12.5
v 1.5 4.6 12.5
v 2.2 3.5 12.5
v 2.2 3.6 12.5
v 2.5 3.5 12.5
v 2.5 3.6 12.5
v -3 2.2 12.4
v -3 2.3 12.4
v -3 3.4 12.4
v -3 3.5 12.4
v -2.8 2.2 12.4
v -2.8 2.3 12.4
v -2.8 3.2 12.4
v -2.8 3.4 12.4
v -2.8 3.5 12.4
v -2.7 3.1 12.4
v -2.7 3.2 12.4
v -2.7 3.4 12.4
v -2.6 3 12.4
v -2.6 3.1 12.4
v -2.6 3.2 12.4
v -2.5 2.9 12.4
v -2.5 3 12.4
v -2.5 3.1 12.4
v -2.4 2.8 12.4
v -2.4 2.9 12.4
v -2.4 3 12.4
v -2.3 2.7 12.4
v -2.3 2.8 12.4
v -2.3 2.9 12.4
v -2.2 2.6 12.4
v -2.2 2.7 12.4
v -2.2 2.8 12.4
v -2.1 2.5 12.4
v -2.1 2.6 12.4
v -2.1 2.7 12.4
v -2 2.4 12.4
v -2 2.5 12.4
v -1.9 2.3 12.4
v -1.9 2.4 12.4
v -1.9 2.5 12.4
v -1.9 2.6 12.4
v -1.8 2.4 12.4
v -1.8 2.5 12.4
v -1.6 2.3 12.4
v -1.6 2.4 12.4
v -1.4 2.5 12.4
v -1.4 2.6 12.4
v -1.3 2.5 12.4
v -1.3 2.6 12.4
v -0.8 3.5 12.4
v -0.8 3.6 12.4
v -0.7 3.5 12.4
v -0.7 3.6 12.4
v -0.7 3.7 12.4
v -0.6 3.6 12.4
v -0.6 3.7 12.4
v -0.6 3.8 12.4
v -0.5 3.7 12.4
v -0.5 3.8 12.4
v -0.5 3.9 12.4
v -0.4 3.8 12.4
v -0.4 3.9 12.4
v -0.4 4 12.4
v -0.3 3.9 12.4
v -0.3 4 12.4
v -0.2 3.5 12.4
v -0.2 4 12.4
v -0.0999999 3.5 12.4
v 0.3 3.5 12.4
v 0.3 4 12.4
v 0.4 3.5 12.4
v 0.4 4 12.4
v 0.8 3.5 12.4
v 0.8 4 12.4
v 2.1 3.5 12.4
v 2.1 3.6 12.4
v 2.2 3.5 12.4
v 2.2 3.6 12.4
v 2.5 3.5 12.4
v 2.5 3.6 12.4
v 2.6 3.5 12.4
v 2.6 3.6 12.4
v -3.2 2.2 12.3
v -3.2 2.3 12.3
v -3.2 3.4 12.3
v -3.2 3.5 12.3
v -3 2.2 12.3
v -3 2.3 12.3
v -3 3.3 12.3
v -3 3.4 12.3
v -3 3.5 12.3
v -2.9 3.2 12.3
v -2.9 3.3 12.3
v -2.8 3.1 12.3
v -2.8 3.2 12.3
v -2.8 3.4 12.3
v -2.7 3 12.3
v -2.7 3.1 12.3
v -2.7 3.2 12.3
v -2.6 2.9 12.3
v -2.6 3 12.3
v -2.6 3.1 12.3
v -2.5 2.8 12.3
v -2.5 2.9 12.3
v -2.5 3 12.3
v -2.4 2.7 12.3
v -2.4 2.8 12.3
v -2.4 2.9 12.3
v -2.3 2.6 12.3
v -2.3 2.7 12.3
v -2.3 2.8 12.3
v -2.2 2.5 12.3
v -2.2 2.6 12.3
v -2.2 2.7 12.3
v -2.1 2.4 12.3
v -2.1 2.5 12.3
v -2.1 2.6 12.3
v -2 2.3 12.3
v -2 2.4 12.3
v -2 2.5 12.3
v -1.9 2.3 12.3
v -1.9 2.4 12.3
v 1.1 3 12.3
v 1.1 3.4 12.3
v 1.1 3.5 12.3
v 2 3 12.3
v 2 3.5 12.3
v 2 3.6 12.3
v 2.1 3 12.3
v 2.1 3.6 12.3
v 2.6 3 12.3
v 2.6 3.6 12.3
v 2.7 3 12.3
v 2.7 3.5 12.3
v 2.7 3.6 12.3
v 3.8 3 12.3
v 3.8 3.5 12.3
v -3.3 2.2 12.2
v -3.3 2.3 12.2
v -3.3 3.4 12.2
v -3.3 3.5 12.2
v -3.2 2.2 12.2
v -3.2 2.3 12.2
v -3.2 3.4 12.2
v -3.2 3.5 12.2
v -3.1 3.3 12.2
v -3.1 3.4 12.2
v -3 3.2 12.2
v -3 3.3 12.2
v -3 3.4 12.2
v -2.9 3.1 12.2
v -2.9 3.2 12.2
v -2.9 3.3 12.2
v -2.8 3 12.2
v -2.8 3.1 12.2
v -2.8 3.2 12.2
v -2.7 2.9 12.2
v -2.7 3 12.2
v -2.7 3.1 12.2
v -2.6 2.8 12.2
v -2.6 2.9 12.2
v -2.6 3 12.2
v -2.5 2.7 12.2
v -2.5 2.8 12.2
v -2.5 2.9 12.2
v -2.4 2.6 12.2
v -2.4 2.7 12.2
v -2.4 2.8 12.2
v -2.3 2.5 12.2
v -2.3 2.6 12.2
v -2.3 2.7 12.2
v -2.2 2.4 12.2
v -2.2 2.5 12.2
v -2.2 2.6 12.2
v -2.1 2.3 12.2
v -2.1 2.4 12.2
v -2.1 2.5 12.2
v -2 2.3 12.2
v -2 2.4 12.2
v -0.3 3 12.2
v -0.3 3.5 12.2
v -0.2 3 12.2
v -0.2 3.5 12.2
v 3.8 3 12.2
v 3.8 3.5 12.2
v 3.9 3 12.2
v 3.9 3.5 12.2
v -3.4 2.2 12.1
v -3.4 2.3 12.1
v -3.4 3.4 12.1
v -3.4 3.5 12.1
v -3.3 2.2 12.1
v -3.3 2.3 12.1
v -3.3 3.4 12.1
v -3.3 3.5 12.1
v -3.2 3.3 12.1
v -3.2 3.4 12.1
v -3.1 3.2 12.1
v -3.1 3.3 12.1
v -3.1 3.4 12.1
v -3 3.1 12.1
v -3 3.2 12.1
v -3 3.3 12.1
v -2.9 3 12.1
v -2.9 3.1 12.1
v -2.9 3.2 12.1
v -2.8 2.9 12.1
v -2.8 3 12.1
v -2.8 3.1 12.1
v -2.7 2.8 12.1
v -2.7 2.9 12.1
v -2.7 3 12.1
v -2.6 2.7 12.1
v -2.6 2.8 12.1
v -2.6 2.9 12.1
v -2.5 2.6 12.1
v -2.5 2.7 12.1
v -2.5 2.8 12.1
v -2.5 3.4 12.1
v -2.5 3.7 12.1
v -2.4 2.5 12.1
v -2.4 2.6 12.1
v -2.4 2.7 12.1
v -2.4 3.4 12.1
v -2.4 3.7 12.1
v -2.3 2.4 12.1
v -2.3 2.5 12.1
v -2.3 2.6 12.1
v -2.2 2.3 12.1
v -2.2 2.4 12.1
v -2.2 2.5 12.1
v -2.1 2.3 12.1
v -2.1 2.4 12.1
v -1.7 3.4 12.1
v -1.7 3.7 12.1
v -1.6 3.4 12.1
v -1.6 3.7 12.1
v -0.3 4.6 12.1
v -0.3 4.7 12.1
v 1.5 4.6 12.1
v 1.5 4.7 12.1
v -3.5 2.2 12
v -3.5 2.3 12
v -3.5 3.4 12
v -3.5 3.5 12
v -3.4 2.2 12
v -3.4 2.3 12
v -3.4 3.4 12
v -3.4 3.5 12
v -3.3 3.3 12
v -3.3 3.4 12
v -3.2 3.2 12
v -3.2 3.3 12
v -3.2 3.4 12
v -3.1 3.1 12
v -3.1 3.2 12
v -3.1 3.3 12
v -3 3 12
v -3 3.1 12
v -3 3.2 12
v -2.9 2.9 12
v -2.9 3 12
v -2.9 3.1 12
v -2.8 2.8 12
v -2.8 2.9 12
v -2.8 3 12
v -2.7 2.7 12
v -2.7 2.8 12
v -2.7 2.9 12
v -2.6 2.6 12
v -2.6 2.7 12
v -2.6 2.8 12
v -2.6 3.4 12
v -2.6 3.5 12
v -2.6 3.7 12
v -2.5 2.5 12
v -2.5 2.6 12
v -2.5 2.7 12
v -2.5 3.4 12
v -2.5 3.7 12
v -2.4 2.4 12
v -2.4 2.5 12
v -2.4 2.6 12
v -2.3 2.3 12
v -2.3 2.4 12
v -2.3 2.5 12
v -2.2 2.3 12
v -2.2 2.4 12
v -1.6 3.4 12
v -1.6 3.7 12
v -1.5 3.4 12
v -1.5 3.7 12
v -0.4 4 12
v -0.4 6 12
v -0.3 4 12
v -0.3 4.5 12
v -0.3 4.7 12
v -0.3 5.6 12
v -0.3 5.7 12
v -0.3 6 12
v -0.2 5.7 12
v -0.2 5.8 12
v -0.0999999 5.6 12
v -0.0999999 5.8 12
v -3.6 2.2 11.9
v -3.6 2.3 11.9
v -3.6 3.4 11.9
v -3.6 3.5 11.9
v -3.5 2.2 11.9
v -3.5 2.3 11.9
v -3.5 3.4 11.9
v -3.5 3.5 11.9
v -3.4 3.3 11.9
v -3.4 3.4 11.9
v -3.3 3.2 11.9
v -3.3 3.3 11.9
v -3.3 3.4 11.9
v -3.2 3.1 11.9
v -3.2 3.2 11.9
v -3.2 3.3 11.9
v -3.1 3 11.9
v -3.1 3.1 11.9
v -3.1 3.2 11.9
v -3 2.9 11.9
v -3 3 11.9
v -3 3.1 11.9
v -2.9 2.8 11.9
v -2.9 2.9 11.9
v -2.9 3 11.9
v -2.8 2.7 11.9
v -2.8 2.8 11.9
v -2.8 2.9 11.9
v -2.7 2.6 11.9
v -2.7 2.7 11.9
v -2.7 2.8 11.9
v -2.7 3.4 11.9
v -2.7 3.7 11.9
v -2.6 2.5 11.9
v -2.6 2.6 11.9
v -2.6 2.7 11.9
v -2.6 3.4 11.9
v -2.6 3.7 11.9
v -2.5 2.4 11.9
v -2.5 2.5 11.9
v -2.5 2.6 11.9
v -2.4 2.3 11.9
v -2.4 2.4 11.9
v -2.4 2.5 11.9
v -2.3 2.3 11.9
v -2.3 2.4 11.9
v -1.5 3.4 11.9
v -1.5 3.7 11.9
v -1.4 3.4 11.9
v -1.4 3.7 11.9
v -3.7 2.2 11.8
v -3.7 2.3 11.8
v -3.7 3.4 11.8
v -3.7 3.5 11.8
v -3.6 2.2 11.8
v -3.6 2.3 11.8
v -3.6 3.4 11.8
v -3.6 3.5 11.8
v -3.5 3.3 11.8
v -3.5 3.4 11.8
v -3.4 3.2 11.8
v -3.4 3.3 11.8
v -3.4 3.4 11.8
v -3.3 3.1 11.8
v -3.3 3.2 11.8
v -3.3 3.3 11.8
v -3.2 3 11.8
v -3.2 3.1 11.8
v -3.2 3.2 11.8
v -3.1 2.9 11.8
v -3.1 3 11.8
v -3.1 3.1 11.8
v -3 2.8 11.8
v -3 2.9 11.8
v -3 3 11.8
v -2.9 2.7 11.8
v -2.9 2.8 11.8
v -2.9 2.9 11.8
v -2.8 2.6 11.8
v -2.8 2.7 11.8
v -2.8 2.8 11.8
v -2.8 3.4 11.8
v -2.8 3.7 11.8
v -2.7 2.5 11.8
v -2.7 2.6 11.8
v -2.7 2.7 11.8
v -2.7 3.4 11.8
v -2.7 3.7 11.8
v -2.6 2.4 11.8
v -2.6 2.5 11.8
v -2.6 2.6 11.8
v -2.5 2.3 11.8
v -2.5 2.4 11.8
v -2.5 2.5 11.8
v -2.4 2.3 11.8
v -2.4 2.4 11.8
v -1.4 3.4 11.8
v -1.4 3.7 11.8
v -1.3 3.4 11.8
v -1.3 3.7 11.8
v 3.3 3.4 11.8
v 3.3 3.6 11.8
v 3.4 3.4 11.8
v 3.4 3.6 11.8
v 3.5 3.4 11.8
v 3.5 3.6 11.8
v 3.6 3.4 11.8
v 3.6 3.6 11.8
v 3.7 3.4 11.8
v 3.7 3.6 11.8
v 3.8 3.4 11.8
v 3.8 3.5 11.8
v 3.8 3.6 11.8
v 3.9 3 11.8
v 3.9 3.5 11.8
v 3.9 3.6 11.8
v 4 3 11.8
v 4 3.6 11.8
v -3.8 2.2 11.7
v -3.8 2.3 11.7
v -3.8 3.4 11.7
v -3.8 3.5 11.7
v -3.7 2.2 11.7
v -3.7 2.3 11.7
v -3.7 3.4 11.7
v -3.7 3.5 11.7
v -3.6 3.3 11.7
v -3.6 3.4 11.7
v -3.5 3.2 11.7
v -3.5 3.3 11.7
v -3.5 3.4 11.7
v -3.4 3.1 11.7
v -3.4 3.2 11.7
v -3.4 3.3 11.7
v -3.3 3 11.7
v -3.3 3.1 11.7
v -3.3 3.2 11.7
v -3.2 2.9 11.7
v -3.2 3 11.7
v -3.2 3.1 11.7
v -3.1 2.8 11.7
v -3.1 2.9 11.7
v -3.1 3 11.7
v -3 2.7 11.7
v -3 2.8 11.7
v -3 2.9 11.7
v -2.9 2.6 11.7
v -2.9 2.7 11.7
v -2.9 2.8 11.7
v -2.8 2.5 11.7
v -2.8 2.6 11.7
v -2.8 2.7 11.7
v -2.7 2.4 11.7
v -2.7 2.5 11.7
v -2.7 2.6 11.7
v -2.6 2.3 11.7
v -2.6 2.4 11.7
v -2.6 2.5 11.7
v -2.5 2.3 11.7
v -2.5 2.4 11.7
v 0.3 4.7 11.7
v 0.3 4.9 11.7
v 0.4 4.7 11.7
v 0.4 4.9 11.7
v 3.2 3.4 11.7
v 3.2 3.6 11.7
v 3.3 3.4 11.7
v 3.3 3.6 11.7
v 4 3 11.7
v 4 3.6 11.7
v 4.1 3 11.7
v 4.1 3.5 11.7
v 4.1 3.6 11.7
v -3.9 2.2 11.6
v -3.9 2.3 11.6
v -3.9 3.4 11.6
v -3.9 3.5 11.6
v -3.8 2.2 11.6
v -3.8 2.3 11.6
v -3.8 3.4 11.6
v -3.8 3.5 11.6
v -3.7 3.3 11.6
v -3.7 3.4 11.6
v -3.6 3.2 11.6
v -3.6 3.3 11.6
v -3.6 3.4 11.6
v -3.5 3.1 11.6
v -3.5 3.2 11.6
v -3.5 3.3 11.6
v -3.4 3 11.6
v -3.4 3.1 11.6
v -3.4 3.2 11.6
v -3.3 2.9 11.6
v -3.3 3 11.6
v -3.3 3.1 11.6
v -3.2 2.8 11.6
v -3.2 2.9 11.6
v -3.2 3 11.6
v -3.1 2.7 11.6
v -3.1 2.8 11.6
v -3.1 2.9 11.6
v -3 2.6 11.6
v -3 2.7 11.6
v -3 2.8 11.6
v -2.9 2.5 11.6
v -2.9 2.6 11.6
v -2.9 2.7 11.6
v -2.9 3.4 11.6
v -2.9 3.7 11.6
v -2.8 2.4 11.6
v -2.8 2.5 11.6
v -2.8 2.6 11.6
v -2.8 3.4 11.6
v -2.8 3.7 11.6
v -2.7 2.3 11.6
v -2.7 2.4 11.6
v -2.7 2.5 11.6
v -2.6 2.3 11.6
v -2.6 2.4 11.6
v -1.3 3.4 11.6
v -1.3 3.7 11.6
v -1.2 3.4 11.6
v -1.2 3.7 11.6
v -0.4 5.1 11.6
v -0.4 5.4 11.6
v -0.3 4.7 11.6
v -0.3 4.8 11.6
v -0.2 5.1 11.6
v -0.2 5.4 11.6
v 0.0999999 4.8 11.6
v 0.0999999 4.9 11.6
v 0.3 4.7 11.6
v 0.3 4.8 11.6
v 0.3 4.9 11.6
v 0.4 4.7 11.6
v 0.4 4.8 11.6
v 0.4 4.9 11.6
v 0.6 4.8 11.6
v 0.6 4.9 11.6
v 1.5 4.7 11.6
v 1.5 4.8 11.6
v 4.1 3.5 11.6
v 4.1 3.6 11.6
v 4.2 3.5 11.6
v 4.2 3.6 11.6
v -3.8 3.3 11.5
v -3.8 3.4 11.5
v -3.7 3.2 11.5
v -3.7 3.3 11.5
v -3.7 3.4 11.5
v -3.6 3.1 11.5
v -3.6 3.2 11.5
v -3.6 3.3 11.5
v -3.5 3 11.5
v -3.5 3.1 11.5
v -3.5 3.2 11.5
v -3.4 2.9 11.5
v -3.4 3 11.5
v -3.4 3.1 11.5
v -3.3 2.8 11.5
v -3.3 2.9 11.5
v -3.3 3 11.5
v -3.2 2.7 11.5
v -3.2 2.8 11.5
v -3.2 2.9 11.5
v -3.1 2.6 11.5
v -3.1 2.7 11.5
v -3.1 2.8 11.5
v -3 2.5 11.5
v -3 2.6 11.5
v -3 2.7 11.5
v -2.9 2.4 11.5
v -2.9 2.5 11.5
v -2.9 2.6 11.5
v -2.8 2.3 11.5
v -2.8 2.4 11.5
v -2.8 2.5 11.5
v -2.7 2.3 11.5
v -2.7 2.4 11.5
v -0.5 5.1 11.5
v -0.5 5.4 11.5
v -0.4 5 11.5
v -0.4 5.1 11.5
v -0.4 5.4 11.5
v -0.4 5.5 11.5
v -0.2 5 11.5
v -0.2 5.1 11.5
v -0.2 5.4 11.5
v -0.2 5.5 11.5
v -0.0999999 5.1 11.5
v -0.0999999 5.4 11.5
v 0 4.8 11.5
v 0 4.9 11.5
v 0.0999999 4.8 11.5
v 0.0999999 4.9 11.5
v 0.6 4.8 11.5
v 0.6 4.9 11.5
v 0.7 4.8 11.5
v 0.7 4.9 11.5
v 3.1 3.4 11.5
v 3.1 3.6 11.5
v 3.2 3.4 11.5
v 3.2 3.6 11.5
v -3.9 3.3 11.4
v -3.9 3.4 11.4
v -3.8 3.3 11.4
v -3.8 3.4 11.4
v -3.7 3.1 11.4
v -3.7 3.2 11.4
v -3.6 2.9 11.4
v -3.6 3.1 11.4
v -3.6 3.2 11.4
v -3.5 2.8 11.4
v -3.5 2.9 11.4
v -3.5 3 11.4
v -3.5 3.1 11.4
v -3.4 2.7 11.4
v -3.4 2.8 11.4
v -3.4 2.9 11.4
v -3.4 3 11.4
v -3.3 2.6 11.4
v -3.3 2.7 11.4
v -3.3 2.8 11.4
v -3.3 2.9 11.4
v -3.2 2.5 11.4
v -3.2 2.6 11.4
v -3.2 2.7 11.4
v -3.2 2.8 11.4
v -3.1 2.6 11.4
v -3.1 2.7 11.4
v -3 2.4 11.4
v -3 2.5 11.4
v -3 2.6 11.4
v -2.9 2.4 11.4
v -2.9 2.5 11.4
v -0.6 5.1 11.4
v -0.6 5.4 11.4
v -0.5 5 11.4
v -0.5 5.1 11.4
v -0.5 5.4 11.4
v -0.5 5.5 11.4
v -0.4 4 11.4
v -0.4 5 11.4
v -0.4 5.1 11.4
v -0.4 5.4 11.4
v -0.4 5.5 11.4
v -0.3 4 11.4
v -0.3 4.5 11.4
v -0.3 4.8 11.4
v -0.3 5 11.4
v -0.2 5 11.4
v -0.2 5.1 11.4
v -0.2 5.4 11.4
v -0.2 5.5 11.4
v -0.0999999 5 11.4
v -0.0999999 5.1 11.4
v -0.0999999 5.4 11.4
v -0.0999999 5.5 11.4
v 0 5.1 11.4
v 0 5.4 11.4
v -3.5 3.4 11.2
v -3.5 3.5 11.2
v -3.4 3.4 11.2
v -3.4 3.5 11.2
v -3.4 3.4 11.1
v -3.4 3.5 11.1
v -3.3 3.4 11.1
v -3.3 3.5 11.1
v -3.3 3.4 11
v -3.3 3.5 11
v -3.2 3.4 11
v -3.2 3.5 11
v -3.2 3.4 10.9
v -3.2 3.5 10.9
v -3.1 3.4 10.9
v -3.1 3.5 10.9
v -3.1 3.4 10.8
v -3.1 3.5 10.8
v -3 3.4 10.8
v -3 3.5 10.8
v -2.9 3.4 10.8
v -2.9 3.5 10.8
v 1.5 3.4 10.8
v 1.5 3.6 10.8
v 1.8 3.4 10.8
v 1.8 3.6 10.8
v -2.9 3.4 10.7
v -2.9 3.5 10.7
v -2.8 3.4 10.7
v -2.8 3.5 10.7
v 1.4 3.4 10.7
v 1.4 3.6 10.7
v 1.5 3.4 10.7
v 1.5 3.6 10.7
v 1.8 3.4 10.7
v 1.8 3.6 10.7
v 1.9 3.4 10.7
v 1.9 3.6 10.7
v -2.8 3.4 10.6
v -2.8 3.5 10.6
v -2.7 3.4 10.6
v -2.7 3.5 10.6
v 1.3 3.4 10.6
v 1.3 3.6 10.6
v 1.4 3.4 10.6
v 1.4 3.6 10.6
v 1.9 3.4 10.6
v 1.9 3.6 10.6
v 2 3.4 10.6
v 2 3.6 10.6
v -2.7 3.4 10.5
v -2.7 3.5 10.5
v -2.6 3.4 10.5
v -2.6 3.5 10.5
v -2.6 3.4 10.4
v -2.6 3.5 10.4
v -2.4 3.4 10.4
v -2.4 3.5 10.4
v -2.3 3.4 10.4
v -2.3 3.5 10.4
v -2.2 3.4 10.4
v -2.2 3.5 10.4
v -0.2 3.4 10.4
v -0.2 3.5 10.4
v 1.3 3.4 10.4
v 1.3 3.5 10.4
v 2 3.4 10.4
v 2 3.5 10.4
v 3.8 3.4 10.4
v 3.8 3.5 10.4
v -2.2 3.4 10.3
v -2.2 3.5 10.3
v -2.1 3.4 10.3
v -2.1 3.5 10.3
v -2 3.4 10.3
v -2 3.5 10.3
v -1.9 3.4 10.3
v -1.9 3.5 10.3
v -1 3.4 10.3
v -1 3.5 10.3
v -0.9 3.4 10.3
v -0.9 3.5 10.3
v -0.3 3 10.3
v -0.3 3.4 10.3
v -0.3 3.5 10.3
v -0.3 4 10.3
v -0.2 3 10.3
v -0.2 3.4 10.3
v -0.2 3.5 10.3
v 0.8 3.9 10.3
v 0.8 4 10.3
v 0.9 3.5 10.3
v 0.9 3.9 10.3
v -1.9 3.4 10.2
v -1.9 3.5 10.2
v -1.8 3.4 10.2
v -1.8 3.5 10.2
v -1.6 3.4 10.2
v -1.6 3.5 10.2
v -1 3.4 10.2
v -1 3.5 10.2
v -0.3 4 10.2
v -0.3 4.5 10.2
v -0.2 4 10.2
v -0.2 4.2 10.2
v -0.2 4.3 10.2
v -0.2 4.5 10.2
v 0.3 4 10.2
v 0.3 4.2 10.2
v 0.3 4.3 10.2
v 0.3 4.5 10.2
v 0.4 4 10.2
v 0.4 4.2 10.2
v 0.4 4.3 10.2
v 0.4 4.5 10.2
v 0.8 3.9 10.2
v 0.8 4 10.2
v 0.8 4.2 10.2
v 0.8 4.3 10.2
v 0.8 4.5 10.2
v 0.9 3.9 10.2
v 0.9 4.2 10.2
v 0.9 4.3 10.2
v 0.9 4.5 10.2
v 1 3 10.2
v 1 3.4 10.2
v 1 3.5 10.2
v 1.1 4.3 10.2
v 1.1 4.4 10.2
v 1.2 3.4 10.2
v 1.2 3.5 10.2
v 1.2 4.2 10.2
v 1.2 4.3 10.2
v 1.3 3.4 10.2
v 1.3 3.5 10.2
v 1.4 3 10.2
v 1.4 3.1 10.2
v 1.4 3.4 10.2
v 1.4 3.5 10.2
v 1.4 4.4 10.2
v 1.4 4.5 10.2
v 1.5 4.3 10.2
v 1.5 4.5 10.2
v 1.9 3 10.2
v 1.9 3.1 10.2
v 1.9 3.4 10.2
v 1.9 3.5 10.2
v 2.1 3.4 10.2
v 2.1 3.5 10.2
v 3.1 3.4 10.2
v 3.1 3.5 10.2
v 4 3 10.2
v 4 3.4 10.2
v 4 3.5 10.2
v 4.1 3 10.2
v 4.1 3.4 10.2
v 4.1 3.5 10.2
v -1.4 2.5 10.1
v -1.4 2.6 10.1
v -1.3 2.5 10.1
v -1.3 2.6 10.1
v -1.4 2.5 12.5
v -1.4 2.6 12.5
v -1.3 2.5 12.5
v -1.3 2.6 12.5
v -1.9 3.4 12.4
v -1.9 3.5 12.4
v -1.8 3.4 12.4
v -1.8 3.5 12.4
v -1.6 3.4 12.4
v -1.6 3.5 12.4
v -1 3.4 12.4
v -1 3.5 12.4
v -0.3 4 12.4
v -0.3 4.5 12.4
v -0.2 4 12.4
v -0.2 4.2 12.4
v -0.2 4.3 12.4
v -0.2 4.5 12.4
v 0.3 4 12.4
v 0.3 4.2 12.4
v 0.3 4.3 12.4
v 0.3 4.5 12.4
v 0.4 4 12.4
v 0.4 4.2 12.4
v 0.4 4.3 12.4
v 0.4 4.5 12.4
v 0.8 3.9 12.4
v 0.8 4 12.4
v 0.8 4.2 12.4
v 0.8 4.3 12.4
v 0.8 4.5 12.4
v 0.9 3.9 12.4
v 0.9 4.2 12.4
v 0.9 4.3 12.4
v 0.9 4.5 12.4
v 1.1 3 12.4
v 1.1 3.4 12.4
v 1.1 3.5 12.4
v 1.1 4.3 12.4
v 1.1 4.4 12.4
v 1.2 3.4 12.4
v 1.2 3.5 12.4
v 1.2 4.2 12.4
v 1.2 4.3 12.4
v 1.3 3.4 12.4
v 1.3 3.5 12.4
v 1.4 4.4 12.4
v 1.4 4.5 12.4
v 1.5 4.3 12.4
v 1.5 4.5 12.4
v 2.1 3 12.4
v 2.1 3.4 12.4
v 2.1 3.5 12.4
v 2.6 3 12.4
v 2.6 3.4 12.4
v 2.6 3.5 12.4
v 3.1 3.4 12.4
v 3.1 3.5 12.4
v 4 3 12.4
v 4 3.4 12.4
v 4 3.5 12.4
v 4.1 3 12.4
v 4.1 3.4 12.4
v 4.1 3.5 12.4
v -2.2 3.4 12.3
v -2.2 3.5 12.3
v -2.1 3.4 12.3
v -2.1 3.5 12.3
v -2 3.4 12.3
v -2 3.5 12.3
v -1.9 3.4 12.3
v -1.9 3.5 12.3
v -1 3.4 12.3
v -1 3.5 12.3
v -0.9 3.4 12.3
v -0.9 3.5 12.3
v -0.3 3 12.3
v -0.3 3.5 12.3
v -0.3 4 12.3
v -0.2 3 12.3
v -0.2 3.5 12.3
v 0.8 3.9 12.3
v 0.8 4 12.3
v 0.9 3.5 12.3
v 0.9 3.9 12.3
v -2.6 3.4 12.2
v -2.6 3.5 12.2
v -2.5 3.4 12.2
v -2.5 3.5 12.2
v -2.3 3.4 12.2
v -2.3 3.5 12.2
v -2.2 3.4 12.2
v -2.2 3.5 12.2
v -0.2 3.4 12.2
v -0.2 3.5 12.2
v 2 3.4 12.2
v 2 3.5 12.2
v 2.7 3.4 12.2
v 2.7 3.5 12.2
v 3.8 3.4 12.2
v 3.8 3.5 12.2
v -2.8 3.4 12
v -2.8 3.5 12
v -2.7 3.4 12
v -2.7 3.5 12
v -2.6 3.4 12
v -2.6 3.5 12
v 2 3.4 12
v 2 3.6 12
v 2.1 3.4 12
v 2.1 3.6 12
v 2.6 3.4 12
v 2.6 3.6 12
v 2.7 3.4 12
v 2.7 3.6 12
v -2.9 3.4 11.9
v -2.9 3.5 11.9
v -2.8 3.4 11.9
v -2.8 3.5 11.9
v -0.4 4 11.9
v -0.4 6 11.9
v -0.3 4 11.9
v -0.3 4.5 11.9
v -0.3 4.7 11.9
v -0.3 5.6 11.9
v -0.3 5.7 11.9
v -0.3 6 11.9
v -0.2 5.7 11.9
v -0.2 5.8 11.9
v -0.0999999 5.6 11.9
v -0.0999999 5.8 11.9
v 2.1 3.4 11.9
v 2.1 3.6 11.9
v 2.2 3.4 11.9
v 2.2 3.6 11.9
v 2.5 3.4 11.9
v 2.5 3.6 11.9
v 2.6 3.4 11.9
v 2.6 3.6 11.9
v -3.1 3.4 11.8
v -3.1 3.5 11.8
v -3 3.4 11.8
v -3 3.5 11.8
v -2.9 3.4 11.8
v -2.9 3.5 11.8
v 2.2 3.4 11.8
v 2.2 3.6 11.8
v 2.5 3.4 11.8
v 2.5 3.6 11.8
v -3.2 3.4 11.7
v -3.2 3.5 11.7
v -3.1 3.4 11.7
v -3.1 3.5 11.7
v -3.3 3.4 11.6
v -3.3 3.5 11.6
v -3.2 3.4 11.6
v -3.2 3.5 11.6
v -3.4 3.4 11.5
v -3.4 3.5 11.5
v -3.3 3.4 11.5
v -3.3 3.5 11.5
v -3.5 3.4 11.4
v -3.5 3.5 11.4
v -3.4 3.4 11.4
v -3.4 3.5 11.4
v -3.9 3.3 11.2
v -3.9 3.4 11.2
v -3.8 3.3 11.2
v -3.8 3.4 11.2
v -3.7 3.1 11.2
v -3.7 3.2 11.2
v -3.6 2.9 11.2
v -3.6 3.1 11.2
v -3.6 3.2 11.2
v -3.5 2.8 11.2
v -3.5 2.9 11.2
v -3.5 3 11.2
v -3.5 3.1 11.2
v -3.4 2.7 11.2
v -3.4 2.8 11.2
v -3.4 2.9 11.2
v -3.4 3 11.2
v -3.3 2.6 11.2
v -3.3 2.7 11.2
v -3.3 2.8 11.2
v -3.3 2.9 11.2
v -3.2 2.5 11.2
v -3.2 2.6 11.2
v -3.2 2.7 11.2
v -3.2 2.8 11.2
v -3.1 2.6 11.2
v -3.1 2.7 11.2
v -3 2.4 11.2
v -3 2.5 11.2
v -3 2.6 11.2
v -2.9 2.4 11.2
v -2.9 2.5 11.2
v -0.6 5.1 11.2
v -0.6 5.4 11.2
v -0.5 5 11.2
v -0.5 5.1 11.2
v -0.5 5.4 11.2
v -0.5 5.5 11.2
v -0.4 4 11.2
v -0.4 5 11.2
v -0.4 5.1 11.2
v -0.4 5.4 11.2
v -0.4 5.5 11.2
v -0.3 4 11.2
v -0.3 4.5 11.2
v -0.3 4.8 11.2
v -0.3 5 11.2
v -0.2 5 11.2
v -0.2 5.1 11.2
v -0.2 5.4 11.2
v -0.2 5.5 11.2
v -0.0999999 5 11.2
v -0.0999999 5.1 11.2
v -0.0999999 5.4 11.2
v -0.0999999 5.5 11.2
v 0 5.1 11.2
v 0 5.4 11.2
v -3.8 3.3 11.1
v -3.8 3.4 11.1
v -3.7 3.2 11.1
v -3.7 3.3 11.1
v -3.7 3.4 11.1
v -3.6 3.1 11.1
v -3.6 3.2 11.1
v -3.6 3.3 11.1
v -3.5 3 11.1
v -3.5 3.1 11.1
v -3.5 3.2 11.1
v -3.4 2.9 11.1
v -3.4 3 11.1
v -3.4 3.1 11.1
v -3.3 2.8 11.1
v -3.3 2.9 11.1
v -3.3 3 11.1
v -3.2 2.7 11.1
v -3.2 2.8 11.1
v -3.2 2.9 11.1
v -3.1 2.6 11.1
v -3.1 2.7 11.1
v -3.1 2.8 11.1
v -3 2.5 11.1
v -3 2.6 11.1
v -3 2.7 11.1
v -2.9 2.4 11.1
v -2.9 2.5 11.1
v -2.9 2.6 11.1
v -2.8 2.3 11.1
v -2.8 2.4 11.1
v -2.8 2.5 11.1
v -2.7 2.3 11.1
v -2.7 2.4 11.1
v -0.5 5.1 11.1
v -0.5 5.4 11.1
v -0.4 5 11.1
v -0.4 5.1 11.1
v -0.4 5.4 11.1
v -0.4 5.5 11.1
v -0.2 5 11.1
v -0.2 5.1 11.1
v -0.2 5.4 11.1
v -0.2 5.5 11.1
v -0.0999999 5.1 11.1
v -0.0999999 5.4 11.1
v 0 4.8 11.1
v 0 4.9 11.1
v 0.0999999 4.8 11.1
v 0.0999999 4.9 11.1
v 0.6 4.8 11.1
v 0.6 4.9 11.1
v 0.7 4.8 11.1
v 0.7 4.9 11.1
v 3.1 3.4 11.1
v 3.1 3.6 11.1
v 3.2 3.4 11.1
v 3.2 3.6 11.1
v -3.9 2.2 11
v -3.9 2.3 11
v -3.9 3.4 11
v -3.9 3.5 11
v -3.8 2.2 11
v -3.8 2.3 11
v -3.8 3.4 11
v -3.8 3.5 11
v -3.7 3.3 11
v -3.7 3.4 11
v -3.6 3.2 11
v -3.6 3.3 11
v -3.6 3.4 11
v -3.5 3.1 11
v -3.5 3.2 11
v -3.5 3.3 11
v -3.4 3 11
v -3.4 3.1 11
v -3.4 3.2 11
v -3.3 2.9 11
v -3.3 3 11
v -3.3 3.1 11
v -3.2 2.8 11
v -3.2 2.9 11
v -3.2 3 11
v -3.1 2.7 11
v -3.1 2.8 11
v -3.1 2.9 11
v -3 2.6 11
v -3 2.7 11
v -3 2.8 11
v -2.9 2.5 11
v -2.9 2.6 11
v -2.9 2.7 11
v -2.9 3.4 11
v -2.9 3.7 11
v -2.8 2.4 11
v -2.8 2.5 11
v -2.8 2.6 11
v -2.8 3.4 11
v -2.8 3.7 11
v -2.7 2.3 11
v -2.7 2.4 11
v -2.7 2.5 11
v -2.6 2.3 11
v -2.6 2.4 11
v -1.3 3.4 11
v -1.3 3.7 11
v -1.2 3.4 11
v -1.2 3.7 11
v -0.4 5.1 11
v -0.4 5.4 11
v -0.3 4.7 11
v -0.3 4.8 11
v -0.2 5.1 11
v -0.2 5.4 11
v 0.0999999 4.8 11
v 0.0999999 4.9 11
v 0.3 4.7 11
v 0.3 4.8 11
v 0.3 4.9 11
v 0.4 4.7 11
v 0.4 4.8 11
v 0.4 4.9 11
v 0.6 4.8 11
v 0.6 4.9 11
v 1.5 4.7 11
v 1.5 4.8 11
v 4.1 3.5 11
v 4.1 3.6 11
v 4.2 3.5 11
v 4.2 3.6 11
v -3.8 2.2 10.9
v -3.8 2.3 10.9
v -3.8 3.4 10.9
v -3.8 3.5 10.9
v -3.7 2.2 10.9
v -3.7 2.3 10.9
v -3.7 3.4 10.9
v -3.7 3.5 10.9
v -3.6 3.3 10.9
v -3.6 3.4 10.9
v -3.5 3.2 10.9
v -3.5 3.3 10.9
v -3.5 3.4 10.9
v -3.4 3.1 10.9
v -3.4 3.2 10.9
v -3.4 3.3 10.9
v -3.3 3 10.9
v -3.3 3.1 10.9
v -3.3 3.2 10.9
v -3.2 2.9 10.9
v -3.2 3 10.9
v -3.2 3.1 10.9
v -3.1 2.8 10.9
v -3.1 2.9 10.9
v -3.1 3 10.9
v -3 2.7 10.9
v -3 2.8 10.9
v -3 2.9 10.9
v -2.9 2.6 10.9
v -2.9 2.7 10.9
v -2.9 2.8 10.9
v -2.8 2.5 10.9
v -2.8 2.6 10.9
v -2.8 2.7 10.9
v -2.7 2.4 10.9
v -2.7 2.5 10.9
v -2.7 2.6 10.9
v -2.6 2.3 10.9
v -2.6 2.4 10.9
v -2.6 2.5 10.9
v -2.5 2.3 10.9
v -2.5 2.4 10.9
v 0.3 4.7 10.9
v 0.3 4.9 10.9
v 0.4 4.7 10.9
v 0.4 4.9 10.9
v 3.2 3.4 10.9
v 3.2 3.6 10.9
v 3.3 3.4 10.9
v 3.3 3.6 10.9
v 4 3 10.9
v 4 3.6 10.9
v 4.1 3 10.9
v 4.1 3.5 10.9
v 4.1 3.6 10.9
v -3.7 2.2 10.8
v -3.7 2.3 10.8
v -3.7 3.4 10.8
v -3.7 3.5 10.8
v -3.6 2.2 10.8
v -3.6 2.3 10.8
v -3.6 3.4 10.8
v -3.6 3.5 10.8
v -3.5 3.3 10.8
v -3.5 3.4 10.8
v -3.4 3.2 10.8
v -3.4 3.3 10.8
v -3.4 3.4 10.8
v -3.3 3.1 10.8
v -3.3 3.2 10.8
v -3.3 3.3 10.8
v -3.2 3 10.8
v -3.2 3.1 10.8
v -3.2 3.2 10.8
v -3.1 2.9 10.8
v -3.1 3 10.8
v -3.1 3.1 10.8
v -3 2.8 10.8
v -3 2.9 10.8
v -3 3 10.8
v -2.9 2.7 10.8
v -2.9 2.8 10.8
v -2.9 2.9 10.8
v -2.8 2.6 10.8
v -2.8 2.7 10.8
v -2.8 2.8 10.8
v -2.8 3.4 10.8
v -2.8 3.7 10.8
v -2.7 2.5 10.8
v -2.7 2.6 10.8
v -2.7 2.7 10.8
v -2.7 3.4 10.8
v -2.7 3.7 10.8
v -2.6 2.4 10.8
v -2.6 2.5 10.8
v -2.6 2.6 10.8
v -2.5 2.3 10.8
v -2.5 2.4 10.8
v -2.5 2.5 10.8
v -2.4 2.3 10.8
v -2.4 2.4 10.8
v -1.4 3.4 10.8
v -1.4 3.7 10.8
v -1.3 3.4 10.8
v -1.3 3.7 10.8
v 3.3 3.4 10.8
v 3.3 3.6 10.8
v 3.4 3.4 10.8
v 3.4 3.6 10.8
v 3.5 3.4 10.8
v 3.5 3.6 10.8
v 3.6 3.4 10.8
v 3.6 3.6 10.8
v 3.7 3.4 10.8
v 3.7 3.6 10.8
v 3.8 3.4 10.8
v 3.8 3.5 10.8
v 3.8 3.6 10.8
v 3.9 3 10.8
v 3.9 3.5 10.8
v 3.9 3.6 10.8
v 4 3 10.8
v 4 3.6 10.8
v -3.6 2.2 10.7
v -3.6 2.3 10.7
v -3.6 3.4 10.7
v -3.6 3.5 10.7
v -3.5 2.2 10.7
v -3.5 2.3 10.7
v -3.5 3.4 10.7
v -3.5 3.5 10.7
v -3.4 3.3 10.7
v -3.4 3.4 10.7
v -3.3 3.2 10.7
v -3.3 3.3 10.7
v -3.3 3.4 10.7
v -3.2 3.1 10.7
v -3.2 3.2 10.7
v -3.2 3.3 10.7
v -3.1 3 10.7
v -3.1 3.1 10.7
v -3.1 3.2 10.7
v -3 2.9 10.7
v -3 3 10.7
v -3 3.1 10.7
v -2.9 2.8 10.7
v -2.9 2.9 10.7
v -2.9 3 10.7
v -2.8 2.7 10.7
v -2.8 2.8 10.7
v -2.8 2.9 10.7
v -2.7 2.6 10.7
v -2.7 2.7 10.7
v -2.7 2.8 10.7
v -2.7 3.4 10.7
v -2.7 3.7 10.7
v -2.6 2.5 10.7
v -2.6 2.6 10.7
v -2.6 2.7 10.7
v -2.6 3.4 10.7
v -2.6 3.7 10.7
v -2.5 2.4 10.7
v -2.5 2.5 10.7
v -2.5 2.6 10.7
v -2.4 2.3 10.7
v -2.4 2.4 10.7
v -2.4 2.5 10.7
v -2.3 2.3 10.7
v -2.3 2.4 10.7
v -1.5 3.4 10.7
v -1.5 3.7 10.7
v -1.4 3.4 10.7
v -1.4 3.7 10.7
v -3.5 2.2 10.6
v -3.5 2.3 10.6
v -3.5 3.4 10.6
v -3.5 3.5 10.6
v -3.4 2.2 10.6
v -3.4 2.3 10.6
v -3.4 3.4 10.6
v -3.4 3.5 10.6
v -3.3 3.3 10.6
v -3.3 3.4 10.6
v -3.2 3.2 10.6
v -3.2 3.3 10.6
v -3.2 3.4 10.6
v -3.1 3.1 10.6
v -3.1 3.2 10.6
v -3.1 3.3 10.6
v -3 3 10.6
v -3 3.1 10.6
v -3 3.2 10.6
v -2.9 2.9 10.6
v -2.9 3 10.6
v -2.9 3.1 10.6
v -2.8 2.8 10.6
v -2.8 2.9 10.6
v -2.8 3 10.6
v -2.7 2.7 10.6
v -2.7 2.8 10.6
v -2.7 2.9 10.6
v -2.6 2.6 10.6
v -2.6 2.7 10.6
v -2.6 2.8 10.6
v -2.6 3.4 10.6
v -2.6 3.7 10.6
v -2.5 2.5 10.6
v -2.5 2.6 10.6
v -2.5 2.7 10.6
v -2.5 3.4 10.6
v -2.5 3.7 10.6
v -2.4 2.4 10.6
v -2.4 2.5 10.6
v -2.4 2.6 10.6
v -2.3 2.3 10.6
v -2.3 2.4 10.6
v -2.3 2.5 10.6
v -2.2 2.3 10.6
v -2.2 2.4 10.6
v -1.6 3.4 10.6
v -1.6 3.7 10.6
v -1.5 3.4 10.6
v -1.5 3.7 10.6
v -3.4 2.2 10.5
v -3.4 2.3 10.5
v -3.4 3.4 10.5
v -3.4 3.5 10.5
v -3.3 2.2 10.5
v -3.3 2.3 10.5
v -3.3 3.4 10.5
v -3.3 3.5 10.5
v -3.2 3.3 10.5
v -3.2 3.4 10.5
v -3.1 3.2 10.5
v -3.1 3.3 10.5
v -3.1 3.4 10.5
v -3 3.1 10.5
v -3 3.2 10.5
v -3 3.3 10.5
v -2.9 3 10.5
v -2.9 3.1 10.5
v -2.9 3.2 10.5
v -2.8 2.9 10.5
v -2.8 3 10.5
v -2.8 3.1 10.5
v -2.7 2.8 10.5
v -2.7 2.9 10.5
v -2.7 3 10.5
v -2.6 2.7 10.5
v -2.6 2.8 10.5
v -2.6 2.9 10.5
v -2.5 2.6 10.5
v -2.5 2.7 10.5
v -2.5 2.8 10.5
v -2.5 3.4 10.5
v -2.5 3.7 10.5
v -2.4 2.5 10.5
v -2.4 2.6 10.5
v -2.4 2.7 10.5
v -2.4 3.4 10.5
v -2.4 3.7 10.5
v -2.3 2.4 10.5
v -2.3 2.5 10.5
v -2.3 2.6 10.5
v -2.2 2.3 10.5
v -2.2 2.4 10.5
v -2.2 2.5 10.5
v -2.1 2.3 10.5
v -2.1 2.4 10.5
v -1.7 3.4 10.5
v -1.7 3.7 10.5
v -1.6 3.4 10.5
v -1.6 3.7 10.5
v -0.3 4.6 10.5
v -0.3 4.7 10.5
v 1.5 4.6 10.5
v 1.5 4.7 10.5
v -3.3 2.2 10.4
v -3.3 2.3 10.4
v -3.3 3.4 10.4
v -3.3 3.5 10.4
v -3.2 2.2 10.4
v -3.2 2.3 10.4
v -3.2 3.4 10.4
v -3.2 3.5 10.4
v -3.1 3.3 10.4
v -3.1 3.4 10.4
v -3 3.2 10.4
v -3 3.3 10.4
v -3 3.4 10.4
v -2.9 3.1 10.4
v -2.9 3.2 10.4
v -2.9 3.3 10.4
v -2.8 3 10.4
v -2.8 3.1 10.4
v -2.8 3.2 10.4
v -2.7 2.9 10.4
v -2.7 3 10.4
v -2.7 3.1 10.4
v -2.6 2.8 10.4
v -2.6 2.9 10.4
v -2.6 3 10.4
v -2.5 2.7 10.4
v -2.5 2.8 10.4
v -2.5 2.9 10.4
v -2.4 2.6 10.4
v -2.4 2.7 10.4
v -2.4 2.8 10.4
v -2.3 2.5 10.4
v -2.3 2.6 10.4
v -2.3 2.7 10.4
v -2.2 2.4 10.4
v -2.2 2.5 10.4
v -2.2 2.6 10.4
v -2.1 2.3 10.4
v -2.1 2.4 10.4
v -2.1 2.5 10.4
v -2 2.3 10.4
v -2 2.4 10.4
v -0.3 3 10.4
v -0.3 3.5 10.4
v -0.2 3 10.4
v -0.2 3.5 10.4
v 3.8 3 10.4
v 3.8 3.5 10.4
v 3.9 3 10.4
v 3.9 3.5 10.4
v -3.2 2.2 10.3
v -3.2 2.3 10.3
v -3.2 3.4 10.3
v -3.2 3.5 10.3
v -3 2.2 10.3
v -3 2.3 10.3
v -3 3.3 10.3
v -3 3.4 10.3
v -3 3.5 10.3
v -2.9 3.2 10.3
v -2.9 3.3 10.3
v -2.8 3.1 10.3
v -2.8 3.2 10.3
v -2.8 3.4 10.3
v -2.7 3 10.3
v -2.7 3.1 10.3
v -2.7 3.2 10.3
v -2.6 2.9 10.3
v -2.6 3 10.3
v -2.6 3.1 10.3
v -2.5 2.8 10.3
v -2.5 2.9 10.3
v -2.5 3 10.3
v -2.4 2.7 10.3
v -2.4 2.8 10.3
v -2.4 2.9 10.3
v -2.3 2.6 10.3
v -2.3 2.7 10.3
v -2.3 2.8 10.3
v -2.2 2.5 10.3
v -2.2 2.6 10.3
v -2.2 2.7 10.3
v -2.1 2.4 10.3
v -2.1 2.5 10.3
v -2.1 2.6 10.3
v -2 2.3 10.3
v -2 2.4 10.3
v -2 2.5 10.3
v -1.9 2.3 10.3
v -1.9 2.4 10.3
v 1 3 10.3
v 1 3.4 10.3
v 1 3.5 10.3
v 1.3 3 10.3
v 1.3 3.5 10.3
v 1.3 3.6 10.3
v 1.4 3 10.3
v 1.4 3.1 10.3
v 1.4 3.6 10.3
v 1.9 3 10.3
v 1.9 3.1 10.3
v 1.9 3.6 10.3
v 2 3 10.3
v 2 3.5 10.3
v 2 3.6 10.3
v 3.8 3 10.3
v 3.8 3.5 10.3
v -3 2.2 10.2
v -3 2.3 10.2
v -3 3.4 10.2
v -3 3.5 10.2
v -2.8 2.2 10.2
v -2.8 2.3 10.2
v -2.8 3.2 10.2
v -2.8 3.4 10.2
v -2.8 3.5 10.2
v -2.7 3.1 10.2
v -2.7 3.2 10.2
v -2.7 3.4 10.2
v -2.6 3 10.2
v -2.6 3.1 10.2
v -2.6 3.2 10.2
v -2.5 2.9 10.2
v -2.5 3 10.2
v -2.5 3.1 10.2
v -2.4 2.8 10.2
v -2.4 2.9 10.2
v -2.4 3 10.2
v -2.3 2.7 10.2
v -2.3 2.8 10.2
v -2.3 2.9 10.2
v -2.2 2.6 10.2
v -2.2 2.7 10.2
v -2.2 2.8 10.2
v -2.1 2.5 10.2
v -2.1 2.6 10.2
v -2.1 2.7 10.2
v -2 2.4 10.2
v -2 2.5 10.2
v -1.9 2.3 10.2
v -1.9 2.4 10.2
v -1.9 2.5 10.2
v -1.9 2.6 10.2
v -1.8 2.4 10.2
v -1.8 2.5 10.2
v -1.6 2.3 10.2
v -1.6 2.4 10.2
v -1.4 2.5 10.2
v -1.4 2.6 10.2
v -1.3 2.5 10.2
v -1.3 2.6 10.2
v -0.8 3.5 10.2
v -0.8 3.6 10.2
v -0.7 3.5 10.2
v -0.7 3.6 10.2
v -0.7 3.7 10.2
v -0.6 3.6 10.2
v -0.6 3.7 10.2
v -0.6 3.8 10.2
v -0.5 3.7 10.2
v -0.5 3.8 10.2
v -0.5 3.9 10.2
v -0.4 3.8 10.2
v -0.4 3.9 10.2
v -0.4 4 10.2
v -0.3 3.9 10.2
v -0.3 4 10.2
v -0.2 3.5 10.2
v -0.2 4 10.2
v 0.3 3.5 10.2
v 0.3 4 10.2
v 0.4 3.5 10.2
v 0.4 4 10.2
v 0.8 3.5 10.2
v 0.8 4 10.2
v 1.4 3.5 10.2
v 1.4 3.6 10.2
v 1.5 3.5 10.2
v 1.5 3.6 10.2
v 1.8 3.5 10.2
v 1.8 3.6 10.2
v 1.9 3.5 10.2
v 1.9 3.6 10.2
v -2.8 2.2 10.1
v -2.8 2.3 10.1
v -2.8 3.4 10.1
v -2.8 3.5 10.1
v -2.7 2.2 10.1
v -2.7 2.3 10.1
v -2.7 3.2 10.1
v -2.7 3.4 10.1
v -2.7 3.5 10.1
v -2.6 3.1 10.1
v -2.6 3.2 10.1
v -2.6 3.3 10.1
v -2.6 3.4 10.1
v -2.5 3 10.1
v -2.5 3.1 10.1
v -2.5 3.2 10.1
v -2.5 3.3 10.1
v -2.4 2.9 10.1
v -2.4 3 10.1
v -2.4 3.1 10.1
v -2.4 3.2 10.1
v -2.3 2.8 10.1
v -2.3 2.9 10.1
v -2.3 3 10.1
v -2.3 3.1 10.1
v -2.2 2.7 10.1
v -2.2 2.8 10.1
v -2.2 2.9 10.1
v -2.2 3 10.1
v -2.1 2.6 10.1
v -2.1 2.7 10.1
v -2.1 2.8 10.1
v -2.1 2.9 10.1
v -2 2.7 10.1
v -2 2.8 10.1
v -1.9 2.5 10.1
v -1.9 2.6 10.1
v -1.9 2.7 10.1
v -1.8 2.4 10.1
v -1.8 2.5 10.1
v -1.8 2.6 10.1
v -1.6 2.3 10.1
v -1.6 2.4 10.1
v -1.6 2.5 10.1
v -1.5 2.3 10.1
v -1.5 2.4 10.1
v -0.7 3.5 10.1
v -0.7 3.6 10.1
v -0.6 3.6 10.1
v -0.6 3.7 10.1
v -0.5 3.7 10.1
v -0.5 3.8 10.1
v -0.4 3.8 10.1
v -0.4 3.9 10.1
v -0.3 3.9 10.1
v -0.3 4.5 10.1
v -0.3 4.6 10.1
v -0.2 3.5 10.1
v -0.2 4.2 10.1
v -0.2 4.3 10.1
v -0.2 4.5 10.1
v 0.3 3.5 10.1
v 0.3 4.2 10.1
v 0.3 4.3 10.1
v 0.3 4.5 10.1
v 0.4 3.5 10.1
v 0.4 4.2 10.1
v 0.4 4.3 10.1
v 0.4 4.5 10.1
v 0.8 3.5 10.1
v 0.8 4.2 10.1
v 0.8 4.3 10.1
v 0.8 4.5 10.1
v 0.9 3.5 10.1
v 0.9 4.2 10.1
v 0.9 4.3 10.1
v 0.9 4.5 10.1
v 1.1 4.3 10.1
v 1.1 4.4 10.1
v 1.2 4.2 10.1
v 1.2 4.3 10.1
v 1.4 4.4 10.1
v 1.4 4.5 10.1
v 1.5 3.5 10.1
v 1.5 3.6 10.1
v 1.5 4.3 10.1
v 1.5 4.5 10.1
v 1.5 4.6 10.1
v 1.8 3.5 10.1
v 1.8 3.6 10.1
v -2.7 2.2 10
v -2.7 2.3 10
v -2.7 3.4 10
v -2.7 3.5 10
v -2.6 3.3 10
v -2.6 3.4 10
v -2.5 2.2 10
v -2.5 2.3 10
v -2.5 3.2 10
v -2.5 3.3 10
v -2.5 3.4 10
v -2.5 3.5 10
v -2.4 3.1 10
v -2.4 3.2 10
v -2.3 3 10
v -2.3 3.1 10
v -2.2 2.9 10
v -2.2 3 10
v -2.1 2.8 10
v -2.1 2.9 10
v -2 2.7 10
v -2 2.8 10
v -2 3.3 10
v -2 3.4 10
v -1.9 2.6 10
v -1.9 2.7 10
v -1.9 3.2 10
v -1.9 3.3 10
v -1.8 2.5 10
v -1.8 2.6 10
v -1.8 3.1 10
v -1.8 3.2 10
v -1.7 3 10
v -1.7 3.1 10
v -1.6 2.4 10
v -1.6 2.5 10
v -1.6 2.8 10
v -1.6 3 10
v -1.5 2.3 10
v -1.5 2.4 10
v -1.5 2.7 10
v -1.5 2.8 10
v -1.4 2.6 10
v -1.4 2.7 10
v -1.2 2.5 10
v -1.2 2.6 10
v -1 2.4 10
v -1 2.5 10
v -0.9 2.3 10
v -0.9 2.4 10
v -2.5 2.2 9.9
v -2.5 2.3 9.9
v -2.5 3.4 9.9
v -2.5 3.5 9.9
v -2.1 2.2 9.9
v -2.1 2.3 9.9
v -2.1 3.4 9.9
v -2.1 3.5 9.9
v -2 3.3 9.9
v -2 3.4 9.9
v -1.9 3.2 9.9
v -1.9 3.3 9.9
v -1.8 3.1 9.9
v -1.8 3.2 9.9
v -1.7 3 9.9
v -1.7 3.1 9.9
v -1.6 2.8 9.9
v -1.6 3 9.9
v -1.6 3.3 9.9
v -1.6 3.4 9.9
v -1.5 2.7 9.9
v -1.5 2.8 9.9
v -1.5 3.2 9.9
v -1.5 3.3 9.9
v -1.4 2.6 9.9
v -1.4 2.7 9.9
v -1.4 3.1 9.9
v -1.4 3.2 9.9
v -1.2 2.5 9.9
v -1.2 2.6 9.9
v -1.2 3 9.9
v -1.2 3.1 9.9
v -1 2.4 9.9
v -1 2.5 9.9
v -0.9 2.3 9.9
v -0.9 2.4 9.9
v -0.9 2.9 9.9
v -0.9 3 9.9
v -0.7 2.8 9.9
v -0.7 2.9 9.9
v -0.4 2.7 9.9
v -0.4 2.8 9.9
v -0.2 2.6 9.9
v -0.2 2.7 9.9
v 0.0999999 2.5 9.9
v 0.0999999 2.6 9.9
v 0.4 2.4 9.9
v 0.4 2.5 9.9
v 0.7 2.3 9.9
v 0.7 2.4 9.9
v -2.1 2.2 9.8
v -2.1 2.3 9.8
v -2.1 3.4 9.8
v -2.1 3.5 9.8
v -1.6 3.3 9.8
v -1.6 3.4 9.8
v -1.5 3.2 9.8
v -1.5 3.3 9.8
v -1.4 3.1 9.8
v -1.4 3.2 9.8
v -1.2 3 9.8
v -1.2 3.1 9.8
v -0.9 2.9 9.8
v -0.9 3 9.8
v -0.7 2.8 9.8
v -0.7 2.9 9.8
v -0.4 2.7 9.8
v -0.4 2.8 9.8
v -0.2 2.6 9.8
v -0.2 2.7 9.8
v 0.0999999 2.5 9.8
v 0.0999999 2.6 9.8
v 0.4 2.4 9.8
v 0.4 2.5 9.8
v 0.7 2.3 9.8
v 0.7 2.4 9.8
v 4.3 2.2 9.8
v 4.3 2.3 9.8
v 4.3 2.7 9.8
v 4.3 3.5 9.8
v -2.1 2.2 12.8
v 4.3 2.2 12.8
v -2.5 2.2 12.7
v -2.1 2.2 12.7
v -2.7 2.2 12.6
v -2.5 2.2 12.6
v -2.8 2.2 12.5
v -2.7 2.2 12.5
v -3 2.2 12.4
v -2.8 2.2 12.4
v -3.2 2.2 12.3
v -3 2.2 12.3
v -3.3 2.2 12.2
v -3.2 2.2 12.2
v -3.4 2.2 12.1
v -3.3 2.2 12.1
v -3.5 2.2 12
v -3.4 2.2 12
v -3.6 2.2 11.9
v -3.5 2.2 11.9
v -3.7 2.2 11.8
v -3.6 2.2 11.8
v -3.8 2.2 11.7
v -3.7 2.2 11.7
v -3.9 2.2 11.6
v -3.8 2.2 11.6
v -3.9 2.2 11
v -3.8 2.2 11
v -3.8 2.2 10.9
v -3.7 2.2 10.9
v -3.7 2.2 10.8
v -3.6 2.2 10.8
v -3.6 2.2 10.7
v -3.5 2.2 10.7
v -3.5 2.2 10.6
v -3.4 2.2 10.6
v -3.4 2.2 10.5
v -3.3 2.2 10.5
v -3.3 2.2 10.4
v -3.2 2.2 10.4
v -3.2 2.2 10.3
v -3 2.2 10.3
v -3 2.2 10.2
v -2.8 2.2 10.2
v -2.8 2.2 10.1
v -2.7 2.2 10.1
v -2.7 2.2 10
v -2.5 2.2 10
v -2.5 2.2 9.9
v -2.1 2.2 9.9
v -2.1 2.2 9.8
v 4.3 2.2 9.8
v 0.4 2.4 12.8
v 0.7 2.4 12.8
v -1 2.4 12.7
v -0.9 2.4 12.7
v 0.4 2.4 12.7
v 0.7 2.4 12.7
v -1.6 2.4 12.6
v -1.5 2.4 12.6
v -1 2.4 12.6
v -0.9 2.4 12.6
v -1.8 2.4 12.5
v -1.6 2.4 12.5
v -1.5 2.4 12.5
v -2 2.4 12.4
v -1.9 2.4 12.4
v -1.8 2.4 12.4
v -1.6 2.4 12.4
v -2.1 2.4 12.3
v -2 2.4 12.3
v -1.9 2.4 12.3
v -2.2 2.4 12.2
v -2.1 2.4 12.2
v -2 2.4 12.2
v -2.3 2.4 12.1
v -2.2 2.4 12.1
v -2.1 2.4 12.1
v -2.4 2.4 12
v -2.3 2.4 12
v -2.2 2.4 12
v -2.5 2.4 11.9
v -2.4 2.4 11.9
v -2.3 2.4 11.9
v -2.6 2.4 11.8
v -2.5 2.4 11.8
v -2.4 2.4 11.8
v -2.7 2.4 11.7
v -2.6 2.4 11.7
v -2.5 2.4 11.7
v -2.8 2.4 11.6
v -2.7 2.4 11.6
v -2.6 2.4 11.6
v -2.9 2.4 11.5
v -2.8 2.4 11.5
v -2.7 2.4 11.5
v -3 2.4 11.4
v -2.9 2.4 11.4
v -3 2.4 11.2
v -2.9 2.4 11.2
v -2.9 2.4 11.1
v -2.8 2.4 11.1
v -2.7 2.4 11.1
v -2.8 2.4 11
v -2.7 2.4 11
v -2.6 2.4 11
v -2.7 2.4 10.9
v -2.6 2.4 10.9
v -2.5 2.4 10.9
v -2.6 2.4 10.8
v -2.5 2.4 10.8
v -2.4 2.4 10.8
v -2.5 2.4 10.7
v -2.4 2.4 10.7
v -2.3 2.4 10.7
v -2.4 2.4 10.6
v -2.3 2.4 10.6
v -2.2 2.4 10.6
v -2.3 2.4 10.5
v -2.2 2.4 10.5
v -2.1 2.4 10.5
v -2.2 2.4 10.4
v -2.1 2.4 10.4
v -2 2.4 10.4
v -2.1 2.4 10.3
v -2 2.4 10.3
v -1.9 2.4 10.3
v -2 2.4 10.2
v -1.9 2.4 10.2
v -1.8 2.4 10.2
v -1.6 2.4 10.2
v -1.8 2.4 10.1
v -1.6 2.4 10.1
v -1.5 2.4 10.1
v -1.6 2.4 10
v -1.5 2.4 10
v -1 2.4 10
v -0.9 2.4 10
v -1 2.4 9.9
v -0.9 2.4 9.9
v 0.4 2.4 9.9
v 0.7 2.4 9.9
v 0.4 2.4 9.8
v 0.7 2.4 9.8
v 0.0999999 2.5 12.8
v 0.4 2.5 12.8
v -1.2 2.5 12.7
v -1 2.5 12.7
v 0.0999999 2.5 12.7
v 0.4 2.5 12.7
v -1.8 2.5 12.6
v -1.6 2.5 12.6
v -1.2 2.5 12.6
v -1 2.5 12.6
v -1.9 2.5 12.5
v -1.8 2.5 12.5
v -1.6 2.5 12.5
v -2.1 2.5 12.4
v -2 2.5 12.4
v -1.9 2.5 12.4
v -1.8 2.5 12.4
v -2.2 2.5 12.3
v -2.1 2.5 12.3
v -2 2.5 12.3
v -2.3 2.5 12.2
v -2.2 2.5 12.2
v -2.1 2.5 12.2
v -2.4 2.5 12.1
v -2.3 2.5 12.1
v -2.2 2.5 12.1
v -2.5 2.5 12
v -2.4 2.5 12
v -2.3 2.5 12
v -2.6 2.5 11.9
v -2.5 2.5 11.9
v -2.4 2.5 11.9
v -2.7 2.5 11.8
v -2.6 2.5 11.8
v -2.5 2.5 11.8
v -2.8 2.5 11.7
v -2.7 2.5 11.7
v -2.6 2.5 11.7
v -2.9 2.5 11.6
v -2.8 2.5 11.6
v -2.7 2.5 11.6
v -3 2.5 11.5
v -2.9 2.5 11.5
v -2.8 2.5 11.5
v -3.2 2.5 11.4
v -3 2.5 11.4
v -2.9 2.5 11.4
v -3.2 2.5 11.2
v -3 2.5 11.2
v -2.9 2.5 11.2
v -3 2.5 11.1
v -2.9 2.5 11.1
v -2.8 2.5 11.1
v -2.9 2.5 11
v -2.8 2.5 11
v -2.7 2.5 11
v -2.8 2.5 10.9
v -2.7 2.5 10.9
v -2.6 2.5 10.9
v -2.7 2.5 10.8
v -2.6 2.5 10.8
v -2.5 2.5 10.8
v -2.6 2.5 10.7
v -2.5 2.5 10.7
v -2.4 2.5 10.7
v -2.5 2.5 10.6
v -2.4 2.5 10.6
v -2.3 2.5 10.6
v -2.4 2.5 10.5
v -2.3 2.5 10.5
v -2.2 2.5 10.5
v -2.3 2.5 10.4
v -2.2 2.5 10.4
v -2.1 2.5 10.4
v -2.2 2.5 10.3
v -2.1 2.5 10.3
v -2 2.5 10.3
v -2.1 2.5 10.2
v -2 2.5 10.2
v -1.9 2.5 10.2
v -1.8 2.5 10.2
v -1.9 2.5 10.1
v -1.8 2.5 10.1
v -1.6 2.5 10.1
v -1.8 2.5 10
v -1.6 2.5 10
v -1.2 2.5 10
v -1 2.5 10
v -1.2 2.5 9.9
v -1 2.5 9.9
v 0.0999999 2.5 9.9
v 0.4 2.5 9.9
v 0.0999999 2.5 9.8
v 0.4 2.5 9.8
v -0.2 2.6 12.8
v 0.0999999 2.6 12.8
v -1.4 2.6 12.7
v -1.2 2.6 12.7
v -0.2 2.6 12.7
v 0.0999999 2.6 12.7
v -1.9 2.6 12.6
v -1.8 2.6 12.6
v -1.4 2.6 12.6
v -1.2 2.6 12.6
v -2.1 2.6 12.5
v -1.9 2.6 12.5
v -1.8 2.6 12.5
v -1.4 2.6 12.5
v -1.3 2.6 12.5
v -2.2 2.6 12.4
v -2.1 2.6 12.4
v -1.9 2.6 12.4
v -1.4 2.6 12.4
v -1.3 2.6 12.4
v -2.3 2.6 12.3
v -2.2 2.6 12.3
v -2.1 2.6 12.3
v -2.4 2.6 12.2
v -2.3 2.6 12.2
v -2.2 2.6 12.2
v -2.5 2.6 12.1
v -2.4 2.6 12.1
v -2.3 2.6 12.1
v -2.6 2.6 12
v -2.5 2.6 12
v -2.4 2.6 12
v -2.7 2.6 11.9
v -2.6 2.6 11.9
v -2.5 2.6 11.9
v -2.8 2.6 11.8
v -2.7 2.6 11.8
v -2.6 2.6 11.8
v -2.9 2.6 11.7
v -2.8 2.6 11.7
v -2.7 2.6 11.7
v -3 2.6 11.6
v -2.9 2.6 11.6
v -2.8 2.6 11.6
v -3.1 2.6 11.5
v -3 2.6 11.5
v -2.9 2.6 11.5
v -3.3 2.6 11.4
v -3.2 2.6 11.4
v -3.1 2.6 11.4
v -3 2.6 11.4
v -3.3 2.6 11.2
v -3.2 2.6 11.2
v -3.1 2.6 11.2
v -3 2.6 11.2
v -3.1 2.6 11.1
v -3 2.6 11.1
v -2.9 2.6 11.1
v -3 2.6 11
v -2.9 2.6 11
v -2.8 2.6 11
v -2.9 2.6 10.9
v -2.8 2.6 10.9
v -2.7 2.6 10.9
v -2.8 2.6 10.8
v -2.7 2.6 10.8
v -2.6 2.6 10.8
v -2.7 2.6 10.7
v -2.6 2.6 10.7
v -2.5 2.6 10.7
v -2.6 2.6 10.6
v -2.5 2.6 10.6
v -2.4 2.6 10.6
v -2.5 2.6 10.5
v -2.4 2.6 10.5
v -2.3 2.6 10.5
v -2.4 2.6 10.4
v -2.3 2.6 10.4
v -2.2 2.6 10.4
v -2.3 2.6 10.3
v -2.2 2.6 10.3
v -2.1 2.6 10.3
v -2.2 2.6 10.2
v -2.1 2.6 10.2
v -1.9 2.6 10.2
v -1.4 2.6 10.2
v -1.3 2.6 10.2
v -2.1 2.6 10.1
v -1.9 2.6 10.1
v -1.8 2.6 10.1
v -1.4 2.6 10.1
v -1.3 2.6 10.1
v -1.9 2.6 10
v -1.8 2.6 10
v -1.4 2.6 10
v -1.2 2.6 10
v -1.4 2.6 9.9
v -1.2 2.6 9.9
v -0.2 2.6 9.9
v 0.0999999 2.6 9.9
v -0.2 2.6 9.8
v 0.0999999 2.6 9.8
v -0.4 2.7 12.8
v -0.2 2.7 12.8
v -1.5 2.7 12.7
v -1.4 2.7 12.7
v -0.4 2.7 12.7
v -0.2 2.7 12.7
v -2 2.7 12.6
v -1.9 2.7 12.6
v -1.5 2.7 12.6
v -1.4 2.7 12.6
v -2.2 2.7 12.5
v -2.1 2.7 12.5
v -2 2.7 12.5
v -1.9 2.7 12.5
v -2.3 2.7 12.4
v -2.2 2.7 12.4
v -2.1 2.7 12.4
v -2.4 2.7 12.3
v -2.3 2.7 12.3
v -2.2 2.7 12.3
v -2.5 2.7 12.2
v -2.4 2.7 12.2
v -2.3 2.7 12.2
v -2.6 2.7 12.1
v -2.5 2.7 12.1
v -2.4 2.7 12.1
v -2.7 2.7 12
v -2.6 2.7 12
v -2.5 2.7 12
v -2.8 2.7 11.9
v -2.7 2.7 11.9
v -2.6 2.7 11.9
v -2.9 2.7 11.8
v -2.8 2.7 11.8
v -2.7 2.7 11.8
v -3 2.7 11.7
v -2.9 2.7 11.7
v -2.8 2.7 11.7
v -3.1 2.7 11.6
v -3 2.7 11.6
v -2.9 2.7 11.6
v -3.2 2.7 11.5
v -3.1 2.7 11.5
v -3 2.7 11.5
v -3.4 2.7 11.4
v -3.3 2.7 11.4
v -3.2 2.7 11.4
v -3.1 2.7 11.4
v -3.4 2.7 11.2
v -3.3 2.7 11.2
v -3.2 2.7 11.2
v -3.1 2.7 11.2
v -3.2 2.7 11.1
v -3.1 2.7 11.1
v -3 2.7 11.1
v -3.1 2.7 11
v -3 2.7 11
v -2.9 2.7 11
v -3 2.7 10.9
v -2.9 2.7 10.9
v -2.8 2.7 10.9
v -2.9 2.7 10.8
v -2.8 2.7 10.8
v -2.7 2.7 10.8
v -2.8 2.7 10.7
v -2.7 2.7 10.7
v -2.6 2.7 10.7
v -2.7 2.7 10.6
v -2.6 2.7 10.6
v -2.5 2.7 10.6
v -2.6 2.7 10.5
v -2.5 2.7 10.5
v -2.4 2.7 10.5
v -2.5 2.7 10.4
v -2.4 2.7 10.4
v -2.3 2.7 10.4
v -2.4 2.7 10.3
v -2.3 2.7 10.3
v -2.2 2.7 10.3
v -2.3 2.7 10.2
v -2.2 2.7 10.2
v -2.1 2.7 10.2
v -2.2 2.7 10.1
v -2.1 2.7 10.1
v -2 2.7 10.1
v -1.9 2.7 10.1
v -2 2.7 10
v -1.9 2.7 10
v -1.5 2.7 10
v -1.4 2.7 10
v -1.5 2.7 9.9
v -1.4 2.7 9.9
v -0.4 2.7 9.9
v -0.2 2.7 9.9
v -0.4 2.7 9.8
v -0.2 2.7 9.8
v -0.7 2.8 12.8
v -0.4 2.8 12.8
v -1.6 2.8 12.7
v -1.5 2.8 12.7
v -0.7 2.8 12.7
v -0.4 2.8 12.7
v -2.1 2.8 12.6
v -2 2.8 12.6
v -1.6 2.8 12.6
v -1.5 2.8 12.6
v -2.3 2.8 12.5
v -2.2 2.8 12.5
v -2.1 2.8 12.5
v -2 2.8 12.5
v -2.4 2.8 12.4
v -2.3 2.8 12.4
v -2.2 2.8 12.4
v -2.5 2.8 12.3
v -2.4 2.8 12.3
v -2.3 2.8 12.3
v -2.6 2.8 12.2
v -2.5 2.8 12.2
v -2.4 2.8 12.2
v -2.7 2.8 12.1
v -2.6 2.8 12.1
v -2.5 2.8 12.1
v -2.8 2.8 12
v -2.7 2.8 12
v -2.6 2.8 12
v -2.9 2.8 11.9
v -2.8 2.8 11.9
v -2.7 2.8 11.9
v -3 2.8 11.8
v -2.9 2.8 11.8
v -2.8 2.8 11.8
v -3.1 2.8 11.7
v -3 2.8 11.7
v -2.9 2.8 11.7
v -3.2 2.8 11.6
v -3.1 2.8 11.6
v -3 2.8 11.6
v -3.3 2.8 11.5
v -3.2 2.8 11.5
v -3.1 2.8 11.5
v -3.5 2.8 11.4
v -3.4 2.8 11.4
v -3.3 2.8 11.4
v -3.2 2.8 11.4
v -3.5 2.8 11.2
v -3.4 2.8 11.2
v -3.3 2.8 11.2
v -3.2 2.8 11.2
v -3.3 2.8 11.1
v -3.2 2.8 11.1
v -3.1 2.8 11.1
v -3.2 2.8 11
v -3.1 2.8 11
v -3 2.8 11
v -3.1 2.8 10.9
v -3 2.8 10.9
v -2.9 2.8 10.9
v -3 2.8 10.8
v -2.9 2.8 10.8
v -2.8 2.8 10.8
v -2.9 2.8 10.7
v -2.8 2.8 10.7
v -2.7 2.8 10.7
v -2.8 2.8 10.6
v -2.7 2.8 10.6
v -2.6 2.8 10.6
v -2.7 2.8 10.5
v -2.6 2.8 10.5
v -2.5 2.8 10.5
v -2.6 2.8 10.4
v -2.5 2.8 10.4
v -2.4 2.8 10.4
v -2.5 2.8 10.3
v -2.4 2.8 10.3
v -2.3 2.8 10.3
v -2.4 2.8 10.2
v -2.3 2.8 10.2
v -2.2 2.8 10.2
v -2.3 2.8 10.1
v -2.2 2.8 10.1
v -2.1 2.8 10.1
v -2 2.8 10.1
v -2.1 2.8 10
v -2 2.8 10
v -1.6 2.8 10
v -1.5 2.8 10
v -1.6 2.8 9.9
v -1.5 2.8 9.9
v -0.7 2.8 9.9
v -0.4 2.8 9.9
v -0.7 2.8 9.8
v -0.4 2.8 9.8
v -0.9 2.9 12.8
v -0.7 2.9 12.8
v -0.9 2.9 12.7
v -0.7 2.9 12.7
v -2.2 2.9 12.6
v -2.1 2.9 12.6
v -2.4 2.9 12.5
v -2.3 2.9 12.5
v -2.2 2.9 12.5
v -2.1 2.9 12.5
v -2.5 2.9 12.4
v -2.4 2.9 12.4
v -2.3 2.9 12.4
v -2.6 2.9 12.3
v -2.5 2.9 12.3
v -2.4 2.9 12.3
v -2.7 2.9 12.2
v -2.6 2.9 12.2
v -2.5 2.9 12.2
v -2.8 2.9 12.1
v -2.7 2.9 12.1
v -2.6 2.9 12.1
v -2.9 2.9 12
v -2.8 2.9 12
v -2.7 2.9 12
v -3 2.9 11.9
v -2.9 2.9 11.9
v -2.8 2.9 11.9
v -3.1 2.9 11.8
v -3 2.9 11.8
v -2.9 2.9 11.8
v -3.2 2.9 11.7
v -3.1 2.9 11.7
v -3 2.9 11.7
v -3.3 2.9 11.6
v -3.2 2.9 11.6
v -3.1 2.9 11.6
v -3.4 2.9 11.5
v -3.3 2.9 11.5
v -3.2 2.9 11.5
v -3.6 2.9 11.4
v -3.5 2.9 11.4
v -3.4 2.9 11.4
v -3.3 2.9 11.4
v -3.6 2.9 11.2
v -3.5 2.9 11.2
v -3.4 2.9 11.2
v -3.3 2.9 11.2
v -3.4 2.9 11.1
v -3.3 2.9 11.1
v -3.2 2.9 11.1
v -3.3 2.9 11
v -3.2 2.9 11
v -3.1 2.9 11
v -3.2 2.9 10.9
v -3.1 2.9 10.9
v -3 2.9 10.9
v -3.1 2.9 10.8
v -3 2.9 10.8
v -2.9 2.9 10.8
v -3 2.9 10.7
v -2.9 2.9 10.7
v -2.8 2.9 10.7
v -2.9 2.9 10.6
v -2.8 2.9 10.6
v -2.7 2.9 10.6
v -2.8 2.9 10.5
v -2.7 2.9 10.5
v -2.6 2.9 10.5
v -2.7 2.9 10.4
v -2.6 2.9 10.4
v -2.5 2.9 10.4
v -2.6 2.9 10.3
v -2.5 2.9 10.3
v -2.4 2.9 10.3
v -2.5 2.9 10.2
v -2.4 2.9 10.2
v -2.3 2.9 10.2
v -2.4 2.9 10.1
v -2.3 2.9 10.1
v -2.2 2.9 10.1
v -2.1 2.9 10.1
v -2.2 2.9 10
v -2.1 2.9 10
v -0.9 2.9 9.9
v -0.7 2.9 9.9
v -0.9 2.9 9.8
v -0.7 2.9 9.8
v -1.2 3 12.8
v -0.9 3 12.8
v -1.7 3 12.7
v -1.6 3 12.7
v -1.2 3 12.7
v -0.9 3 12.7
v -2.3 3 12.6
v -2.2 3 12.6
v -1.7 3 12.6
v -1.6 3 12.6
v -2.5 3 12.5
v -2.4 3 12.5
v -2.3 3 12.5
v -2.2 3 12.5
v -2.6 3 12.4
v -2.5 3 12.4
v -2.4 3 12.4
v -2.7 3 12.3
v -2.6 3 12.3
v -2.5 3 12.3
v -2.8 3 12.2
v -2.7 3 12.2
v -2.6 3 12.2
v -2.9 3 12.1
v -2.8 3 12.1
v -2.7 3 12.1
v -3 3 12
v -2.9 3 12
v -2.8 3 12
v -3.1 3 11.9
v -3 3 11.9
v -2.9 3 11.9
v -3.2 3 11.8
v -3.1 3 11.8
v -3 3 11.8
v -3.3 3 11.7
v -3.2 3 11.7
v -3.1 3 11.7
v -3.4 3 11.6
v -3.3 3 11.6
v -3.2 3 11.6
v -3.5 3 11.5
v -3.4 3 11.5
v -3.3 3 11.5
v -3.5 3 11.4
v -3.4 3 11.4
v -3.5 3 11.2
v -3.4 3 11.2
v -3.5 3 11.1
v -3.4 3 11.1
v -3.3 3 11.1
v -3.4 3 11
v -3.3 3 11
v -3.2 3 11
v -3.3 3 10.9
v -3.2 3 10.9
v -3.1 3 10.9
v -3.2 3 10.8
v -3.1 3 10.8
v -3 3 10.8
v -3.1 3 10.7
v -3 3 10.7
v -2.9 3 10.7
v -3 3 10.6
v -2.9 3 10.6
v -2.8 3 10.6
v -2.9 3 10.5
v -2.8 3 10.5
v -2.7 3 10.5
v -2.8 3 10.4
v -2.7 3 10.4
v -2.6 3 10.4
v -2.7 3 10.3
v -2.6 3 10.3
v -2.5 3 10.3
v -2.6 3 10.2
v -2.5 3 10.2
v -2.4 3 10.2
v -2.5 3 10.1
v -2.4 3 10.1
v -2.3 3 10.1
v -2.2 3 10.1
v -2.3 3 10
v -2.2 3 10
v -1.7 3 10
v -1.6 3 10
v -1.7 3 9.9
v -1.6 3 9.9
v -1.2 3 9.9
v -0.9 3 9.9
v -1.2 3 9.8
v -0.9 3 9.8
v -1.4 3.1 12.8
v -1.2 3.1 12.8
v -1.8 3.1 12.7
v -1.7 3.1 12.7
v -1.4 3.1 12.7
v -1.2 3.1 12.7
v -2.4 3.1 12.6
v -2.3 3.1 12.6
v -1.8 3.1 12.6
v -1.7 3.1 12.6
v -2.6 3.1 12.5
v -2.5 3.1 12.5
v -2.4 3.1 12.5
v -2.3 3.1 12.5
v -2.7 3.1 12.4
v -2.6 3.1 12.4
v -2.5 3.1 12.4
v -2.8 3.1 12.3
v -2.7 3.1 12.3
v -2.6 3.1 12.3
v -2.9 3.1 12.2
v -2.8 3.1 12.2
v -2.7 3.1 12.2
v -3 3.1 12.1
v -2.9 3.1 12.1
v -2.8 3.1 12.1
v -3.1 3.1 12
v -3 3.1 12
v -2.9 3.1 12
v -3.2 3.1 11.9
v -3.1 3.1 11.9
v -3 3.1 11.9
v -3.3 3.1 11.8
v -3.2 3.1 11.8
v -3.1 3.1 11.8
v -3.4 3.1 11.7
v -3.3 3.1 11.7
v -3.2 3.1 11.7
v -3.5 3.1 11.6
v -3.4 3.1 11.6
v -3.3 3.1 11.6
v -3.6 3.1 11.5
v -3.5 3.1 11.5
v -3.4 3.1 11.5
v -3.7 3.1 11.4
v -3.6 3.1 11.4
v -3.5 3.1 11.4
v -3.7 3.1 11.2
v -3.6 3.1 11.2
v -3.5 3.1 11.2
v -3.6 3.1 11.1
v -3.5 3.1 11.1
v -3.4 3.1 11.1
v -3.5 3.1 11
v -3.4 3.1 11
v -3.3 3.1 11
v -3.4 3.1 10.9
v -3.3 3.1 10.9
v -3.2 3.1 10.9
v -3.3 3.1 10.8
v -3.2 3.1 10.8
v -3.1 3.1 10.8
v -3.2 3.1 10.7
v -3.1 3.1 10.7
v -3 3.1 10.7
v -3.1 3.1 10.6
v -3 3.1 10.6
v -2.9 3.1 10.6
v -3 3.1 10.5
v -2.9 3.1 10.5
v -2.8 3.1 10.5
v -2.9 3.1 10.4
v -2.8 3.1 10.4
v -2.7 3.1 10.4
v -2.8 3.1 10.3
v -2.7 3.1 10.3
v -2.6 3.1 10.3
v -2.7 3.1 10.2
v -2.6 3.1 10.2
v -2.5 3.1 10.2
v -2.6 3.1 10.1
v -2.5 3.1 10.1
v -2.4 3.1 10.1
v -2.3 3.1 10.1
v -2.4 3.1 10
v -2.3 3.1 10
v -1.8 3.1 10
v -1.7 3.1 10
v -1.8 3.1 9.9
v -1.7 3.1 9.9
v -1.4 3.1 9.9
v -1.2 3.1 9.9
v -1.4 3.1 9.8
v -1.2 3.1 9.8
v -1.5 3.2 12.8
v -1.4 3.2 12.8
v -1.9 3.2 12.7
v -1.8 3.2 12.7
v -1.5 3.2 12.7
v -1.4 3.2 12.7
v -2.5 3.2 12.6
v -2.4 3.2 12.6
v -1.9 3.2 12.6
v -1.8 3.2 12.6
v -2.7 3.2 12.5
v -2.6 3.2 12.5
v -2.5 3.2 12.5
v -2.4 3.2 12.5
v -2.8 3.2 12.4
v -2.7 3.2 12.4
v -2.6 3.2 12.4
v -2.9 3.2 12.3
v -2.8 3.2 12.3
v -2.7 3.2 12.3
v -3 3.2 12.2
v -2.9 3.2 12.2
v -2.8 3.2 12.2
v -3.1 3.2 12.1
v -3 3.2 12.1
v -2.9 3.2 12.1
v -3.2 3.2 12
v -3.1 3.2 12
v -3 3.2 12
v -3.3 3.2 11.9
v -3.2 3.2 11.9
v -3.1 3.2 11.9
v -3.4 3.2 11.8
v -3.3 3.2 11.8
v -3.2 3.2 11.8
v -3.5 3.2 11.7
v -3.4 3.2 11.7
v -3.3 3.2 11.7
v -3.6 3.2 11.6
v -3.5 3.2 11.6
v -3.4 3.2 11.6
v -3.7 3.2 11.5
v -3.6 3.2 11.5
v -3.5 3.2 11.5
v -3.7 3.2 11.4
v -3.6 3.2 11.4
v -3.7 3.2 11.2
v -3.6 3.2 11.2
v -3.7 3.2 11.1
v -3.6 3.2 11.1
v -3.5 3.2 11.1
v -3.6 3.2 11
v -3.5 3.2 11
v -3.4 3.2 11
v -3.5 3.2 10.9
v -3.4 3.2 10.9
v -3.3 3.2 10.9
v -3.4 3.2 10.8
v -3.3 3.2 10.8
v -3.2 3.2 10.8
v -3.3 3.2 10.7
v -3.2 3.2 10.7
v -3.1 3.2 10.7
v -3.2 3.2 10.6
v -3.1 3.2 10.6
v -3 3.2 10.6
v -3.1 3.2 10.5
v -3 3.2 10.5
v -2.9 3.2 10.5
v -3 3.2 10.4
v -2.9 3.2 10.4
v -2.8 3.2 10.4
v -2.9 3.2 10.3
v -2.8 3.2 10.3
v -2.7 3.2 10.3
v -2.8 3.2 10.2
v -2.7 3.2 10.2
v -2.6 3.2 10.2
v -2.7 3.2 10.1
v -2.6 3.2 10.1
v -2.5 3.2 10.1
v -2.4 3.2 10.1
v -2.5 3.2 10
v -2.4 3.2 10
v -1.9 3.2 10
v -1.8 3.2 10
v -1.9 3.2 9.9
v -1.8 3.2 9.9
v -1.5 3.2 9.9
v -1.4 3.2 9.9
v -1.5 3.2 9.8
v -1.4 3.2 9.8
v -1.6 3.3 12.8
v -1.5 3.3 12.8
v -2 3.3 12.7
v -1.9 3.3 12.7
v -1.6 3.3 12.7
v -1.5 3.3 12.7
v -2.6 3.3 12.6
v -2.5 3.3 12.6
v -2 3.3 12.6
v -1.9 3.3 12.6
v -2.6 3.3 12.5
v -2.5 3.3 12.5
v -3 3.3 12.3
v -2.9 3.3 12.3
v -3.1 3.3 12.2
v -3 3.3 12.2
v -2.9 3.3 12.2
v -3.2 3.3 12.1
v -3.1 3.3 12.1
v -3 3.3 12.1
v -3.3 3.3 12
v -3.2 3.3 12
v -3.1 3.3 12
v -3.4 3.3 11.9
v -3.3 3.3 11.9
v -3.2 3.3 11.9
v -3.5 3.3 11.8
v -3.4 3.3 11.8
v -3.3 3.3 11.8
v -3.6 3.3 11.7
v -3.5 3.3 11.7
v -3.4 3.3 11.7
v -3.7 3.3 11.6
v -3.6 3.3 11.6
v -3.5 3.3 11.6
v -3.8 3.3 11.5
v -3.7 3.3 11.5
v -3.6 3.3 11.5
v -3.9 3.3 11.4
v -3.8 3.3 11.4
v -3.9 3.3 11.2
v -3.8 3.3 11.2
v -3.8 3.3 11.1
v -3.7 3.3 11.1
v -3.6 3.3 11.1
v -3.7 3.3 11
v -3.6 3.3 11
v -3.5 3.3 11
v -3.6 3.3 10.9
v -3.5 3.3 10.9
v -3.4 3.3 10.9
v -3.5 3.3 10.8
v -3.4 3.3 10.8
v -3.3 3.3 10.8
v -3.4 3.3 10.7
v -3.3 3.3 10.7
v -3.2 3.3 10.7
v -3.3 3.3 10.6
v -3.2 3.3 10.6
v -3.1 3.3 10.6
v -3.2 3.3 10.5
v -3.1 3.3 10.5
v -3 3.3 10.5
v -3.1 3.3 10.4
v -3 3.3 10.4
v -2.9 3.3 10.4
v -3 3.3 10.3
v -2.9 3.3 10.3
v -2.6 3.3 10.1
v -2.5 3.3 10.1
v -2.6 3.3 10
v -2.5 3.3 10
v -2 3.3 10
v -1.9 3.3 10
v -2 3.3 9.9
v -1.9 3.3 9.9
v -1.6 3.3 9.9
v -1.5 3.3 9.9
v -1.6 3.3 9.8
v -1.5 3.3 9.8
v -2.1 3.4 12.8
v -1.6 3.4 12.8
v -2.5 3.4 12.7
v -2.1 3.4 12.7
v -2 3.4 12.7
v -1.6 3.4 12.7
v -2.7 3.4 12.6
v -2.6 3.4 12.6
v -2.5 3.4 12.6
v -2 3.4 12.6
v -2.8 3.4 12.5
v -2.7 3.4 12.5
v -2.6 3.4 12.5
v -3 3.4 12.4
v -2.8 3.4 12.4
v -2.7 3.4 12.4
v -3.2 3.4 12.3
v -3 3.4 12.3
v -2.8 3.4 12.3
v -3.3 3.4 12.2
v -3.2 3.4 12.2
v -3.1 3.4 12.2
v -3 3.4 12.2
v -3.4 3.4 12.1
v -3.3 3.4 12.1
v -3.2 3.4 12.1
v -3.1 3.4 12.1
v -3.5 3.4 12
v -3.4 3.4 12
v -3.3 3.4 12
v -3.2 3.4 12
v -3.6 3.4 11.9
v -3.5 3.4 11.9
v -3.4 3.4 11.9
v -3.3 3.4 11.9
v -3.7 3.4 11.8
v -3.6 3.4 11.8
v -3.5 3.4 11.8
v -3.4 3.4 11.8
v -3.8 3.4 11.7
v -3.7 3.4 11.7
v -3.6 3.4 11.7
v -3.5 3.4 11.7
v -3.9 3.4 11.6
v -3.8 3.4 11.6
v -3.7 3.4 11.6
v -3.6 3.4 11.6
v -3.8 3.4 11.5
v -3.7 3.4 11.5
v -3.9 3.4 11.4
v -3.8 3.4 11.4
v -3.9 3.4 11.2
v -3.8 3.4 11.2
v -3.8 3.4 11.1
v -3.7 3.4 11.1
v -3.9 3.4 11
v -3.8 3.4 11
v -3.7 3.4 11
v -3.6 3.4 11
v -3.8 3.4 10.9
v -3.7 3.4 10.9
v -3.6 3.4 10.9
v -3.5 3.4 10.9
v -3.7 3.4 10.8
v -3.6 3.4 10.8
v -3.5 3.4 10.8
v -3.4 3.4 10.8
v -3.6 3.4 10.7
v -3.5 3.4 10.7
v -3.4 3.4 10.7
v -3.3 3.4 10.7
v -3.5 3.4 10.6
v -3.4 3.4 10.6
v -3.3 3.4 10.6
v -3.2 3.4 10.6
v -3.4 3.4 10.5
v -3.3 3.4 10.5
v -3.2 3.4 10.5
v -3.1 3.4 10.5
v -3.3 3.4 10.4
v -3.2 3.4 10.4
v -3.1 3.4 10.4
v -3 3.4 10.4
v -3.2 3.4 10.3
v -3 3.4 10.3
v -2.8 3.4 10.3
v -3 3.4 10.2
v -2.8 3.4 10.2
v -2.7 3.4 10.2
v -2.8 3.4 10.1
v -2.7 3.4 10.1
v -2.6 3.4 10.1
v -2.7 3.4 10
v -2.6 3.4 10
v -2.5 3.4 10
v -2 3.4 10
v -2.5 3.4 9.9
v -2.1 3.4 9.9
v -2 3.4 9.9
v -1.6 3.4 9.9
v -2.1 3.4 9.8
v -1.6 3.4 9.8
v -0.2 4.2 12.5
v 0.3 4.2 12.5
v 0.4 4.2 12.5
v 0.8 4.2 12.5
v 0.9 4.2 12.5
v 1.2 4.2 12.5
v -0.2 4.2 12.4
v 0.3 4.2 12.4
v 0.4 4.2 12.4
v 0.8 4.2 12.4
v 0.9 4.2 12.4
v 1.2 4.2 12.4
v -0.2 4.2 10.2
v 0.3 4.2 10.2
v 0.4 4.2 10.2
v 0.8 4.2 10.2
v 0.9 4.2 10.2
v 1.2 4.2 10.2
v -0.2 4.2 10.1
v 0.3 4.2 10.1
v 0.4 4.2 10.1
v 0.8 4.2 10.1
v 0.9 4.2 10.1
v 1.2 4.2 10.1
v 1.2 4.3 12.5
v 1.5 4.3 12.5
v 1.2 4.3 12.4
v 1.5 4.3 12.4
v 1.2 4.3 10.2
v 1.5 4.3 10.2
v 1.2 4.3 10.1
v 1.5 4.3 10.1
v -0.2 4.5 12.5
v 0.3 4.5 12.5
v 0.4 4.5 12.5
v 0.8 4.5 12.5
v 0.9 4.5 12.5
v 1.4 4.5 12.5
v -0.3 4.5 12.4
v -0.2 4.5 12.4
v 0.3 4.5 12.4
v 0.4 4.5 12.4
v 0.8 4.5 12.4
v 0.9 4.5 12.4
v 1.4 4.5 12.4
v 1.5 4.5 12.4
v -0.3 4.5 12
v -0.3 4.5 11.9
v -0.3 4.5 11.4
v -0.3 4.5 11.2
v -0.3 4.5 10.2
v -0.2 4.5 10.2
v 0.3 4.5 10.2
v 0.4 4.5 10.2
v 0.8 4.5 10.2
v 0.9 4.5 10.2
v 1.4 4.5 10.2
v 1.5 4.5 10.2
v -0.2 4.5 10.1
v 0.3 4.5 10.1
v 0.4 4.5 10.1
v 0.8 4.5 10.1
v 0.9 4.5 10.1
v 1.4 4.5 10.1
v -0.4 5 11.5
v -0.2 5 11.5
v -0.5 5 11.4
v -0.4 5 11.4
v -0.3 5 11.4
v -0.2 5 11.4
v -0.0999999 5 11.4
v -0.5 5 11.2
v -0.4 5 11.2
v -0.3 5 11.2
v -0.2 5 11.2
v -0.0999999 5 11.2
v -0.4 5 11.1
v -0.2 5 11.1
v -0.4 5.1 11.6
v -0.2 5.1 11.6
v -0.5 5.1 11.5
v -0.4 5.1 11.5
v -0.2 5.1 11.5
v -0.0999999 5.1 11.5
v -0.6 5.1 11.4
v -0.5 5.1 11.4
v -0.4 5.1 11.4
v -0.2 5.1 11.4
v -0.0999999 5.1 11.4
v 0 5.1 11.4
v -0.6 5.1 11.2
v -0.5 5.1 11.2
v -0.4 5.1 11.2
v -0.2 5.1 11.2
v -0.0999999 5.1 11.2
v 0 5.1 11.2
v -0.5 5.1 11.1
v -0.4 5.1 11.1
v -0.2 5.1 11.1
v -0.0999999 5.1 11.1
v -0.4 5.1 11
v -0.2 5.1 11
v -0.3 5.6 12
v -0.0999999 5.6 12
v -0.3 5.6 11.9
v -0.0999999 5.6 11.9
v -2.1 2.3 12.8
v 0.7 2.3 12.8
v -2.5 2.3 12.7
v -2.1 2.3 12.7
v -0.9 2.3 12.7
v 0.7 2.3 12.7
v -2.7 2.3 12.6
v -2.5 2.3 12.6
v -1.5 2.3 12.6
v -0.9 2.3 12.6
v -2.8 2.3 12.5
v -2.7 2.3 12.5
v -1.6 2.3 12.5
v -1.5 2.3 12.5
v -3 2.3 12.4
v -2.8 2.3 12.4
v -1.9 2.3 12.4
v -1.6 2.3 12.4
v -3.2 2.3 12.3
v -3 2.3 12.3
v -2 2.3 12.3
v -1.9 2.3 12.3
v -3.3 2.3 12.2
v -3.2 2.3 12.2
v -2.1 2.3 12.2
v -2 2.3 12.2
v -3.4 2.3 12.1
v -3.3 2.3 12.1
v -2.2 2.3 12.1
v -2.1 2.3 12.1
v -3.5 2.3 12
v -3.4 2.3 12
v -2.3 2.3 12
v -2.2 2.3 12
v -3.6 2.3 11.9
v -3.5 2.3 11.9
v -2.4 2.3 11.9
v -2.3 2.3 11.9
v -3.7 2.3 11.8
v -3.6 2.3 11.8
v -2.5 2.3 11.8
v -2.4 2.3 11.8
v -3.8 2.3 11.7
v -3.7 2.3 11.7
v -2.6 2.3 11.7
v -2.5 2.3 11.7
v -3.9 2.3 11.6
v -3.8 2.3 11.6
v -2.7 2.3 11.6
v -2.6 2.3 11.6
v -2.8 2.3 11.5
v -2.7 2.3 11.5
v -2.8 2.3 11.1
v -2.7 2.3 11.1
v -3.9 2.3 11
v -3.8 2.3 11
v -2.7 2.3 11
v -2.6 2.3 11
v -3.8 2.3 10.9
v -3.7 2.3 10.9
v -2.6 2.3 10.9
v -2.5 2.3 10.9
v -3.7 2.3 10.8
v -3.6 2.3 10.8
v -2.5 2.3 10.8
v -2.4 2.3 10.8
v -3.6 2.3 10.7
v -3.5 2.3 10.7
v -2.4 2.3 10.7
v -2.3 2.3 10.7
v -3.5 2.3 10.6
v -3.4 2.3 10.6
v -2.3 2.3 10.6
v -2.2 2.3 10.6
v -3.4 2.3 10.5
v -3.3 2.3 10.5
v -2.2 2.3 10.5
v -2.1 2.3 10.5
v -3.3 2.3 10.4
v -3.2 2.3 10.4
v -2.1 2.3 10.4
v -2 2.3 10.4
v -3.2 2.3 10.3
v -3 2.3 10.3
v -2 2.3 10.3
v -1.9 2.3 10.3
v -3 2.3 10.2
v -2.8 2.3 10.2
v -1.9 2.3 10.2
v -1.6 2.3 10.2
v -2.8 2.3 10.1
v -2.7 2.3 10.1
v -1.6 2.3 10.1
v -1.5 2.3 10.1
v -2.7 2.3 10
v -2.5 2.3 10
v -1.5 2.3 10
v -0.9 2.3 10
v -2.5 2.3 9.9
v -2.1 2.3 9.9
v -0.9 2.3 9.9
v 0.7 2.3 9.9
v -2.1 2.3 9.8
v 0.7 2.3 9.8
v -1.4 2.5 12.5
v -1.3 2.5 12.5
v -1.4 2.5 12.4
v -1.3 2.5 12.4
v -1.4 2.5 10.2
v -1.3 2.5 10.2
v -1.4 2.5 10.1
v -1.3 2.5 10.1
v 1.1 3 12.4
v 2.1 3 12.4
v 2.6 3 12.4
v 4 3 12.4
v 4.1 3 12.4
v -0.3 3 12.3
v -0.2 3 12.3
v 1.1 3 12.3
v 2 3 12.3
v 2.1 3 12.3
v 2.6 3 12.3
v 2.7 3 12.3
v 3.8 3 12.3
v -0.3 3 12.2
v -0.2 3 12.2
v 3.8 3 12.2
v 3.9 3 12.2
v 3.9 3 11.8
v 4 3 11.8
v 4 3 11.7
v 4.1 3 11.7
v 4 3 10.9
v 4.1 3 10.9
v 3.9 3 10.8
v 4 3 10.8
v -0.3 3 10.4
v -0.2 3 10.4
v 3.8 3 10.4
v 3.9 3 10.4
v -0.3 3 10.3
v -0.2 3 10.3
v 1 3 10.3
v 1.3 3 10.3
v 1.4 3 10.3
v 1.9 3 10.3
v 2 3 10.3
v 3.8 3 10.3
v 1 3 10.2
v 1.4 3 10.2
v 1.9 3 10.2
v 4 3 10.2
v 4.1 3 10.2
v -1.9 3.4 12.4
v -1.8 3.4 12.4
v -1.6 3.4 12.4
v -1 3.4 12.4
v -2.2 3.4 12.3
v -2.1 3.4 12.3
v -2 3.4 12.3
v -1.9 3.4 12.3
v -1 3.4 12.3
v -0.9 3.4 12.3
v -2.6 3.4 12.2
v -2.5 3.4 12.2
v -2.3 3.4 12.2
v -2.2 3.4 12.2
v -0.2 3.4 12.2
v 2 3.4 12.2
v 2.7 3.4 12.2
v 3.8 3.4 12.2
v -2.6 3.4 12.1
v -2.5 3.4 12.1
v -2.4 3.4 12.1
v -1.7 3.4 12.1
v -1.6 3.4 12.1
v -0.9 3.4 12.1
v -2.8 3.4 12
v -2.7 3.4 12
v -2.6 3.4 12
v -2.5 3.4 12
v -1.6 3.4 12
v -1.5 3.4 12
v 2 3.4 12
v 2.1 3.4 12
v 2.6 3.4 12
v 2.7 3.4 12
v -2.9 3.4 11.9
v -2.8 3.4 11.9
v -2.7 3.4 11.9
v -2.6 3.4 11.9
v -1.5 3.4 11.9
v -1.4 3.4 11.9
v 2.1 3.4 11.9
v 2.2 3.4 11.9
v 2.5 3.4 11.9
v 2.6 3.4 11.9
v -3.1 3.4 11.8
v -3 3.4 11.8
v -2.9 3.4 11.8
v -2.8 3.4 11.8
v -2.7 3.4 11.8
v -1.4 3.4 11.8
v -1.3 3.4 11.8
v 2.2 3.4 11.8
v 2.5 3.4 11.8
v 3.3 3.4 11.8
v 3.4 3.4 11.8
v 3.5 3.4 11.8
v 3.6 3.4 11.8
v 3.7 3.4 11.8
v 3.8 3.4 11.8
v -3.2 3.4 11.7
v -3.1 3.4 11.7
v 3.2 3.4 11.7
v 3.3 3.4 11.7
v -3.3 3.4 11.6
v -3.2 3.4 11.6
v -2.9 3.4 11.6
v -2.8 3.4 11.6
v -1.3 3.4 11.6
v -1.2 3.4 11.6
v 3.2 3.4 11.6
v -3.4 3.4 11.5
v -3.3 3.4 11.5
v -2.9 3.4 11.5
v 3.1 3.4 11.5
v 3.2 3.4 11.5
v -3.5 3.4 11.4
v -3.4 3.4 11.4
v 3.1 3.4 11.4
v -3.5 3.4 11.2
v -3.4 3.4 11.2
v 3.1 3.4 11.2
v -3.4 3.4 11.1
v -3.3 3.4 11.1
v -2.9 3.4 11.1
v 3.1 3.4 11.1
v 3.2 3.4 11.1
v -3.3 3.4 11
v -3.2 3.4 11
v -2.9 3.4 11
v -2.8 3.4 11
v -1.3 3.4 11
v -1.2 3.4 11
v 3.2 3.4 11
v -3.2 3.4 10.9
v -3.1 3.4 10.9
v 3.2 3.4 10.9
v 3.3 3.4 10.9
v -3.1 3.4 10.8
v -3 3.4 10.8
v -2.9 3.4 10.8
v -2.8 3.4 10.8
v -2.7 3.4 10.8
v -1.4 3.4 10.8
v -1.3 3.4 10.8
v 1.5 3.4 10.8
v 1.8 3.4 10.8
v 3.3 3.4 10.8
v 3.4 3.4 10.8
v 3.5 3.4 10.8
v 3.6 3.4 10.8
v 3.7 3.4 10.8
v 3.8 3.4 10.8
v -2.9 3.4 10.7
v -2.8 3.4 10.7
v -2.7 3.4 10.7
v -2.6 3.4 10.7
v -1.5 3.4 10.7
v -1.4 3.4 10.7
v 1.4 3.4 10.7
v 1.5 3.4 10.7
v 1.8 3.4 10.7
v 1.9 3.4 10.7
v -2.8 3.4 10.6
v -2.7 3.4 10.6
v -2.6 3.4 10.6
v -2.5 3.4 10.6
v -1.6 3.4 10.6
v -1.5 3.4 10.6
v 1.3 3.4 10.6
v 1.4 3.4 10.6
v 1.9 3.4 10.6
v 2 3.4 10.6
v -2.7 3.4 10.5
v -2.6 3.4 10.5
v -2.5 3.4 10.5
v -2.4 3.4 10.5
v -1.7 3.4 10.5
v -1.6 3.4 10.5
v -2.6 3.4 10.4
v -2.4 3.4 10.4
v -2.3 3.4 10.4
v -2.2 3.4 10.4
v -0.9 3.4 10.4
v -0.2 3.4 10.4
v 1.3 3.4 10.4
v 2 3.4 10.4
v 3.8 3.4 10.4
v -2.2 3.4 10.3
v -2.1 3.4 10.3
v -2 3.4 10.3
v -1.9 3.4 10.3
v -1 3.4 10.3
v -0.9 3.4 10.3
v -1.9 3.4 10.2
v -1.8 3.4 10.2
v -1.6 3.4 10.2
v -1 3.4 10.2
v -2.1 3.5 12.8
v 4.3 3.5 12.8
v -2.5 3.5 12.7
v -2.1 3.5 12.7
v -1.8 3.5 12.7
v -1.6 3.5 12.7
v -1.2 3.5 12.7
v 0.3 3.5 12.7
v 2.7 3.5 12.7
v 3.4 3.5 12.7
v 4.2 3.5 12.7
v -2.7 3.5 12.6
v -2.5 3.5 12.6
v -2.3 3.5 12.6
v -2.2 3.5 12.6
v -2 3.5 12.6
v -1.9 3.5 12.6
v -1.8 3.5 12.6
v -1.6 3.5 12.6
v -1.2 3.5 12.6
v 0.3 3.5 12.6
v 2.6 3.5 12.6
v 2.7 3.5 12.6
v 3.3 3.5 12.6
v 3.4 3.5 12.6
v 3.8 3.5 12.6
v 4 3.5 12.6
v 4.1 3.5 12.6
v -2.8 3.5 12.5
v -2.7 3.5 12.5
v -2.5 3.5 12.5
v -2.4 3.5 12.5
v -2.3 3.5 12.5
v -2.2 3.5 12.5
v -2.1 3.5 12.5
v -2 3.5 12.5
v -1.9 3.5 12.5
v -1.8 3.5 12.5
v -1.6 3.5 12.5
v -1 3.5 12.5
v -0.9 3.5 12.5
v -0.8 3.5 12.5
v -0.7 3.5 12.5
v -0.2 3.5 12.5
v -0.0999999 3.5 12.5
v 0.3 3.5 12.5
v 0.4 3.5 12.5
v 0.8 3.5 12.5
v 0.9 3.5 12.5
v 1.1 3.5 12.5
v 1.2 3.5 12.5
v 1.3 3.5 12.5
v 2.1 3.5 12.5
v 2.2 3.5 12.5
v 2.5 3.5 12.5
v 2.6 3.5 12.5
v 3.1 3.5 12.5
v 3.3 3.5 12.5
v 3.8 3.5 12.5
v 4 3.5 12.5
v 4.1 3.5 12.5
v 4.2 3.5 12.5
v -3 3.5 12.4
v -2.8 3.5 12.4
v -2.7 3.5 12.4
v -2.6 3.5 12.4
v -2.5 3.5 12.4
v -2.4 3.5 12.4
v -2.3 3.5 12.4
v -2.2 3.5 12.4
v -2.1 3.5 12.4
v -2 3.5 12.4
v -1.9 3.5 12.4
v -1.8 3.5 12.4
v -1.6 3.5 12.4
v -1 3.5 12.4
v -0.9 3.5 12.4
v -0.8 3.5 12.4
v -0.7 3.5 12.4
v -0.2 3.5 12.4
v -0.0999999 3.5 12.4
v 0.3 3.5 12.4
v 0.4 3.5 12.4
v 0.8 3.5 12.4
v 1.1 3.5 12.4
v 1.2 3.5 12.4
v 1.3 3.5 12.4
v 2.1 3.5 12.4
v 2.2 3.5 12.4
v 2.5 3.5 12.4
v 2.6 3.5 12.4
v 3.1 3.5 12.4
v 4 3.5 12.4
v 4.1 3.5 12.4
v 4.2 3.5 12.4
v -3.2 3.5 12.3
v -3 3.5 12.3
v -2.9 3.5 12.3
v -2.8 3.5 12.3
v -2.7 3.5 12.3
v -2.6 3.5 12.3
v -2.5 3.5 12.3
v -2.4 3.5 12.3
v -2.3 3.5 12.3
v -2.2 3.5 12.3
v -2.1 3.5 12.3
v -2 3.5 12.3
v -1.9 3.5 12.3
v -1 3.5 12.3
v -0.9 3.5 12.3
v -0.8 3.5 12.3
v -0.2 3.5 12.3
v 0.9 3.5 12.3
v 1.1 3.5 12.3
v 2 3.5 12.3
v 2.7 3.5 12.3
v 3.8 3.5 12.3
v -3.3 3.5 12.2
v -3.2 3.5 12.2
v -3 3.5 12.2
v -2.9 3.5 12.2
v -2.8 3.5 12.2
v -2.7 3.5 12.2
v -2.6 3.5 12.2
v -2.5 3.5 12.2
v -2.3 3.5 12.2
v -2.2 3.5 12.2
v -0.3 3.5 12.2
v -0.2 3.5 12.2
v 2 3.5 12.2
v 2.7 3.5 12.2
v 3.8 3.5 12.2
v 3.9 3.5 12.2
v -3.4 3.5 12.1
v -3.3 3.5 12.1
v -3.1 3.5 12.1
v -3 3.5 12.1
v -2.9 3.5 12.1
v -2.8 3.5 12.1
v -2.7 3.5 12.1
v -2.6 3.5 12.1
v -0.9 3.5 12.1
v -0.8 3.5 12.1
v -3.5 3.5 12
v -3.4 3.5 12
v -3.3 3.5 12
v -3.2 3.5 12
v -3.1 3.5 12
v -3 3.5 12
v -2.9 3.5 12
v -2.8 3.5 12
v -2.7 3.5 12
v -2.6 3.5 12
v -3.6 3.5 11.9
v -3.5 3.5 11.9
v -3.4 3.5 11.9
v -3.3 3.5 11.9
v -3.2 3.5 11.9
v -3.1 3.5 11.9
v -3 3.5 11.9
v -2.9 3.5 11.9
v -2.8 3.5 11.9
v -3.7 3.5 11.8
v -3.6 3.5 11.8
v -3.5 3.5 11.8
v -3.4 3.5 11.8
v -3.3 3.5 11.8
v -3.2 3.5 11.8
v -3.1 3.5 11.8
v -3 3.5 11.8
v -2.9 3.5 11.8
v 3.8 3.5 11.8
v 3.9 3.5 11.8
v -3.8 3.5 11.7
v -3.7 3.5 11.7
v -3.6 3.5 11.7
v -3.5 3.5 11.7
v -3.4 3.5 11.7
v -3.3 3.5 11.7
v -3.2 3.5 11.7
v -3.1 3.5 11.7
v 4.1 3.5 11.7
v 4.2 3.5 11.7
v -3.9 3.5 11.6
v -3.8 3.5 11.6
v -3.7 3.5 11.6
v -3.6 3.5 11.6
v -3.5 3.5 11.6
v -3.4 3.5 11.6
v -3.3 3.5 11.6
v -3.2 3.5 11.6
v 4.1 3.5 11.6
v 4.2 3.5 11.6
v -3.8 3.5 11.5
v -3.7 3.5 11.5
v -3.6 3.5 11.5
v -3.5 3.5 11.5
v -3.4 3.5 11.5
v -3.3 3.5 11.5
v 4.2 3.5 11.5
v -3.8 3.5 11.4
v -3.7 3.5 11.4
v -3.5 3.5 11.4
v -3.4 3.5 11.4
v -3.8 3.5 11.2
v -3.7 3.5 11.2
v -3.5 3.5 11.2
v -3.4 3.5 11.2
v -3.8 3.5 11.1
v -3.7 3.5 11.1
v -3.6 3.5 11.1
v -3.5 3.5 11.1
v -3.4 3.5 11.1
v -3.3 3.5 11.1
v 4.2 3.5 11.1
v -3.9 3.5 11
v -3.8 3.5 11
v -3.7 3.5 11
v -3.6 3.5 11
v -3.5 3.5 11
v -3.4 3.5 11
v -3.3 3.5 11
v -3.2 3.5 11
v 4.1 3.5 11
v 4.2 3.5 11
v -3.8 3.5 10.9
v -3.7 3.5 10.9
v -3.6 3.5 10.9
v -3.5 3.5 10.9
v -3.4 3.5 10.9
v -3.3 3.5 10.9
v -3.2 3.5 10.9
v -3.1 3.5 10.9
v 4.1 3.5 10.9
v 4.2 3.5 10.9
v -3.7 3.5 10.8
v -3.6 3.5 10.8
v -3.5 3.5 10.8
v -3.4 3.5 10.8
v -3.3 3.5 10.8
v -3.2 3.5 10.8
v -3.1 3.5 10.8
v -3 3.5 10.8
v -2.9 3.5 10.8
v 3.8 3.5 10.8
v 3.9 3.5 10.8
v -3.6 3.5 10.7
v -3.5 3.5 10.7
v -3.4 3.5 10.7
v -3.3 3.5 10.7
v -3.2 3.5 10.7
v -3.1 3.5 10.7
v -3 3.5 10.7
v -2.9 3.5 10.7
v -2.8 3.5 10.7
v -3.5 3.5 10.6
v -3.4 3.5 10.6
v -3.3 3.5 10.6
v -3.2 3.5 10.6
v -3.1 3.5 10.6
v -3 3.5 10.6
v -2.9 3.5 10.6
v -2.8 3.5 10.6
v -2.7 3.5 10.6
v -3.4 3.5 10.5
v -3.3 3.5 10.5
v -3.1 3.5 10.5
v -3 3.5 10.5
v -2.9 3.5 10.5
v -2.8 3.5 10.5
v -2.7 3.5 10.5
v -2.6 3.5 10.5
v -3.3 3.5 10.4
v -3.2 3.5 10.4
v -3 3.5 10.4
v -2.9 3.5 10.4
v -2.8 3.5 10.4
v -2.7 3.5 10.4
v -2.6 3.5 10.4
v -2.4 3.5 10.4
v -2.3 3.5 10.4
v -2.2 3.5 10.4
v -0.9 3.5 10.4
v -0.8 3.5 10.4
v -0.3 3.5 10.4
v -0.2 3.5 10.4
v 1.3 3.5 10.4
v 2 3.5 10.4
v 3.8 3.5 10.4
v 3.9 3.5 10.4
v -3.2 3.5 10.3
v -3 3.5 10.3
v -2.9 3.5 10.3
v -2.8 3.5 10.3
v -2.7 3.5 10.3
v -2.6 3.5 10.3
v -2.4 3.5 10.3
v -2.3 3.5 10.3
v -2.2 3.5 10.3
v -2.1 3.5 10.3
v -2 3.5 10.3
v -1.9 3.5 10.3
v -1 3.5 10.3
v -0.9 3.5 10.3
v -0.8 3.5 10.3
v -0.2 3.5 10.3
v 0.9 3.5 10.3
v 1 3.5 10.3
v 1.3 3.5 10.3
v 2 3.5 10.3
v 3.8 3.5 10.3
v -3 3.5 10.2
v -2.8 3.5 10.2
v -2.7 3.5 10.2
v -2.6 3.5 10.2
v -2.5 3.5 10.2
v -2.4 3.5 10.2
v -2.3 3.5 10.2
v -2.1 3.5 10.2
v -2 3.5 10.2
v -1.9 3.5 10.2
v -1.8 3.5 10.2
v -1.6 3.5 10.2
v -1 3.5 10.2
v -0.9 3.5 10.2
v -0.8 3.5 10.2
v -0.7 3.5 10.2
v -0.2 3.5 10.2
v 0.3 3.5 10.2
v 0.4 3.5 10.2
v 0.8 3.5 10.2
v 1 3.5 10.2
v 1.2 3.5 10.2
v 1.3 3.5 10.2
v 1.4 3.5 10.2
v 1.5 3.5 10.2
v 1.8 3.5 10.2
v 1.9 3.5 10.2
v 2.1 3.5 10.2
v 3.1 3.5 10.2
v 4 3.5 10.2
v 4.1 3.5 10.2
v 4.2 3.5 10.2
v -2.8 3.5 10.1
v -2.7 3.5 10.1
v -2.5 3.5 10.1
v -2.4 3.5 10.1
v -2.3 3.5 10.1
v -2.2 3.5 10.1
v -2.1 3.5 10.1
v -2 3.5 10.1
v -1.8 3.5 10.1
v -1.7 3.5 10.1
v -1.6 3.5 10.1
v -1 3.5 10.1
v -0.9 3.5 10.1
v -0.8 3.5 10.1
v -0.7 3.5 10.1
v -0.2 3.5 10.1
v 0.3 3.5 10.1
v 0.4 3.5 10.1
v 0.8 3.5 10.1
v 0.9 3.5 10.1
v 1.2 3.5 10.1
v 1.3 3.5 10.1
v 1.4 3.5 10.1
v 1.5 3.5 10.1
v 1.8 3.5 10.1
v 1.9 3.5 10.1
v 2.1 3.5 10.1
v 2.6 3.5 10.1
v 3.1 3.5 10.1
v 3.3 3.5 10.1
v 3.8 3.5 10.1
v 4 3.5 10.1
v 4.1 3.5 10.1
v 4.2 3.5 10.1
v -2.7 3.5 10
v -2.5 3.5 10
v -2.3 3.5 10
v -2.2 3.5 10
v -1.8 3.5 10
v -1.7 3.5 10
v -1.6 3.5 10
v -1.2 3.5 10
v 0.3 3.5 10
v 2.6 3.5 10
v 2.7 3.5 10
v 3.3 3.5 10
v 3.4 3.5 10
v 3.8 3.5 10
v 4 3.5 10
v 4.1 3.5 10
v -2.5 3.5 9.9
v -2.1 3.5 9.9
v -1.8 3.5 9.9
v -1.6 3.5 9.9
v -1.2 3.5 9.9
v 0.3 3.5 9.9
v 2.7 3.5 9.9
v 3.4 3.5 9.9
v 4.2 3.5 9.9
v -2.1 3.5 9.8
v 4.3 3.5 9.8
v -0.7 3.6 12.5
v -0.6 3.6 12.5
v 2.2 3.6 12.5
v 2.5 3.6 12.5
v -0.8 3.6 12.4
v -0.7 3.6 12.4
v -0.6 3.6 12.4
v 2.1 3.6 12.4
v 2.2 3.6 12.4
v 2.3 3.6 12.4
v 2.4 3.6 12.4
v 2.5 3.6 12.4
v 2.6 3.6 12.4
v 2 3.6 12.3
v 2.1 3.6 12.3
v 2.2 3.6 12.3
v 2.3 3.6 12.3
v 2.4 3.6 12.3
v 2.5 3.6 12.3
v 2.6 3.6 12.3
v 2.7 3.6 12.3
v 2.1 3.6 12.2
v 2.2 3.6 12.2
v 2.5 3.6 12.2
v 2.6 3.6 12.2
v 2.1 3.6 12.1
v 2.2 3.6 12.1
v 2.5 3.6 12.1
v 2.6 3.6 12.1
v 2 3.6 12
v 2.1 3.6 12
v 2.2 3.6 12
v 2.3 3.6 12
v 2.4 3.6 12
v 2.5 3.6 12
v 2.6 3.6 12
v 2.7 3.6 12
v 2.1 3.6 11.9
v 2.2 3.6 11.9
v 2.3 3.6 11.9
v 2.4 3.6 11.9
v 2.5 3.6 11.9
v 2.6 3.6 11.9
v 2.2 3.6 11.8
v 2.5 3.6 11.8
v 3.3 3.6 11.8
v 3.4 3.6 11.8
v 3.5 3.6 11.8
v 3.6 3.6 11.8
v 3.7 3.6 11.8
v 3.8 3.6 11.8
v 3.9 3.6 11.8
v 4 3.6 11.8
v 3.2 3.6 11.7
v 3.3 3.6 11.7
v 3.4 3.6 11.7
v 3.5 3.6 11.7
v 3.6 3.6 11.7
v 3.7 3.6 11.7
v 3.8 3.6 11.7
v 3.9 3.6 11.7
v 4 3.6 11.7
v 4.1 3.6 11.7
v 3.2 3.6 11.6
v 3.3 3.6 11.6
v 3.4 3.6 11.6
v 3.5 3.6 11.6
v 3.8 3.6 11.6
v 3.9 3.6 11.6
v 4 3.6 11.6
v 4.1 3.6 11.6
v 4.2 3.6 11.6
v 3.1 3.6 11.5
v 3.2 3.6 11.5
v 3.3 3.6 11.5
v 3.4 3.6 11.5
v 3.9 3.6 11.5
v 4 3.6 11.5
v 4.1 3.6 11.5
v 4.2 3.6 11.5
v 3.1 3.6 11.4
v 3.2 3.6 11.4
v 3.3 3.6 11.4
v 4 3.6 11.4
v 4.1 3.6 11.4
v 3.1 3.6 11.2
v 3.2 3.6 11.2
v 3.3 3.6 11.2
v 4 3.6 11.2
v 4.1 3.6 11.2
v 3.1 3.6 11.1
v 3.2 3.6 11.1
v 3.3 3.6 11.1
v 3.4 3.6 11.1
v 3.9 3.6 11.1
v 4 3.6 11.1
v 4.1 3.6 11.1
v 4.2 3.6 11.1
v 3.2 3.6 11
v 3.3 3.6 11
v 3.4 3.6 11
v 3.5 3.6 11
v 3.8 3.6 11
v 3.9 3.6 11
v 4 3.6 11
v 4.1 3.6 11
v 4.2 3.6 11
v 3.2 3.6 10.9
v 3.3 3.6 10.9
v 3.4 3.6 10.9
v 3.5 3.6 10.9
v 3.6 3.6 10.9
v 3.7 3.6 10.9
v 3.8 3.6 10.9
v 3.9 3.6 10.9
v 4 3.6 10.9
v 4.1 3.6 10.9
v 1.5 3.6 10.8
v 1.8 3.6 10.8
v 3.3 3.6 10.8
v 3.4 3.6 10.8
v 3.5 3.6 10.8
v 3.6 3.6 10.8
v 3.7 3.6 10.8
v 3.8 3.6 10.8
v 3.9 3.6 10.8
v 4 3.6 10.8
v 1.4 3.6 10.7
v 1.5 3.6 10.7
v 1.6 3.6 10.7
v 1.7 3.6 10.7
v 1.8 3.6 10.7
v 1.9 3.6 10.7
v 1.3 3.6 10.6
v 1.4 3.6 10.6
v 1.5 3.6 10.6
v 1.6 3.6 10.6
v 1.7 3.6 10.6
v 1.8 3.6 10.6
v 1.9 3.6 10.6
v 2 3.6 10.6
v 1.4 3.6 10.5
v 1.5 3.6 10.5
v 1.8 3.6 10.5
v 1.9 3.6 10.5
v 1.4 3.6 10.4
v 1.5 3.6 10.4
v 1.8 3.6 10.4
v 1.9 3.6 10.4
v 1.3 3.6 10.3
v 1.4 3.6 10.3
v 1.5 3.6 10.3
v 1.6 3.6 10.3
v 1.7 3.6 10.3
v 1.8 3.6 10.3
v 1.9 3.6 10.3
v 2 3.6 10.3
v -0.8 3.6 10.2
v -0.7 3.6 10.2
v -0.6 3.6 10.2
v 1.4 3.6 10.2
v 1.5 3.6 10.2
v 1.6 3.6 10.2
v 1.7 3.6 10.2
v 1.8 3.6 10.2
v 1.9 3.6 10.2
v -0.7 3.6 10.1
v -0.6 3.6 10.1
v 1.5 3.6 10.1
v 1.8 3.6 10.1
v -0.6 3.7 12.5
v -0.5 3.7 12.5
v -0.7 3.7 12.4
v -0.6 3.7 12.4
v -0.5 3.7 12.4
v -2.5 3.7 12.1
v -2.4 3.7 12.1
v -1.7 3.7 12.1
v -1.6 3.7 12.1
v -2.6 3.7 12
v -2.5 3.7 12
v -2.4 3.7 12
v -2.3 3.7 12
v -2.2 3.7 12
v -1.9 3.7 12
v -1.8 3.7 12
v -1.7 3.7 12
v -1.6 3.7 12
v -1.5 3.7 12
v -2.7 3.7 11.9
v -2.6 3.7 11.9
v -2.5 3.7 11.9
v -2.4 3.7 11.9
v -2.3 3.7 11.9
v -2.2 3.7 11.9
v -1.9 3.7 11.9
v -1.8 3.7 11.9
v -1.7 3.7 11.9
v -1.6 3.7 11.9
v -1.5 3.7 11.9
v -1.4 3.7 11.9
v -2.8 3.7 11.8
v -2.7 3.7 11.8
v -2.6 3.7 11.8
v -2.5 3.7 11.8
v -2.4 3.7 11.8
v -1.7 3.7 11.8
v -1.6 3.7 11.8
v -1.5 3.7 11.8
v -1.4 3.7 11.8
v -1.3 3.7 11.8
v -2.7 3.7 11.7
v -2.6 3.7 11.7
v -2.5 3.7 11.7
v -1.6 3.7 11.7
v -1.5 3.7 11.7
v -1.4 3.7 11.7
v -2.9 3.7 11.6
v -2.8 3.7 11.6
v -2.7 3.7 11.6
v -2.6 3.7 11.6
v -1.5 3.7 11.6
v -1.4 3.7 11.6
v -1.3 3.7 11.6
v -1.2 3.7 11.6
v -2.9 3.7 11.5
v -2.8 3.7 11.5
v -2.7 3.7 11.5
v -2.6 3.7 11.5
v -1.5 3.7 11.5
v -1.4 3.7 11.5
v -1.3 3.7 11.5
v -2.8 3.7 11.4
v -2.7 3.7 11.4
v -1.4 3.7 11.4
v -1.3 3.7 11.4
v -2.8 3.7 11.2
v -2.7 3.7 11.2
v -1.4 3.7 11.2
v -1.3 3.7 11.2
v -2.9 3.7 11.1
v -2.8 3.7 11.1
v -2.7 3.7 11.1
v -2.6 3.7 11.1
v -1.5 3.7 11.1
v -1.4 3.7 11.1
v -1.3 3.7 11.1
v -2.9 3.7 11
v -2.8 3.7 11
v -2.7 3.7 11
v -2.6 3.7 11
v -1.5 3.7 11
v -1.4 3.7 11
v -1.3 3.7 11
v -1.2 3.7 11
v -2.7 3.7 10.9
v -2.6 3.7 10.9
v -2.5 3.7 10.9
v -1.6 3.7 10.9
v -1.5 3.7 10.9
v -1.4 3.7 10.9
v -2.8 3.7 10.8
v -2.7 3.7 10.8
v -2.6 3.7 10.8
v -2.5 3.7 10.8
v -2.4 3.7 10.8
v -1.7 3.7 10.8
v -1.6 3.7 10.8
v -1.5 3.7 10.8
v -1.4 3.7 10.8
v -1.3 3.7 10.8
v -2.7 3.7 10.7
v -2.6 3.7 10.7
v -2.5 3.7 10.7
v -2.4 3.7 10.7
v -2.3 3.7 10.7
v -2.2 3.7 10.7
v -1.9 3.7 10.7
v -1.8 3.7 10.7
v -1.7 3.7 10.7
v -1.6 3.7 10.7
v -1.5 3.7 10.7
v -1.4 3.7 10.7
v -2.6 3.7 10.6
v -2.5 3.7 10.6
v -2.4 3.7 10.6
v -2.3 3.7 10.6
v -2.2 3.7 10.6
v -1.9 3.7 10.6
v -1.8 3.7 10.6
v -1.7 3.7 10.6
v -1.6 3.7 10.6
v -1.5 3.7 10.6
v -2.5 3.7 10.5
v -2.4 3.7 10.5
v -1.7 3.7 10.5
v -1.6 3.7 10.5
v -0.7 3.7 10.2
v -0.6 3.7 10.2
v -0.5 3.7 10.2
v -0.6 3.7 10.1
v -0.5 3.7 10.1
v -0.5 3.8 12.5
v -0.4 3.8 12.5
v -0.6 3.8 12.4
v -0.5 3.8 12.4
v -0.4 3.8 12.4
v -0.6 3.8 10.2
v -0.5 3.8 10.2
v -0.4 3.8 10.2
v -0.5 3.8 10.1
v -0.4 3.8 10.1
v -0.4 3.9 12.5
v -0.3 3.9 12.5
v -0.5 3.9 12.4
v -0.4 3.9 12.4
v -0.3 3.9 12.4
v 0.8 3.9 12.4
v 0.9 3.9 12.4
v 0.8 3.9 12.3
v 0.9 3.9 12.3
v 0.8 3.9 10.3
v 0.9 3.9 10.3
v -0.5 3.9 10.2
v -0.4 3.9 10.2
v -0.3 3.9 10.2
v 0.8 3.9 10.2
v 0.9 3.9 10.2
v -0.4 3.9 10.1
v -0.3 3.9 10.1
v -0.4 4 12.4
v -0.3 4 12.4
v -0.2 4 12.4
v 0.3 4 12.4
v 0.4 4 12.4
v 0.8 4 12.4
v -0.3 4 12.3
v 0.8 4 12.3
v -0.4 4 12
v -0.3 4 12
v -0.4 4 11.9
v -0.3 4 11.9
v -0.4 4 11.4
v -0.3 4 11.4
v -0.4 4 11.2
v -0.3 4 11.2
v -0.3 4 10.3
v 0.8 4 10.3
v -0.4 4 10.2
v -0.3 4 10.2
v -0.2 4 10.2
v 0.3 4 10.2
v 0.4 4 10.2
v 0.8 4 10.2
v -0.2 4.3 12.5
v 0.3 4.3 12.5
v 0.4 4.3 12.5
v 0.8 4.3 12.5
v 0.9 4.3 12.5
v 1.1 4.3 12.5
v -0.2 4.3 12.4
v 0.3 4.3 12.4
v 0.4 4.3 12.4
v 0.8 4.3 12.4
v 0.9 4.3 12.4
v 1.1 4.3 12.4
v -0.2 4.3 10.2
v 0.3 4.3 10.2
v 0.4 4.3 10.2
v 0.8 4.3 10.2
v 0.9 4.3 10.2
v 1.1 4.3 10.2
v -0.2 4.3 10.1
v 0.3 4.3 10.1
v 0.4 4.3 10.1
v 0.8 4.3 10.1
v 0.9 4.3 10.1
v 1.1 4.3 10.1
v 1.1 4.4 12.5
v 1.4 4.4 12.5
v 1.1 4.4 12.4
v 1.4 4.4 12.4
v 1.1 4.4 10.2
v 1.4 4.4 10.2
v 1.1 4.4 10.1
v 1.4 4.4 10.1
v -0.3 4.6 12.5
v 1.5 4.6 12.5
v -0.3 4.6 12.1
v 1.5 4.6 12.1
v -0.3 4.6 10.5
v 1.5 4.6 10.5
v -0.3 4.6 10.1
v 1.5 4.6 10.1
v -0.3 4.7 12.1
v 1.5 4.7 12.1
v -0.3 4.7 12
v -0.3 4.7 11.9
v 0.3 4.7 11.7
v 0.4 4.7 11.7
v -0.3 4.7 11.6
v 0.3 4.7 11.6
v 0.4 4.7 11.6
v 1.5 4.7 11.6
v -0.3 4.7 11
v 0.3 4.7 11
v 0.4 4.7 11
v 1.5 4.7 11
v 0.3 4.7 10.9
v 0.4 4.7 10.9
v -0.3 4.7 10.5
v 1.5 4.7 10.5
v -0.3 4.8 11.6
v 0.0999999 4.8 11.6
v 0.6 4.8 11.6
v 1.5 4.8 11.6
v 0 4.8 11.5
v 0.0999999 4.8 11.5
v 0.6 4.8 11.5
v 0.7 4.8 11.5
v -0.3 4.8 11.4
v 0 4.8 11.4
v 0.7 4.8 11.4
v -0.3 4.8 11.2
v 0 4.8 11.2
v 0.7 4.8 11.2
v 0 4.8 11.1
v 0.0999999 4.8 11.1
v 0.6 4.8 11.1
v 0.7 4.8 11.1
v -0.3 4.8 11
v 0.0999999 4.8 11
v 0.6 4.8 11
v 1.5 4.8 11
v 0.3 4.9 11.7
v 0.4 4.9 11.7
v 0.0999999 4.9 11.6
v 0.3 4.9 11.6
v 0.4 4.9 11.6
v 0.6 4.9 11.6
v 0 4.9 11.5
v 0.0999999 4.9 11.5
v 0.2 4.9 11.5
v 0.3 4.9 11.5
v 0.5 4.9 11.5
v 0.6 4.9 11.5
v 0.7 4.9 11.5
v 0 4.9 11.4
v 0.0999999 4.9 11.4
v 0.2 4.9 11.4
v 0.3 4.9 11.4
v 0.5 4.9 11.4
v 0.6 4.9 11.4
v 0.7 4.9 11.4
v 0 4.9 11.2
v 0.0999999 4.9 11.2
v 0.2 4.9 11.2
v 0.3 4.9 11.2
v 0.4 4.9 11.2
v 0.5 4.9 11.2
v 0.6 4.9 11.2
v 0.7 4.9 11.2
v 0 4.9 11.1
v 0.0999999 4.9 11.1
v 0.2 4.9 11.1
v 0.3 4.9 11.1
v 0.4 4.9 11.1
v 0.5 4.9 11.1
v 0.6 4.9 11.1
v 0.7 4.9 11.1
v 0.0999999 4.9 11
v 0.3 4.9 11
v 0.4 4.9 11
v 0.6 4.9 11
v 0.3 4.9 10.9
v 0.4 4.9 10.9
v -0.4 5.4 11.6
v -0.2 5.4 11.6
v -0.5 5.4 11.5
v -0.4 5.4 11.5
v -0.2 5.4 11.5
v -0.0999999 5.4 11.5
v -0.6 5.4 11.4
v -0.5 5.4 11.4
v -0.4 5.4 11.4
v -0.2 5.4 11.4
v -0.0999999 5.4 11.4
v 0 5.4 11.4
v -0.6 5.4 11.2
v -0.5 5.4 11.2
v -0.4 5.4 11.2
v -0.2 5.4 11.2
v -0.0999999 5.4 11.2
v 0 5.4 11.2
v -0.5 5.4 11.1
v -0.4 5.4 11.1
v -0.2 5.4 11.1
v -0.0999999 5.4 11.1
v -0.4 5.4 11
v -0.2 5.4 11
v -0.4 5.5 11.5
v -0.2 5.5 11.5
v -0.5 5.5 11.4
v -0.4 5.5 11.4
v -0.2 5.5 11.4
v -0.0999999 5.5 11.4
v -0.5 5.5 11.2
v -0.4 5.5 11.2
v -0.2 5.5 11.2
v -0.0999999 5.5 11.2
v -0.4 5.5 11.1
v -0.2 5.5 11.1
v -0.3 5.7 12
v -0.2 5.7 12
v -0.3 5.7 11.9
v -0.2 5.7 11.9
v -0.2 5.8 12
v -0.0999999 5.8 12
v -0.2 5.8 11.9
v -0.0999999 5.8 11.9
v -0.4 6 12
v -0.3 6 12
v -0.4 6 11.9
v -0.3 6 11.9

# faces
f 3/22/1 2/22/1 1/22/1
f 4/22/1 2/22/1 3/22/1
f 8/4/1 6/4/1 5/4/1
f 9/4/1 6/4/1 8/4/1
f 11/4/1 8/4/1 7/4/1
f 11/4/1 10/4/1 9/4/1
f 11/4/1 9/4/1 8/4/1
f 12/4/1 10/4/1 11/4/1
f 17/22/1 14/22/1 13/22/1
f 18/22/1 14/22/1 17/22/1
f 19/22/1 16/22/1 15/22/1
f 20/22/1 16/22/1 19/22/1
f 27/4/1 22/4/1 21/4/1
f 28/4/1 22/4/1 27/4/1
f 29/4/1 24/4/1 23/4/1
f 30/4/1 24/4/1 29/4/1
f 33/4/1 26/4/1 25/4/1
f 34/4/1 26/4/1 33/4/1
f 35/4/1 32/4/1 31/4/1
f 36/4/1 32/4/1 35/4/1
f 41/22/1 38/22/1 37/22/1
f 42/22/1 38/22/1 41/22/1
f 43/22/1 40/22/1 39/22/1
f 44/22/1 40/22/1 43/22/1
f 48/4/1 46/4/1 45/4/1
f 49/4/1 46/4/1 48/4/1
f 52/4/1 48/4/1 47/4/1
f 52/4/1 50/4/1 49/4/1
f 52/4/1 49/4/1 48/4/1
f 53/4/1 50/4/1 52/4/1
f 57/4/1 52/4/1 51/4/1
f 58/4/1 52/4/1 57/4/1
f 59/4/1 54/4/1 53/4/1
f 60/4/1 54/4/1 59/4/1
f 63/4/1 56/4/1 55/4/1
f 64/4/1 56/4/1 63/4/1
f 65/4/1 62/4/1 61/4/1
f 66/4/1 62/4/1 65/4/1
f 71/22/1 68/22/1 67/22/1
f 72/22/1 68/22/1 71/22/1
f 73/22/1 70/22/1 69/22/1
f 74/22/1 70/22/1 73/22/1
f 78/4/1 76/4/1 75/4/1
f 79/4/1 76/4/1 78/4/1
f 82/4/1 78/4/1 77/4/1
f 83/4/1 78/4/1 82/4/1
f 84/4/1 80/4/1 79/4/1
f 85/4/1 80/4/1 84/4/1
f 88/4/1 82/4/1 81/4/1
f 89/4/1 82/4/1 88/4/1
f 90/4/1 86/4/1 85/4/1
f 91/4/1 86/4/1 90/4/1
f 95/4/1 88/4/1 87/4/1
f 96/4/1 88/4/1 95/4/1
f 97/4/1 92/4/1 91/4/1
f 98/4/1 92/4/1 97/4/1
f 101/4/1 94/4/1 93/4/1
f 102/4/1 94/4/1 101/4/1
f 103/4/1 100/4/1 99/4/1
f 104/4/1 100/4/1 103/4/1
f 109/22/1 106/22/1 105/22/1
f 110/22/1 106/22/1 109/22/1
f 111/22/1 108/22/1 107/22/1
f 112/22/1 108/22/1 111/22/1
f 115/4/1 114/4/1 113/4/1
f 116/4/1 114/4/1 115/4/1
f 122/4/1 118/4/1 117/4/1
f 123/4/1 118/4/1 122/4/1
f 124/4/1 120/4/1 119/4/1
f 125/4/1 120/4/1 124/4/1
f 128/4/1 122/4/1 121/4/1
f 129/4/1 122/4/1 128/4/1
f 130/4/1 126/4/1 125/4/1
f 131/4/1 126/4/1 130/4/1
f 134/4/1 128/4/1 127/4/1
f 135/4/1 128/4/1 134/4/1
f 136/4/1 132/4/1 131/4/1
f 137/4/1 132/4/1 136/4/1
f 141/4/1 134/4/1 133/4/1
f 142/4/1 134/4/1 141/4/1
f 143/4/1 138/4/1 137/4/1
f 144/4/1 138/4/1 143/4/1
f 147/4/1 140/4/1 139/4/1
f 148/4/1 140/4/1 147/4/1
f 149/4/1 146/4/1 145/4/1
f 150/4/1 146/4/1 149/4/1
f 155/22/1 152/22/1 151/22/1
f 156/22/1 152/22/1 155/22/1
f 157/22/1 154/22/1 153/22/1
f 158/22/1 154/22/1 157/22/1
f 161/4/1 160/4/1 159/4/1
f 162/4/1 160/4/1 161/4/1
f 168/4/1 164/4/1 163/4/1
f 169/4/1 164/4/1 168/4/1
f 170/4/1 166/4/1 165/4/1
f 171/4/1 166/4/1 170/4/1
f 174/4/1 168/4/1 167/4/1
f 175/4/1 168/4/1 174/4/1
f 176/4/1 172/4/1 171/4/1
f 177/4/1 172/4/1 176/4/1
f 180/4/1 174/4/1 173/4/1
f 181/4/1 174/4/1 180/4/1
f 182/4/1 178/4/1 177/4/1
f 183/4/1 178/4/1 182/4/1
f 186/4/1 180/4/1 179/4/1
f 187/4/1 180/4/1 186/4/1
f 188/4/1 184/4/1 183/4/1
f 189/4/1 184/4/1 188/4/1
f 193/4/1 186/4/1 185/4/1
f 194/4/1 186/4/1 193/4/1
f 195/4/1 190/4/1 189/4/1
f 196/4/1 190/4/1 195/4/1
f 199/4/1 192/4/1 191/4/1
f 200/4/1 192/4/1 199/4/1
f 201/4/1 198/4/1 197/4/1
f 202/4/1 198/4/1 201/4/1
f 207/22/1 204/22/1 203/22/1
f 208/22/1 204/22/1 207/22/1
f 209/22/1 206/22/1 205/22/1
f 210/22/1 206/22/1 209/22/1
f 213/7/1 212/7/1 211/7/1
f 214/7/1 212/7/1 213/7/1
f 220/4/1 216/4/1 215/4/1
f 221/4/1 216/4/1 220/4/1
f 222/4/1 218/4/1 217/4/1
f 223/4/1 218/4/1 222/4/1
f 226/4/1 220/4/1 219/4/1
f 227/4/1 220/4/1 226/4/1
f 228/4/1 224/4/1 223/4/1
f 229/4/1 224/4/1 228/4/1
f 232/4/1 226/4/1 225/4/1
f 233/4/1 226/4/1 232/4/1
f 234/4/1 230/4/1 229/4/1
f 235/4/1 230/4/1 234/4/1
f 238/4/1 232/4/1 231/4/1
f 239/4/1 232/4/1 238/4/1
f 240/4/1 236/4/1 235/4/1
f 241/4/1 236/4/1 240/4/1
f 244/4/1 238/4/1 237/4/1
f 245/4/1 238/4/1 244/4/1
f 246/4/1 242/4/1 241/4/1
f 247/4/1 242/4/1 246/4/1
f 251/4/1 244/4/1 243/4/1
f 252/4/1 244/4/1 251/4/1
f 253/4/1 248/4/1 247/4/1
f 254/4/1 248/4/1 253/4/1
f 257/4/1 250/4/1 249/4/1
f 258/4/1 250/4/1 257/4/1
f 259/4/1 256/4/1 255/4/1
f 260/4/1 256/4/1 259/4/1
f 265/22/1 262/22/1 261/22/1
f 266/22/1 262/22/1 265/22/1
f 267/22/1 264/22/1 263/22/1
f 268/22/1 264/22/1 267/22/1
f 271/7/1 270/7/1 269/7/1
f 272/7/1 270/7/1 271/7/1
f 278/4/1 274/4/1 273/4/1
f 279/4/1 274/4/1 278/4/1
f 280/4/1 276/4/1 275/4/1
f 281/4/1 276/4/1 280/4/1
f 284/4/1 278/4/1 277/4/1
f 285/4/1 278/4/1 284/4/1
f 286/4/1 282/4/1 281/4/1
f 287/4/1 282/4/1 286/4/1
f 290/4/1 284/4/1 283/4/1
f 291/4/1 284/4/1 290/4/1
f 292/4/1 288/4/1 287/4/1
f 293/4/1 288/4/1 292/4/1
f 296/4/1 290/4/1 289/4/1
f 297/4/1 290/4/1 296/4/1
f 298/4/1 294/4/1 293/4/1
f 299/4/1 294/4/1 298/4/1
f 302/4/1 296/4/1 295/4/1
f 303/4/1 296/4/1 302/4/1
f 304/4/1 300/4/1 299/4/1
f 305/4/1 300/4/1 304/4/1
f 308/4/1 302/4/1 301/4/1
f 309/4/1 302/4/1 308/4/1
f 310/4/1 306/4/1 305/4/1
f 311/4/1 306/4/1 310/4/1
f 315/4/1 308/4/1 307/4/1
f 316/4/1 308/4/1 315/4/1
f 317/4/1 312/4/1 311/4/1
f 318/4/1 312/4/1 317/4/1
f 321/4/1 314/4/1 313/4/1
f 322/4/1 314/4/1 321/4/1
f 323/4/1 320/4/1 319/4/1
f 324/4/1 320/4/1 323/4/1
f 330/7/1 326/7/1 325/7/1
f 331/7/1 326/7/1 330/7/1
f 332/7/1 328/7/1 327/7/1
f 333/7/1 328/7/1 332/7/1
f 336/4/1 330/4/1 329/4/1
f 337/4/1 330/4/1 336/4/1
f 338/4/1 334/4/1 333/4/1
f 339/4/1 334/4/1 338/4/1
f 342/4/1 336/4/1 335/4/1
f 343/4/1 336/4/1 342/4/1
f 344/4/1 340/4/1 339/4/1
f 345/4/1 340/4/1 344/4/1
f 348/4/1 342/4/1 341/4/1
f 349/4/1 342/4/1 348/4/1
f 350/4/1 346/4/1 345/4/1
f 351/4/1 346/4/1 350/4/1
f 354/4/1 348/4/1 347/4/1
f 355/4/1 348/4/1 354/4/1
f 356/4/1 352/4/1 351/4/1
f 357/4/1 352/4/1 356/4/1
f 360/4/1 354/4/1 353/4/1
f 361/4/1 354/4/1 360/4/1
f 362/4/1 358/4/1 357/4/1
f 363/4/1 358/4/1 362/4/1
f 366/4/1 360/4/1 359/4/1
f 367/4/1 360/4/1 366/4/1
f 368/4/1 364/4/1 363/4/1
f 369/4/1 364/4/1 368/4/1
f 371/4/1 366/4/1 365/4/1
f 372/4/1 366/4/1 371/4/1
f 373/4/1 370/4/1 369/4/1
f 374/4/1 370/4/1 373/4/1
f 379/22/1 376/22/1 375/22/1
f 380/22/1 376/22/1 379/22/1
f 381/22/1 378/22/1 377/22/1
f 382/22/1 378/22/1 381/22/1
f 386/7/1 384/7/1 383/7/1
f 387/7/1 384/7/1 386/7/1
f 390/7/1 386/7/1 385/7/1
f 391/7/1 386/7/1 390/7/1
f 392/7/1 388/7/1 387/7/1
f 393/7/1 388/7/1 392/7/1
f 396/7/1 390/7/1 389/7/1
f 397/7/1 390/7/1 396/7/1
f 398/7/1 394/7/1 393/7/1
f 399/7/1 394/7/1 398/7/1
f 402/4/1 396/4/1 395/4/1
f 403/4/1 396/4/1 402/4/1
f 404/4/1 400/4/1 399/4/1
f 405/4/1 400/4/1 404/4/1
f 408/4/1 402/4/1 401/4/1
f 409/4/1 402/4/1 408/4/1
f 410/4/1 406/4/1 405/4/1
f 411/4/1 406/4/1 410/4/1
f 414/4/1 408/4/1 407/4/1
f 415/4/1 408/4/1 414/4/1
f 416/4/1 412/4/1 411/4/1
f 417/4/1 412/4/1 416/4/1
f 420/4/1 414/4/1 413/4/1
f 421/4/1 414/4/1 420/4/1
f 422/4/1 418/4/1 417/4/1
f 423/4/1 418/4/1 422/4/1
f 426/4/1 420/4/1 419/4/1
f 427/4/1 420/4/1 426/4/1
f 428/4/1 424/4/1 423/4/1
f 429/4/1 424/4/1 428/4/1
f 432/4/1 426/4/1 425/4/1
f 433/4/1 426/4/1 432/4/1
f 434/4/1 430/4/1 429/4/1
f 435/4/1 430/4/1 434/4/1
f 438/4/1 432/4/1 431/4/1
f 439/4/1 432/4/1 438/4/1
f 440/4/1 436/4/1 435/4/1
f 441/4/1 436/4/1 440/4/1
f 443/4/1 438/4/1 437/4/1
f 444/4/1 438/4/1 443/4/1
f 445/4/1 442/4/1 441/4/1
f 446/4/1 442/4/1 445/4/1
f 452/7/1 448/7/1 447/7/1
f 453/7/1 448/7/1 452/7/1
f 454/7/1 450/7/1 449/7/1
f 455/7/1 450/7/1 454/7/1
f 458/7/1 452/7/1 451/7/1
f 459/7/1 452/7/1 458/7/1
f 460/7/1 456/7/1 455/7/1
f 461/7/1 456/7/1 460/7/1
f 464/7/1 458/7/1 457/7/1
f 465/7/1 458/7/1 464/7/1
f 466/7/1 462/7/1 461/7/1
f 467/7/1 462/7/1 466/7/1
f 470/4/1 464/4/1 463/4/1
f 471/4/1 464/4/1 470/4/1
f 472/4/1 468/4/1 467/4/1
f 473/4/1 468/4/1 472/4/1
f 476/4/1 470/4/1 469/4/1
f 477/4/1 470/4/1 476/4/1
f 478/4/1 474/4/1 473/4/1
f 479/4/1 474/4/1 478/4/1
f 482/4/1 476/4/1 475/4/1
f 483/4/1 476/4/1 482/4/1
f 484/4/1 480/4/1 479/4/1
f 485/4/1 480/4/1 484/4/1
f 488/4/1 482/4/1 481/4/1
f 489/4/1 482/4/1 488/4/1
f 490/4/1 486/4/1 485/4/1
f 491/4/1 486/4/1 490/4/1
f 494/4/1 488/4/1 487/4/1
f 495/4/1 488/4/1 494/4/1
f 496/4/1 492/4/1 491/4/1
f 497/4/1 492/4/1 496/4/1
f 499/4/1 494/4/1 493/4/1
f 500/4/1 494/4/1 499/4/1
f 501/4/1 498/4/1 497/4/1
f 502/4/1 498/4/1 501/4/1
f 507/21/1 504/21/1 503/21/1
f 508/14/1 505/14/1 504/14/1
f 508/21/1 504/21/1 507/21/1
f 509/21/1 506/21/1 505/21/1
f 509/14/1 505/14/1 508/14/1
f 510/21/1 506/21/1 509/21/1
f 515/22/1 512/22/1 511/22/1
f 516/22/1 512/22/1 515/22/1
f 519/22/1 514/22/1 513/22/1
f 520/22/1 514/22/1 519/22/1
f 522/7/1 518/7/1 517/7/1
f 523/7/1 518/7/1 522/7/1
f 526/7/1 522/7/1 521/7/1
f 527/7/1 522/7/1 526/7/1
f 528/7/1 524/7/1 523/7/1
f 529/7/1 524/7/1 528/7/1
f 532/7/1 526/7/1 525/7/1
f 533/7/1 526/7/1 532/7/1
f 534/7/1 530/7/1 529/7/1
f 535/7/1 530/7/1 534/7/1
f 538/7/1 532/7/1 531/7/1
f 539/7/1 532/7/1 538/7/1
f 540/7/1 536/7/1 535/7/1
f 541/7/1 536/7/1 540/7/1
f 544/4/1 538/4/1 537/4/1
f 545/4/1 538/4/1 544/4/1
f 546/4/1 542/4/1 541/4/1
f 547/4/1 542/4/1 546/4/1
f 550/4/1 544/4/1 543/4/1
f 551/4/1 544/4/1 550/4/1
f 552/4/1 548/4/1 547/4/1
f 553/4/1 548/4/1 552/4/1
f 556/4/1 550/4/1 549/4/1
f 557/4/1 550/4/1 556/4/1
f 558/4/1 554/4/1 553/4/1
f 559/4/1 554/4/1 558/4/1
f 562/4/1 556/4/1 555/4/1
f 563/4/1 556/4/1 562/4/1
f 564/4/1 560/4/1 559/4/1
f 565/4/1 560/4/1 564/4/1
f 568/4/1 562/4/1 561/4/1
f 569/4/1 562/4/1 568/4/1
f 570/4/1 566/4/1 565/4/1
f 571/4/1 566/4/1 570/4/1
f 574/4/1 568/4/1 567/4/1
f 575/4/1 568/4/1 574/4/1
f 580/4/1 572/4/1 571/4/1
f 581/4/1 572/4/1 580/4/1
f 583/4/1 574/4/1 573/4/1
f 584/4/1 574/4/1 583/4/1
f 585/4/1 582/4/1 581/4/1
f 586/4/1 582/4/1 585/4/1
f 587/14/1 577/14/1 576/14/1
f 588/14/1 577/14/1 587/14/1
f 589/14/1 579/14/1 578/14/1
f 590/14/1 579/14/1 589/14/1
f 595/22/1 592/22/1 591/22/1
f 596/22/1 592/22/1 595/22/1
f 601/22/1 594/22/1 593/22/1
f 602/22/1 594/22/1 601/22/1
f 604/7/1 598/7/1 597/7/1
f 605/7/1 598/7/1 604/7/1
f 606/7/1 600/7/1 599/7/1
f 607/7/1 600/7/1 606/7/1
f 610/7/1 604/7/1 603/7/1
f 611/7/1 604/7/1 610/7/1
f 612/7/1 608/7/1 607/7/1
f 613/7/1 608/7/1 612/7/1
f 616/7/1 610/7/1 609/7/1
f 617/7/1 610/7/1 616/7/1
f 618/7/1 614/7/1 613/7/1
f 619/7/1 614/7/1 618/7/1
f 622/7/1 616/7/1 615/7/1
f 623/7/1 616/7/1 622/7/1
f 624/7/1 620/7/1 619/7/1
f 625/7/1 620/7/1 624/7/1
f 628/4/1 622/4/1 621/4/1
f 629/4/1 622/4/1 628/4/1
f 630/4/1 626/4/1 625/4/1
f 631/4/1 626/4/1 630/4/1
f 634/4/1 628/4/1 627/4/1
f 635/4/1 628/4/1 634/4/1
f 636/4/1 632/4/1 631/4/1
f 637/4/1 632/4/1 636/4/1
f 640/4/1 634/4/1 633/4/1
f 641/4/1 634/4/1 640/4/1
f 642/4/1 638/4/1 637/4/1
f 643/4/1 638/4/1 642/4/1
f 646/4/1 640/4/1 639/4/1
f 647/4/1 640/4/1 646/4/1
f 648/4/1 644/4/1 643/4/1
f 649/4/1 644/4/1 648/4/1
f 652/4/1 646/4/1 645/4/1
f 653/4/1 646/4/1 652/4/1
f 654/4/1 650/4/1 649/4/1
f 655/4/1 650/4/1 654/4/1
f 658/4/1 652/4/1 651/4/1
f 659/4/1 652/4/1 658/4/1
f 664/4/1 656/4/1 655/4/1
f 665/4/1 656/4/1 664/4/1
f 667/4/1 658/4/1 657/4/1
f 668/4/1 658/4/1 667/4/1
f 669/4/1 666/4/1 665/4/1
f 670/4/1 666/4/1 669/4/1
f 671/14/1 661/14/1 660/14/1
f 672/14/1 661/14/1 671/14/1
f 673/14/1 663/14/1 662/14/1
f 674/14/1 663/14/1 673/14/1
f 680/7/1 676/7/1 675/7/1
f 681/7/1 676/7/1 680/7/1
f 682/7/1 678/7/1 677/7/1
f 683/7/1 678/7/1 682/7/1
f 686/7/1 680/7/1 679/7/1
f 687/7/1 680/7/1 686/7/1
f 688/7/1 684/7/1 683/7/1
f 689/7/1 684/7/1 688/7/1
f 692/7/1 686/7/1 685/7/1
f 693/7/1 686/7/1 692/7/1
f 694/7/1 690/7/1 689/7/1
f 695/7/1 690/7/1 694/7/1
f 698/7/1 692/7/1 691/7/1
f 699/7/1 692/7/1 698/7/1
f 700/7/1 696/7/1 695/7/1
f 701/7/1 696/7/1 700/7/1
f 704/4/1 698/4/1 697/4/1
f 705/4/1 698/4/1 704/4/1
f 706/4/1 702/4/1 701/4/1
f 707/4/1 702/4/1 706/4/1
f 710/4/1 704/4/1 703/4/1
f 711/4/1 704/4/1 710/4/1
f 712/4/1 708/4/1 707/4/1
f 713/4/1 708/4/1 712/4/1
f 716/4/1 710/4/1 709/4/1
f 717/4/1 710/4/1 716/4/1
f 718/4/1 714/4/1 713/4/1
f 719/4/1 714/4/1 718/4/1
f 722/4/1 716/4/1 715/4/1
f 723/4/1 716/4/1 722/4/1
f 724/4/1 720/4/1 719/4/1
f 725/4/1 720/4/1 724/4/1
f 727/4/1 722/4/1 721/4/1
f 728/4/1 722/4/1 727/4/1
f 729/4/1 726/4/1 725/4/1
f 730/4/1 726/4/1 729/4/1
f 735/4/1 732/4/1 731/4/1
f 736/4/1 732/4/1 735/4/1
f 741/4/1 734/4/1 733/4/1
f 742/4/1 734/4/1 741/4/1
f 743/14/1 738/14/1 737/14/1
f 744/14/1 738/14/1 743/14/1
f 745/14/1 738/14/1 744/14/1
f 746/14/1 740/14/1 739/14/1
f 747/14/1 740/14/1 746/14/1
f 752/22/1 749/22/1 748/22/1
f 753/22/1 749/22/1 752/22/1
f 758/22/1 751/22/1 750/22/1
f 759/22/1 751/22/1 758/22/1
f 761/7/1 755/7/1 754/7/1
f 762/7/1 755/7/1 761/7/1
f 763/7/1 757/7/1 756/7/1
f 764/7/1 757/7/1 763/7/1
f 767/7/1 761/7/1 760/7/1
f 768/7/1 761/7/1 767/7/1
f 769/7/1 765/7/1 764/7/1
f 770/7/1 765/7/1 769/7/1
f 773/7/1 767/7/1 766/7/1
f 774/7/1 767/7/1 773/7/1
f 775/7/1 771/7/1 770/7/1
f 776/7/1 771/7/1 775/7/1
f 779/7/1 773/7/1 772/7/1
f 780/7/1 773/7/1 779/7/1
f 781/7/1 777/7/1 776/7/1
f 782/7/1 777/7/1 781/7/1
f 785/4/1 779/4/1 778/4/1
f 786/4/1 779/4/1 785/4/1
f 787/4/1 783/4/1 782/4/1
f 788/4/1 783/4/1 787/4/1
f 791/4/1 785/4/1 784/4/1
f 792/4/1 785/4/1 791/4/1
f 793/4/1 789/4/1 788/4/1
f 794/4/1 789/4/1 793/4/1
f 797/4/1 791/4/1 790/4/1
f 798/4/1 791/4/1 797/4/1
f 799/4/1 795/4/1 794/4/1
f 800/4/1 795/4/1 799/4/1
f 802/4/1 797/4/1 796/4/1
f 803/4/1 797/4/1 802/4/1
f 804/4/1 801/4/1 800/4/1
f 805/4/1 801/4/1 804/4/1
f 810/4/1 807/4/1 806/4/1
f 811/4/1 807/4/1 810/4/1
f 812/4/1 809/4/1 808/4/1
f 813/4/1 809/4/1 812/4/1
f 822/4/1 815/4/1 814/4/1
f 823/4/1 815/4/1 822/4/1
f 824/4/1 821/4/1 820/4/1
f 825/4/1 821/4/1 824/4/1
f 826/21/1 817/21/1 816/21/1
f 827/21/1 817/21/1 826/21/1
f 828/21/1 819/21/1 818/21/1
f 829/21/1 819/21/1 828/21/1
f 835/7/1 831/7/1 830/7/1
f 836/7/1 831/7/1 835/7/1
f 837/7/1 833/7/1 832/7/1
f 838/7/1 833/7/1 837/7/1
f 841/7/1 835/7/1 834/7/1
f 842/7/1 835/7/1 841/7/1
f 843/7/1 839/7/1 838/7/1
f 844/7/1 839/7/1 843/7/1
f 847/7/1 841/7/1 840/7/1
f 848/7/1 841/7/1 847/7/1
f 849/7/1 845/7/1 844/7/1
f 850/7/1 845/7/1 849/7/1
f 853/7/1 847/7/1 846/7/1
f 854/7/1 847/7/1 853/7/1
f 855/7/1 851/7/1 850/7/1
f 856/7/1 851/7/1 855/7/1
f 859/4/1 853/4/1 852/4/1
f 860/4/1 853/4/1 859/4/1
f 861/4/1 857/4/1 856/4/1
f 862/4/1 857/4/1 861/4/1
f 865/4/1 859/4/1 858/4/1
f 866/4/1 859/4/1 865/4/1
f 867/4/1 863/4/1 862/4/1
f 868/4/1 863/4/1 867/4/1
f 870/4/1 865/4/1 864/4/1
f 871/4/1 865/4/1 870/4/1
f 872/4/1 869/4/1 868/4/1
f 873/4/1 869/4/1 872/4/1
f 878/4/1 875/4/1 874/4/1
f 879/4/1 875/4/1 878/4/1
f 880/4/1 877/4/1 876/4/1
f 881/4/1 877/4/1 880/4/1
f 887/7/1 883/7/1 882/7/1
f 888/7/1 883/7/1 887/7/1
f 889/7/1 885/7/1 884/7/1
f 890/7/1 885/7/1 889/7/1
f 893/7/1 887/7/1 886/7/1
f 894/7/1 887/7/1 893/7/1
f 895/7/1 891/7/1 890/7/1
f 896/7/1 891/7/1 895/7/1
f 899/7/1 893/7/1 892/7/1
f 900/7/1 893/7/1 899/7/1
f 901/7/1 897/7/1 896/7/1
f 902/7/1 897/7/1 901/7/1
f 905/7/1 899/7/1 898/7/1
f 906/7/1 899/7/1 905/7/1
f 907/7/1 903/7/1 902/7/1
f 908/7/1 903/7/1 907/7/1
f 911/4/1 905/4/1 904/4/1
f 912/4/1 905/4/1 911/4/1
f 913/4/1 909/4/1 908/4/1
f 914/4/1 909/4/1 913/4/1
f 916/4/1 911/4/1 910/4/1
f 917/4/1 911/4/1 916/4/1
f 918/4/1 915/4/1 914/4/1
f 919/4/1 915/4/1 918/4/1
f 924/4/1 921/4/1 920/4/1
f 925/4/1 921/4/1 924/4/1
f 926/4/1 923/4/1 922/4/1
f 927/4/1 923/4/1 926/4/1
f 933/7/1 929/7/1 928/7/1
f 934/7/1 929/7/1 933/7/1
f 935/7/1 931/7/1 930/7/1
f 936/7/1 931/7/1 935/7/1
f 939/7/1 933/7/1 932/7/1
f 940/7/1 933/7/1 939/7/1
f 941/7/1 937/7/1 936/7/1
f 942/7/1 937/7/1 941/7/1
f 945/7/1 939/7/1 938/7/1
f 946/7/1 939/7/1 945/7/1
f 947/7/1 943/7/1 942/7/1
f 948/7/1 943/7/1 947/7/1
f 951/7/1 945/7/1 944/7/1
f 952/7/1 945/7/1 951/7/1
f 953/7/1 949/7/1 948/7/1
f 954/7/1 949/7/1 953/7/1
f 956/4/1 951/4/1 950/4/1
f 957/4/1 951/4/1 956/4/1
f 958/4/1 955/4/1 954/4/1
f 959/4/1 955/4/1 958/4/1
f 964/4/1 961/4/1 960/4/1
f 965/4/1 961/4/1 964/4/1
f 966/4/1 963/4/1 962/4/1
f 967/4/1 963/4/1 966/4/1
f 972/22/1 969/22/1 968/22/1
f 973/22/1 969/22/1 972/22/1
f 978/22/1 971/22/1 970/22/1
f 979/22/1 971/22/1 978/22/1
f 981/7/1 975/7/1 974/7/1
f 982/7/1 975/7/1 981/7/1
f 983/7/1 977/7/1 976/7/1
f 984/7/1 977/7/1 983/7/1
f 987/7/1 981/7/1 980/7/1
f 988/7/1 981/7/1 987/7/1
f 989/7/1 985/7/1 984/7/1
f 990/7/1 985/7/1 989/7/1
f 993/7/1 987/7/1 986/7/1
f 994/7/1 987/7/1 993/7/1
f 995/7/1 991/7/1 990/7/1
f 996/7/1 991/7/1 995/7/1
f 998/7/1 993/7/1 992/7/1
f 999/7/1 993/7/1 998/7/1
f 1000/7/1 997/7/1 996/7/1
f 1001/7/1 997/7/1 1000/7/1
f 1006/4/1 1003/4/1 1002/4/1
f 1007/4/1 1003/4/1 1006/4/1
f 1008/4/1 1005/4/1 1004/4/1
f 1009/4/1 1005/4/1 1008/4/1
f 1014/4/1 1011/4/1 1010/4/1
f 1015/4/1 1011/4/1 1014/4/1
f 1016/4/1 1013/4/1 1012/4/1
f 1017/4/1 1013/4/1 1016/4/1
f 1023/7/1 1019/7/1 1018/7/1
f 1024/7/1 1019/7/1 1023/7/1
f 1025/7/1 1021/7/1 1020/7/1
f 1026/7/1 1021/7/1 1025/7/1
f 1028/7/1 1023/7/1 1022/7/1
f 1029/7/1 1023/7/1 1028/7/1
f 1030/7/1 1027/7/1 1026/7/1
f 1031/7/1 1027/7/1 1030/7/1
f 1036/4/1 1033/4/1 1032/4/1
f 1037/4/1 1033/4/1 1036/4/1
f 1038/4/1 1035/4/1 1034/4/1
f 1039/4/1 1035/4/1 1038/4/1
f 1044/4/1 1041/4/1 1040/4/1
f 1045/4/1 1041/4/1 1044/4/1
f 1046/4/1 1043/4/1 1042/4/1
f 1047/4/1 1043/4/1 1046/4/1
f 1052/7/1 1049/7/1 1048/7/1
f 1053/7/1 1049/7/1 1052/7/1
f 1054/7/1 1051/7/1 1050/7/1
f 1055/7/1 1051/7/1 1054/7/1
f 1061/7/1 1057/7/1 1056/7/1
f 1062/7/1 1057/7/1 1061/7/1
f 1063/7/1 1059/7/1 1058/7/1
f 1064/7/1 1059/7/1 1063/7/1
f 1066/7/1 1061/7/1 1060/7/1
f 1067/7/1 1061/7/1 1066/7/1
f 1068/7/1 1065/7/1 1064/7/1
f 1069/7/1 1065/7/1 1068/7/1
f 1074/4/1 1071/4/1 1070/4/1
f 1075/4/1 1071/4/1 1074/4/1
f 1076/4/1 1073/4/1 1072/4/1
f 1077/4/1 1073/4/1 1076/4/1
f 1083/7/1 1079/7/1 1078/7/1
f 1084/7/1 1079/7/1 1083/7/1
f 1085/7/1 1081/7/1 1080/7/1
f 1086/7/1 1081/7/1 1085/7/1
f 1088/7/1 1083/7/1 1082/7/1
f 1089/7/1 1083/7/1 1088/7/1
f 1090/7/1 1087/7/1 1086/7/1
f 1091/7/1 1087/7/1 1090/7/1
f 1096/4/1 1093/4/1 1092/4/1
f 1097/4/1 1093/4/1 1096/4/1
f 1098/4/1 1095/4/1 1094/4/1
f 1099/4/1 1095/4/1 1098/4/1
f 1104/4/1 1101/4/1 1100/4/1
f 1105/4/1 1101/4/1 1104/4/1
f 1106/4/1 1103/4/1 1102/4/1
f 1107/4/1 1103/4/1 1106/4/1
f 1113/7/1 1109/7/1 1108/7/1
f 1114/7/1 1109/7/1 1113/7/1
f 1115/7/1 1111/7/1 1110/7/1
f 1116/7/1 1111/7/1 1115/7/1
f 1118/7/1 1113/7/1 1112/7/1
f 1119/7/1 1113/7/1 1118/7/1
f 1120/7/1 1117/7/1 1116/7/1
f 1121/7/1 1117/7/1 1120/7/1
f 1126/4/1 1123/4/1 1122/4/1
f 1127/4/1 1123/4/1 1126/4/1
f 1128/4/1 1125/4/1 1124/4/1
f 1129/4/1 1125/4/1 1128/4/1
f 1134/4/1 1131/4/1 1130/4/1
f 1135/4/1 1131/4/1 1134/4/1
f 1136/4/1 1133/4/1 1132/4/1
f 1137/4/1 1133/4/1 1136/4/1
f 1142/7/1 1139/7/1 1138/7/1
f 1143/7/1 1139/7/1 1142/7/1
f 1144/7/1 1141/7/1 1140/7/1
f 1145/7/1 1141/7/1 1144/7/1
f 1150/4/1 1147/4/1 1146/4/1
f 1151/4/1 1147/4/1 1150/4/1
f 1152/4/1 1149/4/1 1148/4/1
f 1153/4/1 1149/4/1 1152/4/1
f 1158/4/1 1155/4/1 1154/4/1
f 1159/4/1 1155/4/1 1158/4/1
f 1160/4/1 1157/4/1 1156/4/1
f 1161/4/1 1157/4/1 1160/4/1
f 1166/7/1 1163/7/1 1162/7/1
f 1167/7/1 1163/7/1 1166/7/1
f 1168/7/1 1165/7/1 1164/7/1
f 1169/7/1 1165/7/1 1168/7/1
f 1174/4/1 1171/4/1 1170/4/1
f 1175/4/1 1171/4/1 1174/4/1
f 1176/4/1 1173/4/1 1172/4/1
f 1177/4/1 1173/4/1 1176/4/1
f 1182/7/1 1179/7/1 1178/7/1
f 1183/7/1 1179/7/1 1182/7/1
f 1184/7/1 1181/7/1 1180/7/1
f 1185/7/1 1181/7/1 1184/7/1
f 1190/7/1 1187/7/1 1186/7/1
f 1191/7/1 1187/7/1 1190/7/1
f 1192/7/1 1189/7/1 1188/7/1
f 1193/7/1 1189/7/1 1192/7/1
f 1198/4/1 1195/4/1 1194/4/1
f 1199/4/1 1195/4/1 1198/4/1
f 1200/4/1 1197/4/1 1196/4/1
f 1201/4/1 1197/4/1 1200/4/1
f 1206/7/1 1203/7/1 1202/7/1
f 1207/7/1 1203/7/1 1206/7/1
f 1208/7/1 1205/7/1 1204/7/1
f 1209/7/1 1205/7/1 1208/7/1
f 1214/5/1 1211/5/1 1210/5/1
f 1215/5/1 1211/5/1 1214/5/1
f 1216/5/1 1213/5/1 1212/5/1
f 1217/5/1 1213/5/1 1216/5/1
f 1222/7/1 1219/7/1 1218/7/1
f 1223/7/1 1219/7/1 1222/7/1
f 1224/7/1 1221/7/1 1220/7/1
f 1225/7/1 1221/7/1 1224/7/1
f 1230/4/1 1227/4/1 1226/4/1
f 1231/4/1 1227/4/1 1230/4/1
f 1232/4/1 1229/4/1 1228/4/1
f 1233/4/1 1229/4/1 1232/4/1
f 1238/6/1 1235/6/1 1234/6/1
f 1239/4/1 1236/4/1 1235/4/1
f 1239/6/1 1235/6/1 1238/6/1
f 1240/6/1 1237/6/1 1236/6/1
f 1240/4/1 1236/4/1 1239/4/1
f 1241/6/1 1237/6/1 1240/6/1
f 1248/4/1 1243/4/1 1242/4/1
f 1248/4/1 1247/4/1 1246/4/1
f 1248/4/1 1246/4/1 1245/4/1
f 1248/4/1 1245/4/1 1244/4/1
f 1248/4/1 1244/4/1 1243/4/1
f 1249/4/1 1247/4/1 1248/4/1
f 1254/4/1 1251/4/1 1250/4/1
f 1255/4/1 1251/4/1 1254/4/1
f 1256/4/1 1253/4/1 1252/4/1
f 1257/4/1 1253/4/1 1256/4/1
f 1262/4/1 1259/4/1 1258/4/1
f 1263/4/1 1259/4/1 1262/4/1
f 1264/4/1 1261/4/1 1260/4/1
f 1265/4/1 1261/4/1 1264/4/1
f 1266/4/1 1264/4/1 1263/4/1
f 1267/4/1 1264/4/1 1266/4/1
f 1272/4/1 1269/4/1 1268/4/1
f 1273/4/1 1269/4/1 1272/4/1
f 1274/4/1 1271/4/1 1270/4/1
f 1275/4/1 1271/4/1 1274/4/1
f 1276/4/1 1274/4/1 1273/4/1
f 1277/4/1 1274/4/1 1276/4/1
f 1280/4/1 1279/4/1 1278/4/1
f 1281/4/1 1279/4/1 1280/4/1
f 1286/4/1 1283/4/1 1282/4/1
f 1287/4/1 1283/4/1 1286/4/1
f 1288/4/1 1285/4/1 1284/4/1
f 1289/4/1 1285/4/1 1288/4/1
f 1290/4/1 1288/4/1 1287/4/1
f 1291/4/1 1288/4/1 1290/4/1
f 1295/4/1 1293/4/1 1292/4/1
f 1296/4/1 1293/4/1 1295/4/1
f 1298/4/1 1295/4/1 1294/4/1
f 1299/4/1 1295/4/1 1298/4/1
f 1300/4/1 1297/4/1 1296/4/1
f 1301/4/1 1297/4/1 1300/4/1
f 1302/4/1 1300/4/1 1299/4/1
f 1303/4/1 1300/4/1 1302/4/1
f 1308/4/1 1305/4/1 1304/4/1
f 1309/4/1 1305/4/1 1308/4/1
f 1310/4/1 1307/4/1 1306/4/1
f 1311/4/1 1307/4/1 1310/4/1
f 1316/4/1 1313/4/1 1312/4/1
f 1317/4/1 1313/4/1 1316/4/1
f 1318/4/1 1315/4/1 1314/4/1
f 1319/4/1 1315/4/1 1318/4/1
f 1320/4/1 1318/4/1 1317/4/1
f 1321/4/1 1318/4/1 1320/4/1
f 1322/4/1 1318/4/1 1321/4/1
f 1323/4/1 1318/4/1 1322/4/1
f 1324/4/1 1318/4/1 1323/4/1
f 1325/4/1 1318/4/1 1324/4/1
f 1327/4/1 1324/4/1 1323/4/1
f 1328/4/1 1324/4/1 1327/4/1
f 1331/4/1 1327/4/1 1326/4/1
f 1332/4/1 1327/4/1 1331/4/1
f 1333/4/1 1329/4/1 1328/4/1
f 1334/4/1 1329/4/1 1333/4/1
f 1336/4/1 1331/4/1 1330/4/1
f 1337/4/1 1331/4/1 1336/4/1
f 1340/4/1 1335/4/1 1334/4/1
f 1341/4/1 1335/4/1 1340/4/1
f 1342/4/1 1338/4/1 1337/4/1
f 1343/4/1 1338/4/1 1342/4/1
f 1344/4/1 1340/4/1 1339/4/1
f 1345/4/1 1340/4/1 1344/4/1
f 1346/4/1 1322/4/1 1321/4/1
f 1347/4/1 1322/4/1 1346/4/1
f 1352/4/1 1349/4/1 1348/4/1
f 1353/4/1 1351/4/1 1350/4/1
f 1354/4/1 1352/4/1 1348/4/1
f 1355/4/1 1352/4/1 1354/4/1
f 1360/4/1 1351/4/1 1353/4/1
f 1361/4/1 1351/4/1 1360/4/1
f 1362/1/1 1355/1/1 1354/1/1
f 1362/1/1 1356/1/1 1355/1/1
f 1363/1/1 1356/1/1 1362/1/1
f 1364/1/1 1361/1/1 1360/1/1
f 1364/1/1 1360/1/1 1359/1/1
f 1365/1/1 1361/1/1 1364/1/1
f 1366/1/1 1356/1/1 1363/1/1
f 1367/1/1 1356/1/1 1366/1/1
f 1368/1/1 1358/1/1 1357/1/1
f 1369/1/1 1358/1/1 1368/1/1
f 1370/1/1 1364/1/1 1359/1/1
f 1371/1/1 1364/1/1 1370/1/1
f 1372/1/1 1358/1/1 1369/1/1
f 1373/1/1 1358/1/1 1372/1/1
f 1374/1/1 1370/1/1 1359/1/1
f 1375/1/1 1370/1/1 1374/1/1
f 1380/7/1 1377/7/1 1376/7/1
f 1381/7/1 1377/7/1 1380/7/1
f 1382/7/1 1379/7/1 1378/7/1
f 1383/7/1 1379/7/1 1382/7/1
f 1388/13/1 1387/13/1 1386/13/1
f 1389/13/1 1385/13/1 1384/13/1
f 1390/13/1 1385/13/1 1389/13/1
f 1391/13/1 1388/13/1 1386/13/1
f 1392/13/1 1388/13/1 1391/13/1
f 1395/4/1 1394/4/1 1393/4/1
f 1396/4/1 1394/4/1 1395/4/1
f 1401/21/1 1398/21/1 1397/21/1
f 1402/14/1 1399/14/1 1398/14/1
f 1402/21/1 1398/21/1 1401/21/1
f 1403/21/1 1400/21/1 1399/21/1
f 1403/14/1 1399/14/1 1402/14/1
f 1404/21/1 1400/21/1 1403/21/1
f 1409/7/1 1406/7/1 1405/7/1
f 1410/7/1 1406/7/1 1409/7/1
f 1411/7/1 1408/7/1 1407/7/1
f 1412/7/1 1408/7/1 1411/7/1
f 1417/14/1 1414/14/1 1413/14/1
f 1418/14/1 1414/14/1 1417/14/1
f 1419/14/1 1416/14/1 1415/14/1
f 1420/14/1 1416/14/1 1419/14/1
f 1425/4/1 1422/4/1 1421/4/1
f 1426/4/1 1424/4/1 1423/4/1
f 1427/4/1 1425/4/1 1421/4/1
f 1428/4/1 1425/4/1 1427/4/1
f 1429/4/1 1424/4/1 1426/4/1
f 1430/4/1 1424/4/1 1429/4/1
f 1435/4/1 1432/4/1 1431/4/1
f 1436/4/1 1432/4/1 1435/4/1
f 1437/4/1 1434/4/1 1433/4/1
f 1438/4/1 1434/4/1 1437/4/1
f 1443/14/1 1440/14/1 1439/14/1
f 1444/14/1 1442/14/1 1441/14/1
f 1445/14/1 1443/14/1 1439/14/1
f 1446/14/1 1443/14/1 1445/14/1
f 1447/14/1 1442/14/1 1444/14/1
f 1448/14/1 1442/14/1 1447/14/1
f 1453/7/1 1450/7/1 1449/7/1
f 1454/7/1 1450/7/1 1453/7/1
f 1455/7/1 1452/7/1 1451/7/1
f 1456/7/1 1452/7/1 1455/7/1
f 1461/7/1 1458/7/1 1457/7/1
f 1462/7/1 1458/7/1 1461/7/1
f 1463/7/1 1460/7/1 1459/7/1
f 1464/7/1 1460/7/1 1463/7/1
f 1469/4/1 1466/4/1 1465/4/1
f 1470/4/1 1468/4/1 1467/4/1
f 1471/4/1 1469/4/1 1465/4/1
f 1472/4/1 1469/4/1 1471/4/1
f 1473/4/1 1468/4/1 1470/4/1
f 1474/4/1 1468/4/1 1473/4/1
f 1479/4/1 1476/4/1 1475/4/1
f 1480/4/1 1476/4/1 1479/4/1
f 1481/4/1 1478/4/1 1477/4/1
f 1482/4/1 1478/4/1 1481/4/1
f 1487/4/1 1484/4/1 1483/4/1
f 1488/4/1 1484/4/1 1487/4/1
f 1489/4/1 1486/4/1 1485/4/1
f 1490/4/1 1486/4/1 1489/4/1
f 1493/14/1 1492/14/1 1491/14/1
f 1495/14/1 1493/14/1 1491/14/1
f 1495/14/1 1494/14/1 1493/14/1
f 1496/14/1 1494/14/1 1495/14/1
f 1499/7/1 1498/7/1 1497/7/1
f 1500/7/1 1498/7/1 1499/7/1
f 1503/21/1 1500/21/1 1499/21/1
f 1504/21/1 1503/21/1 1499/21/1
f 1505/14/1 1502/14/1 1501/14/1
f 1506/14/1 1502/14/1 1505/14/1
f 1507/21/1 1504/21/1 1499/21/1
f 1508/21/1 1504/21/1 1507/21/1
f 1513/4/1 1510/4/1 1509/4/1
f 1514/4/1 1510/4/1 1513/4/1
f 1515/4/1 1512/4/1 1511/4/1
f 1516/4/1 1512/4/1 1515/4/1
f 1521/14/1 1518/14/1 1517/14/1
f 1522/14/1 1518/14/1 1521/14/1
f 1523/14/1 1520/14/1 1519/14/1
f 1524/14/1 1520/14/1 1523/14/1
f 1528/14/1 1526/14/1 1525/14/1
f 1529/14/1 1528/14/1 1527/14/1
f 1530/14/1 1526/14/1 1528/14/1
f 1530/14/1 1528/14/1 1529/14/1
f 1533/14/1 1532/14/1 1531/14/1
f 1536/14/1 1532/14/1 1533/14/1
f 1537/14/1 1532/14/1 1536/14/1
f 1538/14/1 1532/14/1 1537/14/1
f 1539/14/1 1535/14/1 1534/14/1
f 1540/14/1 1535/14/1 1539/14/1
f 1545/14/1 1544/14/1 1543/14/1
f 1546/14/1 1544/14/1 1545/14/1
f 1547/14/1 1542/14/1 1541/14/1
f 1548/14/1 1542/14/1 1547/14/1
f 1553/20/1 1550/20/1 1549/20/1
f 1554/14/1 1551/14/1 1550/14/1
f 1554/20/1 1550/20/1 1553/20/1
f 1555/20/1 1552/20/1 1551/20/1
f 1555/14/1 1551/14/1 1554/14/1
f 1556/20/1 1552/20/1 1555/20/1
f 1563/19/1 1558/19/1 1557/19/1
f 1564/21/1 1559/21/1 1558/21/1
f 1564/19/1 1558/19/1 1563/19/1
f 1565/21/1 1559/21/1 1564/21/1
f 1566/21/1 1561/21/1 1560/21/1
f 1567/19/1 1562/19/1 1561/19/1
f 1567/21/1 1561/21/1 1566/21/1
f 1568/19/1 1562/19/1 1567/19/1
f 1573/11/1 1570/11/1 1569/11/1
f 1574/11/1 1570/11/1 1573/11/1
f 1575/11/1 1572/11/1 1571/11/1
f 1576/11/1 1572/11/1 1575/11/1
f 1581/13/1 1578/13/1 1577/13/1
f 1582/13/1 1578/13/1 1581/13/1
f 1583/13/1 1580/13/1 1579/13/1
f 1584/13/1 1580/13/1 1583/13/1
f 1589/4/1 1586/4/1 1585/4/1
f 1590/4/1 1588/4/1 1587/4/1
f 1591/4/1 1586/4/1 1589/4/1
f 1592/4/1 1586/4/1 1591/4/1
f 1593/4/1 1590/4/1 1587/4/1
f 1594/4/1 1590/4/1 1593/4/1
f 1595/7/2 1596/7/2 1597/7/2
f 1597/7/2 1596/7/2 1598/7/2
f 1599/5/2 1600/5/2 1603/5/2
f 1603/5/2 1600/5/2 1604/5/2
f 1601/5/2 1602/5/2 1605/5/2
f 1605/5/2 1602/5/2 1606/5/2
f 1607/6/2 1608/6/2 1611/6/2
f 1611/6/2 1608/6/2 1612/6/2
f 1609/6/2 1610/6/2 1613/6/2
f 1613/6/2 1610/6/2 1614/6/2
f 1615/6/2 1616/6/2 1619/6/2
f 1619/6/2 1616/6/2 1620/6/2
f 1617/6/2 1618/6/2 1621/6/2
f 1621/6/2 1618/6/2 1622/6/2
f 1623/5/2 1624/5/2 1627/5/2
f 1627/5/2 1624/5/2 1628/5/2
f 1625/5/2 1626/5/2 1629/5/2
f 1629/5/2 1626/5/2 1630/5/2
f 1631/6/2 1632/6/2 1635/6/2
f 1635/6/2 1632/6/2 1636/6/2
f 1633/6/2 1634/6/2 1637/6/2
f 1637/6/2 1634/6/2 1638/6/2
f 1639/5/2 1640/5/2 1643/5/2
f 1643/5/2 1640/5/2 1644/5/2
f 1641/5/2 1642/5/2 1645/5/2
f 1645/5/2 1642/5/2 1646/5/2
f 1647/7/2 1648/7/2 1649/7/2
f 1649/7/2 1648/7/2 1650/7/2
f 1651/7/2 1652/7/2 1656/7/2
f 1652/6/2 1653/6/2 1657/6/2
f 1656/7/2 1652/7/2 1657/7/2
f 1657/6/2 1653/6/2 1658/6/2
f 1654/7/2 1655/7/2 1659/7/2
f 1659/7/2 1655/7/2 1660/7/2
f 1661/6/2 1662/6/2 1665/6/2
f 1665/6/2 1662/6/2 1666/6/2
f 1663/6/2 1664/6/2 1667/6/2
f 1667/6/2 1664/6/2 1668/6/2
f 1669/6/2 1670/6/2 1673/6/2
f 1673/6/2 1670/6/2 1674/6/2
f 1671/6/2 1672/6/2 1675/6/2
f 1675/6/2 1672/6/2 1676/6/2
f 1677/21/2 1678/21/2 1681/21/2
f 1681/21/2 1678/21/2 1682/21/2
f 1679/21/2 1680/21/2 1683/21/2
f 1683/21/2 1680/21/2 1684/21/2
f 1685/14/2 1686/14/2 1689/14/2
f 1689/14/2 1686/14/2 1690/14/2
f 1687/14/2 1688/14/2 1691/14/2
f 1691/14/2 1688/14/2 1692/14/2
f 1693/7/2 1694/7/2 1697/7/2
f 1697/7/2 1694/7/2 1698/7/2
f 1695/7/2 1696/7/2 1699/7/2
f 1699/7/2 1696/7/2 1700/7/2
f 1701/14/2 1702/14/2 1705/14/2
f 1705/14/2 1702/14/2 1706/14/2
f 1703/14/2 1704/14/2 1707/14/2
f 1707/14/2 1704/14/2 1708/14/2
f 1709/14/2 1710/14/2 1713/14/2
f 1713/14/2 1710/14/2 1714/14/2
f 1711/14/2 1712/14/2 1715/14/2
f 1715/14/2 1712/14/2 1716/14/2
f 1717/14/2 1718/14/2 1719/14/2
f 1719/14/2 1718/14/2 1720/14/2
f 1723/7/2 1724/7/2 1725/7/2
f 1721/7/2 1722/7/2 1726/7/2
f 1726/7/2 1722/7/2 1727/7/2
f 1723/7/2 1725/7/2 1728/7/2
f 1728/7/2 1725/7/2 1729/7/2
f 1726/4/2 1727/4/2 1730/4/2
f 1727/4/2 1728/4/2 1730/4/2
f 1728/4/2 1729/4/2 1730/4/2
f 1730/4/2 1729/4/2 1731/4/2
f 1731/4/2 1729/4/2 1732/4/2
f 1732/4/2 1729/4/2 1733/4/2
f 1733/4/2 1729/4/2 1734/4/2
f 1734/4/2 1729/4/2 1735/4/2
f 1731/4/2 1732/4/2 1736/4/2
f 1736/4/2 1732/4/2 1737/4/2
f 1733/4/2 1734/4/2 1738/4/2
f 1738/4/2 1734/4/2 1739/4/2
f 1742/4/2 1743/4/2 1744/4/2
f 1744/4/2 1743/4/2 1745/4/2
f 1740/4/2 1741/4/2 1746/4/2
f 1746/4/2 1741/4/2 1747/4/2
f 1748/4/2 1749/4/2 1750/4/2
f 1750/4/2 1749/4/2 1751/4/2
f 1752/13/2 1753/13/2 1756/13/2
f 1756/13/2 1753/13/2 1757/13/2
f 1754/4/2 1755/4/2 1760/4/2
f 1758/4/2 1759/4/2 1761/4/2
f 1754/4/2 1760/4/2 1762/4/2
f 1762/4/2 1760/4/2 1763/4/2
f 1761/4/2 1759/4/2 1764/4/2
f 1764/4/2 1759/4/2 1765/4/2
f 1766/4/2 1767/4/2 1770/4/2
f 1770/4/2 1767/4/2 1771/4/2
f 1768/4/2 1769/4/2 1772/4/2
f 1772/4/2 1769/4/2 1773/4/2
f 1774/4/2 1775/4/2 1779/4/2
f 1779/4/2 1775/4/2 1780/4/2
f 1776/4/2 1777/4/2 1781/4/2
f 1781/4/2 1777/4/2 1782/4/2
f 1778/4/2 1779/4/2 1784/4/2
f 1784/4/2 1779/4/2 1785/4/2
f 1782/4/2 1783/4/2 1788/4/2
f 1788/4/2 1783/4/2 1789/4/2
f 1785/4/2 1786/4/2 1790/4/2
f 1790/4/2 1786/4/2 1791/4/2
f 1787/4/2 1788/4/2 1792/4/2
f 1792/4/2 1788/4/2 1793/4/2
f 1794/4/2 1795/4/2 1797/4/2
f 1797/4/2 1795/4/2 1798/4/2
f 1796/4/2 1797/4/2 1800/4/2
f 1800/4/2 1797/4/2 1801/4/2
f 1798/4/2 1799/4/2 1802/4/2
f 1802/4/2 1799/4/2 1803/4/2
f 1801/4/2 1802/4/2 1804/4/2
f 1804/4/2 1802/4/2 1805/4/2
f 1806/4/2 1807/4/2 1808/4/2
f 1808/4/2 1807/4/2 1809/4/2
f 1810/4/2 1811/4/2 1812/4/2
f 1812/4/2 1811/4/2 1813/4/2
f 1814/4/2 1815/4/2 1818/4/2
f 1816/4/2 1817/4/2 1819/4/2
f 1814/4/2 1818/4/2 1820/4/2
f 1820/4/2 1818/4/2 1821/4/2
f 1819/4/2 1817/4/2 1822/4/2
f 1822/4/2 1817/4/2 1823/4/2
f 1824/4/2 1825/4/2 1828/4/2
f 1828/4/2 1825/4/2 1829/4/2
f 1826/4/2 1827/4/2 1830/4/2
f 1830/4/2 1827/4/2 1831/4/2
f 1832/14/2 1833/14/2 1836/14/2
f 1834/14/2 1835/14/2 1837/14/2
f 1832/14/2 1836/14/2 1838/14/2
f 1838/14/2 1836/14/2 1839/14/2
f 1837/14/2 1835/14/2 1840/14/2
f 1840/14/2 1835/14/2 1841/14/2
f 1842/14/2 1843/14/2 1846/14/2
f 1846/14/2 1843/14/2 1847/14/2
f 1844/14/2 1845/14/2 1848/14/2
f 1848/14/2 1845/14/2 1849/14/2
f 1850/21/2 1851/21/2 1854/21/2
f 1851/14/2 1852/14/2 1855/14/2
f 1854/21/2 1851/21/2 1855/21/2
f 1852/21/2 1853/21/2 1856/21/2
f 1855/14/2 1852/14/2 1856/14/2
f 1856/21/2 1853/21/2 1857/21/2
f 1858/4/2 1859/4/2 1862/4/2
f 1862/4/2 1859/4/2 1863/4/2
f 1860/4/2 1861/4/2 1864/4/2
f 1864/4/2 1861/4/2 1865/4/2
f 1866/4/2 1867/4/2 1870/4/2
f 1870/4/2 1867/4/2 1871/4/2
f 1868/4/2 1869/4/2 1872/4/2
f 1872/4/2 1869/4/2 1873/4/2
f 1866/4/2 1870/4/2 1874/4/2
f 1874/4/2 1870/4/2 1875/4/2
f 1873/4/2 1869/4/2 1876/4/2
f 1876/4/2 1869/4/2 1877/4/2
f 1878/4/2 1879/4/2 1882/4/2
f 1882/4/2 1879/4/2 1883/4/2
f 1880/4/2 1881/4/2 1884/4/2
f 1884/4/2 1881/4/2 1885/4/2
f 1886/7/2 1887/7/2 1888/7/2
f 1888/7/2 1887/7/2 1889/7/2
f 1888/4/2 1889/4/2 1890/4/2
f 1890/4/2 1889/4/2 1891/4/2
f 1892/7/2 1893/7/2 1894/7/2
f 1894/7/2 1893/7/2 1895/7/2
f 1894/4/2 1895/4/2 1896/4/2
f 1896/4/2 1895/4/2 1897/4/2
f 1898/4/2 1899/4/2 1902/4/2
f 1902/4/2 1899/4/2 1903/4/2
f 1900/4/2 1901/4/2 1904/4/2
f 1904/4/2 1901/4/2 1905/4/2
f 1906/4/2 1907/4/2 1910/4/2
f 1910/4/2 1907/4/2 1911/4/2
f 1908/4/2 1909/4/2 1912/4/2
f 1912/4/2 1909/4/2 1913/4/2
f 1910/1/2 1911/1/2 1914/1/2
f 1911/1/2 1912/1/2 1914/1/2
f 1912/1/2 1913/1/2 1914/1/2
f 1914/1/2 1913/1/2 1915/1/2
f 1915/1/2 1913/1/2 1916/1/2
f 1916/1/2 1913/1/2 1917/1/2
f 1915/1/2 1916/1/2 1918/1/2
f 1918/1/2 1916/1/2 1919/1/2
f 1919/1/2 1916/1/2 1920/1/2
f 1920/1/2 1916/1/2 1921/1/2
f 1919/1/2 1920/1/2 1922/1/2
f 1922/1/2 1920/1/2 1923/1/2
f 1924/14/2 1925/14/2 1928/14/2
f 1928/14/2 1925/14/2 1929/14/2
f 1926/14/2 1927/14/2 1930/14/2
f 1930/14/2 1927/14/2 1931/14/2
f 1932/7/2 1933/7/2 1934/7/2
f 1934/7/2 1933/7/2 1935/7/2
f 1934/14/2 1935/14/2 1938/14/2
f 1934/14/2 1938/14/2 1939/14/2
f 1936/14/2 1937/14/2 1940/14/2
f 1940/14/2 1937/14/2 1941/14/2
f 1934/14/2 1939/14/2 1942/14/2
f 1942/14/2 1939/14/2 1943/14/2
f 1944/14/2 1945/14/2 1946/14/2
f 1944/14/2 1946/14/2 1948/14/2
f 1946/14/2 1947/14/2 1948/14/2
f 1948/14/2 1947/14/2 1949/14/2
f 1952/14/2 1953/14/2 1954/14/2
f 1954/14/2 1953/14/2 1955/14/2
f 1950/14/2 1951/14/2 1956/14/2
f 1956/14/2 1951/14/2 1957/14/2
f 1958/14/2 1959/14/2 1960/14/2
f 1960/14/2 1959/14/2 1963/14/2
f 1963/14/2 1959/14/2 1964/14/2
f 1964/14/2 1959/14/2 1965/14/2
f 1961/21/2 1962/21/2 1966/21/2
f 1966/21/2 1962/21/2 1967/21/2
f 1968/14/2 1969/14/2 1971/14/2
f 1970/14/2 1971/14/2 1972/14/2
f 1971/14/2 1969/14/2 1973/14/2
f 1972/14/2 1971/14/2 1973/14/2
f 1974/13/2 1975/13/2 1978/13/2
f 1978/13/2 1975/13/2 1979/13/2
f 1976/13/2 1977/13/2 1980/13/2
f 1980/13/2 1977/13/2 1981/13/2
f 1982/13/2 1983/13/2 1986/13/2
f 1986/13/2 1983/13/2 1987/13/2
f 1984/13/2 1985/13/2 1988/13/2
f 1988/13/2 1985/13/2 1989/13/2
f 1990/21/2 1991/21/2 1994/21/2
f 1994/21/2 1991/21/2 1995/21/2
f 1992/21/2 1993/21/2 1996/21/2
f 1996/21/2 1993/21/2 1997/21/2
f 1998/14/2 1999/14/2 2002/14/2
f 2002/14/2 1999/14/2 2003/14/2
f 2000/14/2 2001/14/2 2004/14/2
f 2004/14/2 2001/14/2 2005/14/2
f 2006/21/2 2007/21/2 2010/21/2
f 2007/14/2 2008/14/2 2011/14/2
f 2010/21/2 2007/21/2 2011/21/2
f 2008/21/2 2009/21/2 2012/21/2
f 2011/14/2 2008/14/2 2012/14/2
f 2012/21/2 2009/21/2 2013/21/2
f 2014/22/2 2015/22/2 2016/22/2
f 2016/22/2 2015/22/2 2017/22/2
f 2016/7/2 2017/7/2 2018/7/2
f 2018/7/2 2017/7/2 2019/7/2
f 2018/4/2 2019/4/2 2020/4/2
f 2020/4/2 2019/4/2 2021/4/2
f 2027/4/3 2025/4/3 2024/4/3
f 2029/4/3 2027/4/3 2026/4/3
f 2031/4/3 2029/4/3 2028/4/3
f 2033/4/3 2031/4/3 2030/4/3
f 2035/4/3 2033/4/3 2032/4/3
f 2037/4/3 2035/4/3 2034/4/3
f 2039/4/3 2037/4/3 2036/4/3
f 2041/4/3 2039/4/3 2038/4/3
f 2043/7/3 2041/7/3 2040/7/3
f 2045/7/3 2043/7/3 2042/7/3
f 2046/22/3 2023/22/3 2022/22/3
f 2047/7/3 2045/7/3 2044/7/3
f 2048/22/3 2046/22/3 2022/22/3
f 2049/7/3 2047/7/3 2046/7/3
f 2049/22/3 2046/22/3 2048/22/3
f 2050/4/3 2039/4/3 2041/4/3
f 2050/7/3 2047/7/3 2049/7/3
f 2050/7/3 2041/7/3 2043/7/3
f 2050/7/3 2045/7/3 2047/7/3
f 2050/7/3 2043/7/3 2045/7/3
f 2051/4/3 2025/4/3 2027/4/3
f 2051/4/3 2039/4/3 2050/4/3
f 2051/4/3 2027/4/3 2029/4/3
f 2051/4/3 2029/4/3 2031/4/3
f 2051/4/3 2031/4/3 2033/4/3
f 2051/4/3 2033/4/3 2035/4/3
f 2051/4/3 2035/4/3 2037/4/3
f 2051/4/3 2037/4/3 2039/4/3
f 2056/22/3 2053/22/3 2052/22/3
f 2057/22/3 2053/22/3 2056/22/3
f 2058/4/3 2055/4/3 2054/4/3
f 2059/4/3 2055/4/3 2058/4/3
f 2063/4/3 2061/4/3 2060/4/3
f 2065/4/3 2063/4/3 2062/4/3
f 2067/4/3 2065/4/3 2064/4/3
f 2069/4/3 2067/4/3 2066/4/3
f 2070/4/3 2061/4/3 2063/4/3
f 2070/4/3 2063/4/3 2065/4/3
f 2070/4/3 2067/4/3 2069/4/3
f 2070/4/3 2065/4/3 2067/4/3
f 2071/4/3 2061/4/3 2070/4/3
f 2073/4/3 2069/4/3 2068/4/3
f 2073/4/3 2070/4/3 2069/4/3
f 2074/4/3 2070/4/3 2073/4/3
f 2075/4/3 2070/4/3 2074/4/3
f 2077/4/3 2073/4/3 2072/4/3
f 2077/4/3 2074/4/3 2073/4/3
f 2078/4/3 2074/4/3 2077/4/3
f 2079/4/3 2074/4/3 2078/4/3
f 2081/7/3 2077/7/3 2076/7/3
f 2082/4/3 2078/4/3 2077/4/3
f 2083/4/3 2078/4/3 2082/4/3
f 2085/7/3 2081/7/3 2080/7/3
f 2087/7/3 2085/7/3 2084/7/3
f 2088/4/3 2082/4/3 2077/4/3
f 2089/4/3 2082/4/3 2088/4/3
f 2090/4/3 2088/4/3 2077/4/3
f 2091/4/3 2088/4/3 2090/4/3
f 2092/7/3 2077/7/3 2081/7/3
f 2092/7/3 2087/7/3 2086/7/3
f 2092/4/3 2090/4/3 2077/4/3
f 2092/7/3 2081/7/3 2085/7/3
f 2092/7/3 2085/7/3 2087/7/3
f 2093/4/3 2090/4/3 2092/4/3
f 2094/7/3 2092/7/3 2086/7/3
f 2095/7/3 2092/7/3 2094/7/3
f 2096/7/3 2094/7/3 2086/7/3
f 2097/7/3 2094/7/3 2096/7/3
f 2098/7/3 2096/7/3 2086/7/3
f 2099/7/3 2096/7/3 2098/7/3
f 2100/7/3 2098/7/3 2086/7/3
f 2101/7/3 2098/7/3 2100/7/3
f 2107/4/3 2105/4/3 2104/4/3
f 2108/22/3 2103/22/3 2102/22/3
f 2109/22/3 2103/22/3 2108/22/3
f 2111/4/3 2107/4/3 2106/4/3
f 2112/4/3 2105/4/3 2107/4/3
f 2112/4/3 2107/4/3 2111/4/3
f 2113/4/3 2105/4/3 2112/4/3
f 2115/4/3 2111/4/3 2110/4/3
f 2115/4/3 2112/4/3 2111/4/3
f 2117/4/3 2115/4/3 2114/4/3
f 2119/4/3 2117/4/3 2116/4/3
f 2121/4/3 2119/4/3 2118/4/3
f 2123/4/3 2121/4/3 2120/4/3
f 2124/4/3 2112/4/3 2115/4/3
f 2124/4/3 2115/4/3 2117/4/3
f 2124/4/3 2121/4/3 2123/4/3
f 2124/4/3 2117/4/3 2119/4/3
f 2124/4/3 2119/4/3 2121/4/3
f 2125/4/3 2112/4/3 2124/4/3
f 2127/4/3 2123/4/3 2122/4/3
f 2127/4/3 2124/4/3 2123/4/3
f 2128/4/3 2124/4/3 2127/4/3
f 2129/4/3 2124/4/3 2128/4/3
f 2131/7/3 2127/7/3 2126/7/3
f 2132/4/3 2128/4/3 2127/4/3
f 2133/4/3 2128/4/3 2132/4/3
f 2134/4/3 2132/4/3 2127/4/3
f 2135/4/3 2132/4/3 2134/4/3
f 2137/7/3 2131/7/3 2130/7/3
f 2138/4/3 2134/4/3 2127/4/3
f 2139/4/3 2134/4/3 2138/4/3
f 2141/7/3 2137/7/3 2136/7/3
f 2142/7/3 2127/7/3 2131/7/3
f 2142/7/3 2131/7/3 2137/7/3
f 2142/7/3 2137/7/3 2141/7/3
f 2142/4/3 2138/4/3 2127/4/3
f 2143/4/3 2138/4/3 2142/4/3
f 2144/7/3 2141/7/3 2140/7/3
f 2144/7/3 2142/7/3 2141/7/3
f 2145/7/3 2142/7/3 2144/7/3
f 2146/7/3 2144/7/3 2140/7/3
f 2147/7/3 2144/7/3 2146/7/3
f 2148/7/3 2146/7/3 2140/7/3
f 2149/7/3 2146/7/3 2148/7/3
f 2150/7/3 2148/7/3 2140/7/3
f 2151/7/3 2148/7/3 2150/7/3
f 2156/22/3 2153/22/3 2152/22/3
f 2157/22/3 2153/22/3 2156/22/3
f 2159/4/3 2155/4/3 2154/4/3
f 2160/4/3 2155/4/3 2159/4/3
f 2162/4/3 2159/4/3 2158/4/3
f 2163/4/3 2159/4/3 2162/4/3
f 2164/4/3 2159/4/3 2163/4/3
f 2166/4/3 2162/4/3 2161/4/3
f 2166/4/3 2163/4/3 2162/4/3
f 2167/4/3 2163/4/3 2166/4/3
f 2168/4/3 2163/4/3 2167/4/3
f 2170/4/3 2166/4/3 2165/4/3
f 2170/4/3 2167/4/3 2166/4/3
f 2171/4/3 2167/4/3 2170/4/3
f 2172/4/3 2167/4/3 2171/4/3
f 2174/4/3 2170/4/3 2169/4/3
f 2174/4/3 2171/4/3 2170/4/3
f 2175/4/3 2171/4/3 2174/4/3
f 2176/4/3 2171/4/3 2175/4/3
f 2178/4/3 2174/4/3 2173/4/3
f 2178/4/3 2175/4/3 2174/4/3
f 2179/4/3 2175/4/3 2178/4/3
f 2180/4/3 2175/4/3 2179/4/3
f 2182/4/3 2178/4/3 2177/4/3
f 2182/4/3 2179/4/3 2178/4/3
f 2183/4/3 2179/4/3 2182/4/3
f 2184/4/3 2179/4/3 2183/4/3
f 2185/7/3 2182/7/3 2181/7/3
f 2185/4/3 2183/4/3 2182/4/3
f 2186/4/3 2183/4/3 2185/4/3
f 2188/7/3 2185/7/3 2181/7/3
f 2189/7/3 2185/7/3 2188/7/3
f 2191/7/3 2188/7/3 2187/7/3
f 2192/7/3 2188/7/3 2191/7/3
f 2194/7/3 2191/7/3 2190/7/3
f 2195/7/3 2191/7/3 2194/7/3
f 2196/7/3 2194/7/3 2193/7/3
f 2197/7/3 2194/7/3 2196/7/3
f 2200/4/3 2199/4/3 2198/4/3
f 2202/4/3 2201/4/3 2200/4/3
f 2204/4/3 2203/4/3 2202/4/3
f 2206/4/3 2205/4/3 2204/4/3
f 2209/4/3 2200/4/3 2198/4/3
f 2209/4/3 2202/4/3 2200/4/3
f 2209/4/3 2207/4/3 2206/4/3
f 2209/4/3 2206/4/3 2204/4/3
f 2209/4/3 2204/4/3 2202/4/3
f 2210/4/3 2207/4/3 2209/4/3
f 2211/4/3 2207/4/3 2210/4/3
f 2212/1/3 2208/1/3 2207/1/3
f 2212/4/3 2207/4/3 2211/4/3
f 2214/4/3 2211/4/3 2210/4/3
f 2215/4/3 2211/4/3 2214/4/3
f 2216/1/3 2208/1/3 2212/1/3
f 2217/4/3 2215/4/3 2214/4/3
f 2217/4/3 2216/4/3 2215/4/3
f 2217/4/3 2214/4/3 2213/4/3
f 2218/4/3 2216/4/3 2217/4/3
f 2219/4/3 2216/4/3 2218/4/3
f 2220/1/3 2208/1/3 2216/1/3
f 2220/4/3 2216/4/3 2219/4/3
f 2222/4/3 2219/4/3 2218/4/3
f 2223/4/3 2219/4/3 2222/4/3
f 2224/1/3 2208/1/3 2220/1/3
f 2225/4/3 2223/4/3 2222/4/3
f 2225/4/3 2224/4/3 2223/4/3
f 2225/4/3 2222/4/3 2221/4/3
f 2226/4/3 2224/4/3 2225/4/3
f 2227/4/3 2224/4/3 2226/4/3
f 2228/1/3 2208/1/3 2224/1/3
f 2228/4/3 2224/4/3 2227/4/3
f 2229/4/3 2227/4/3 2226/4/3
f 2231/4/3 2229/4/3 2226/4/3
f 2231/4/3 2230/4/3 2229/4/3
f 2232/4/3 2230/4/3 2231/4/3
f 2233/4/3 2230/4/3 2232/4/3
f 2234/1/3 2208/1/3 2228/1/3
f 2235/4/3 2233/4/3 2232/4/3
f 2235/4/3 2234/4/3 2233/4/3
f 2236/1/3 2208/1/3 2234/1/3
f 2236/4/3 2234/4/3 2235/4/3
f 2237/1/3 2208/1/3 2236/1/3
f 2240/14/3 2239/14/3 2238/14/3
f 2241/14/3 2239/14/3 2240/14/3
f 2246/22/3 2243/22/3 2242/22/3
f 2247/22/3 2243/22/3 2246/22/3
f 2249/4/3 2245/4/3 2244/4/3
f 2250/4/3 2245/4/3 2249/4/3
f 2252/4/3 2249/4/3 2248/4/3
f 2253/4/3 2249/4/3 2252/4/3
f 2255/4/3 2252/4/3 2251/4/3
f 2256/4/3 2252/4/3 2255/4/3
f 2258/4/3 2255/4/3 2254/4/3
f 2259/4/3 2255/4/3 2258/4/3
f 2261/4/3 2258/4/3 2257/4/3
f 2262/4/3 2258/4/3 2261/4/3
f 2264/4/3 2261/4/3 2260/4/3
f 2265/4/3 2261/4/3 2264/4/3
f 2267/4/3 2264/4/3 2263/4/3
f 2268/4/3 2264/4/3 2267/4/3
f 2270/7/3 2267/7/3 2266/7/3
f 2271/7/3 2267/7/3 2270/7/3
f 2273/7/3 2270/7/3 2269/7/3
f 2275/7/3 2273/7/3 2272/7/3
f 2276/7/3 2270/7/3 2273/7/3
f 2276/7/3 2273/7/3 2275/7/3
f 2277/7/3 2270/7/3 2276/7/3
f 2278/7/3 2275/7/3 2274/7/3
f 2278/7/3 2276/7/3 2275/7/3
f 2279/7/3 2276/7/3 2278/7/3
f 2280/7/3 2278/7/3 2274/7/3
f 2281/7/3 2278/7/3 2280/7/3
f 2284/7/3 2283/7/3 2282/7/3
f 2285/7/3 2283/7/3 2284/7/3
f 2288/4/3 2287/4/3 2286/4/3
f 2289/4/3 2287/4/3 2288/4/3
f 2291/4/3 2290/4/3 2289/4/3
f 2292/4/3 2290/4/3 2291/4/3
f 2294/4/3 2293/4/3 2292/4/3
f 2295/4/3 2293/4/3 2294/4/3
f 2297/4/3 2296/4/3 2295/4/3
f 2298/4/3 2296/4/3 2297/4/3
f 2300/4/3 2299/4/3 2298/4/3
f 2301/4/3 2299/4/3 2300/4/3
f 2304/4/3 2303/4/3 2302/4/3
f 2305/4/3 2303/4/3 2304/4/3
f 2306/4/3 2303/4/3 2305/4/3
f 2309/4/3 2308/4/3 2307/4/3
f 2310/4/3 2308/4/3 2309/4/3
f 2313/14/3 2312/14/3 2311/14/3
f 2314/14/3 2312/14/3 2313/14/3
f 2317/14/3 2316/14/3 2315/14/3
f 2318/14/3 2316/14/3 2317/14/3
f 2323/22/3 2320/22/3 2319/22/3
f 2324/22/3 2320/22/3 2323/22/3
f 2326/4/3 2322/4/3 2321/4/3
f 2327/4/3 2322/4/3 2326/4/3
f 2329/4/3 2326/4/3 2325/4/3
f 2331/4/3 2329/4/3 2328/4/3
f 2332/4/3 2326/4/3 2329/4/3
f 2332/4/3 2329/4/3 2331/4/3
f 2334/4/3 2331/4/3 2330/4/3
f 2335/4/3 2331/4/3 2334/4/3
f 2337/4/3 2334/4/3 2333/4/3
f 2338/4/3 2334/4/3 2337/4/3
f 2340/4/3 2337/4/3 2336/4/3
f 2341/4/3 2337/4/3 2340/4/3
f 2343/4/3 2340/4/3 2339/4/3
f 2344/4/3 2340/4/3 2343/4/3
f 2346/4/3 2343/4/3 2342/4/3
f 2347/4/3 2343/4/3 2346/4/3
f 2349/7/3 2346/7/3 2345/7/3
f 2350/7/3 2346/7/3 2349/7/3
f 2352/7/3 2349/7/3 2348/7/3
f 2353/7/3 2349/7/3 2352/7/3
f 2355/7/3 2352/7/3 2351/7/3
f 2356/7/3 2352/7/3 2355/7/3
f 2357/7/3 2355/7/3 2354/7/3
f 2358/7/3 2355/7/3 2357/7/3
f 2362/13/3 2360/13/3 2359/13/3
f 2362/13/3 2361/13/3 2360/13/3
f 2363/13/3 2361/13/3 2362/13/3
f 2365/14/3 2363/14/3 2362/14/3
f 2365/14/3 2364/14/3 2363/14/3
f 2366/14/3 2364/14/3 2365/14/3
f 2369/14/3 2368/14/3 2367/14/3
f 2370/14/3 2368/14/3 2369/14/3
f 2371/14/3 2368/14/3 2370/14/3
f 2372/13/3 2370/13/3 2369/13/3
f 2373/13/3 2370/13/3 2372/13/3
f 2378/22/3 2375/22/3 2374/22/3
f 2379/22/3 2375/22/3 2378/22/3
f 2380/4/3 2377/4/3 2376/4/3
f 2381/4/3 2377/4/3 2380/4/3
f 2385/4/3 2383/4/3 2382/4/3
f 2386/4/3 2383/4/3 2385/4/3
f 2388/4/3 2385/4/3 2384/4/3
f 2389/4/3 2385/4/3 2388/4/3
f 2391/4/3 2388/4/3 2387/4/3
f 2392/4/3 2388/4/3 2391/4/3
f 2394/4/3 2391/4/3 2390/4/3
f 2395/4/3 2391/4/3 2394/4/3
f 2397/4/3 2394/4/3 2393/4/3
f 2398/4/3 2394/4/3 2397/4/3
f 2400/4/3 2397/4/3 2396/4/3
f 2401/4/3 2397/4/3 2400/4/3
f 2403/4/3 2400/4/3 2399/4/3
f 2404/4/3 2400/4/3 2403/4/3
f 2406/7/3 2403/7/3 2402/7/3
f 2407/7/3 2403/7/3 2406/7/3
f 2409/7/3 2406/7/3 2405/7/3
f 2410/7/3 2406/7/3 2409/7/3
f 2412/7/3 2409/7/3 2408/7/3
f 2413/7/3 2409/7/3 2412/7/3
f 2414/7/3 2412/7/3 2411/7/3
f 2415/7/3 2412/7/3 2414/7/3
f 2418/13/3 2417/13/3 2416/13/3
f 2419/13/3 2417/13/3 2418/13/3
f 2422/13/3 2421/13/3 2420/13/3
f 2423/13/3 2421/13/3 2422/13/3
f 2428/22/3 2425/22/3 2424/22/3
f 2429/22/3 2425/22/3 2428/22/3
f 2430/4/3 2427/4/3 2426/4/3
f 2431/4/3 2427/4/3 2430/4/3
f 2435/4/3 2433/4/3 2432/4/3
f 2436/4/3 2433/4/3 2435/4/3
f 2438/4/3 2435/4/3 2434/4/3
f 2439/4/3 2435/4/3 2438/4/3
f 2441/4/3 2438/4/3 2437/4/3
f 2442/4/3 2438/4/3 2441/4/3
f 2444/4/3 2441/4/3 2440/4/3
f 2445/4/3 2441/4/3 2444/4/3
f 2447/4/3 2444/4/3 2443/4/3
f 2448/4/3 2444/4/3 2447/4/3
f 2450/4/3 2447/4/3 2446/4/3
f 2451/4/3 2447/4/3 2450/4/3
f 2453/4/3 2450/4/3 2449/4/3
f 2454/4/3 2450/4/3 2453/4/3
f 2458/7/3 2453/7/3 2452/7/3
f 2459/7/3 2453/7/3 2458/7/3
f 2460/21/3 2456/21/3 2455/21/3
f 2461/21/3 2456/21/3 2460/21/3
f 2463/7/3 2458/7/3 2457/7/3
f 2464/7/3 2458/7/3 2463/7/3
f 2466/7/3 2463/7/3 2462/7/3
f 2467/7/3 2463/7/3 2466/7/3
f 2468/7/3 2466/7/3 2465/7/3
f 2469/7/3 2466/7/3 2468/7/3
f 2470/14/3 2461/14/3 2460/14/3
f 2471/14/3 2461/14/3 2470/14/3
f 2472/21/3 2471/21/3 2470/21/3
f 2473/21/3 2471/21/3 2472/21/3
f 2476/1/3 2475/1/3 2474/1/3
f 2477/1/3 2475/1/3 2476/1/3
f 2482/22/3 2479/22/3 2478/22/3
f 2483/22/3 2479/22/3 2482/22/3
f 2484/4/3 2481/4/3 2480/4/3
f 2485/4/3 2481/4/3 2484/4/3
f 2489/4/3 2487/4/3 2486/4/3
f 2490/4/3 2487/4/3 2489/4/3
f 2492/4/3 2489/4/3 2488/4/3
f 2493/4/3 2489/4/3 2492/4/3
f 2495/4/3 2492/4/3 2491/4/3
f 2496/4/3 2492/4/3 2495/4/3
f 2498/4/3 2495/4/3 2494/4/3
f 2499/4/3 2495/4/3 2498/4/3
f 2501/4/3 2498/4/3 2497/4/3
f 2502/4/3 2498/4/3 2501/4/3
f 2504/4/3 2501/4/3 2500/4/3
f 2505/4/3 2501/4/3 2504/4/3
f 2507/4/3 2504/4/3 2503/4/3
f 2508/4/3 2504/4/3 2507/4/3
f 2513/7/3 2507/7/3 2506/7/3
f 2514/7/3 2507/7/3 2513/7/3
f 2515/14/3 2510/14/3 2509/14/3
f 2515/14/3 2511/14/3 2510/14/3
f 2516/14/3 2511/14/3 2515/14/3
f 2518/7/3 2513/7/3 2512/7/3
f 2519/7/3 2513/7/3 2518/7/3
f 2521/7/3 2518/7/3 2517/7/3
f 2522/7/3 2518/7/3 2521/7/3
f 2523/7/3 2521/7/3 2520/7/3
f 2524/7/3 2521/7/3 2523/7/3
f 2527/14/3 2526/14/3 2525/14/3
f 2528/14/3 2526/14/3 2527/14/3
f 2531/4/3 2530/4/3 2529/4/3
f 2532/4/3 2530/4/3 2531/4/3
f 2533/4/3 2530/4/3 2532/4/3
f 2534/4/3 2530/4/3 2533/4/3
f 2535/4/3 2530/4/3 2534/4/3
f 2536/4/3 2530/4/3 2535/4/3
f 2537/4/3 2535/4/3 2534/4/3
f 2539/4/3 2537/4/3 2534/4/3
f 2539/4/3 2538/4/3 2537/4/3
f 2540/4/3 2538/4/3 2539/4/3
f 2545/22/3 2542/22/3 2541/22/3
f 2546/22/3 2542/22/3 2545/22/3
f 2547/4/3 2544/4/3 2543/4/3
f 2548/4/3 2544/4/3 2547/4/3
f 2552/4/3 2550/4/3 2549/4/3
f 2553/4/3 2550/4/3 2552/4/3
f 2555/4/3 2552/4/3 2551/4/3
f 2556/4/3 2552/4/3 2555/4/3
f 2558/4/3 2555/4/3 2554/4/3
f 2559/4/3 2555/4/3 2558/4/3
f 2561/4/3 2558/4/3 2557/4/3
f 2562/4/3 2558/4/3 2561/4/3
f 2564/4/3 2561/4/3 2560/4/3
f 2565/4/3 2561/4/3 2564/4/3
f 2567/4/3 2564/4/3 2563/4/3
f 2568/4/3 2564/4/3 2567/4/3
f 2570/4/3 2567/4/3 2566/4/3
f 2571/4/3 2567/4/3 2570/4/3
f 2575/7/3 2570/7/3 2569/7/3
f 2576/7/3 2570/7/3 2575/7/3
f 2577/14/3 2573/14/3 2572/14/3
f 2578/14/3 2573/14/3 2577/14/3
f 2580/7/3 2575/7/3 2574/7/3
f 2581/7/3 2575/7/3 2580/7/3
f 2583/7/3 2580/7/3 2579/7/3
f 2584/7/3 2580/7/3 2583/7/3
f 2585/7/3 2583/7/3 2582/7/3
f 2586/7/3 2583/7/3 2585/7/3
f 2589/14/3 2588/14/3 2587/14/3
f 2590/14/3 2588/14/3 2589/14/3
f 2595/22/3 2592/22/3 2591/22/3
f 2596/22/3 2592/22/3 2595/22/3
f 2597/4/3 2594/4/3 2593/4/3
f 2598/4/3 2594/4/3 2597/4/3
f 2602/4/3 2600/4/3 2599/4/3
f 2603/4/3 2600/4/3 2602/4/3
f 2605/4/3 2602/4/3 2601/4/3
f 2606/4/3 2602/4/3 2605/4/3
f 2608/4/3 2605/4/3 2604/4/3
f 2609/4/3 2605/4/3 2608/4/3
f 2611/4/3 2608/4/3 2607/4/3
f 2612/4/3 2608/4/3 2611/4/3
f 2614/4/3 2611/4/3 2610/4/3
f 2615/4/3 2611/4/3 2614/4/3
f 2617/4/3 2614/4/3 2613/4/3
f 2618/4/3 2614/4/3 2617/4/3
f 2620/4/3 2617/4/3 2616/4/3
f 2621/4/3 2617/4/3 2620/4/3
f 2625/7/3 2620/7/3 2619/7/3
f 2626/7/3 2620/7/3 2625/7/3
f 2627/14/3 2623/14/3 2622/14/3
f 2628/14/3 2623/14/3 2627/14/3
f 2630/7/3 2625/7/3 2624/7/3
f 2631/7/3 2625/7/3 2630/7/3
f 2633/7/3 2630/7/3 2629/7/3
f 2634/7/3 2630/7/3 2633/7/3
f 2635/7/3 2633/7/3 2632/7/3
f 2636/7/3 2633/7/3 2635/7/3
f 2639/14/3 2638/14/3 2637/14/3
f 2640/14/3 2638/14/3 2639/14/3
f 2643/11/3 2642/11/3 2641/11/3
f 2644/11/3 2642/11/3 2643/11/3
f 2645/14/3 2644/14/3 2643/14/3
f 2646/14/3 2644/14/3 2645/14/3
f 2647/19/3 2646/19/3 2645/19/3
f 2648/19/3 2646/19/3 2647/19/3
f 2649/12/3 2648/12/3 2647/12/3
f 2650/12/3 2648/12/3 2649/12/3
f 2651/19/3 2650/19/3 2649/19/3
f 2652/19/3 2650/19/3 2651/19/3
f 2653/19/3 2650/19/3 2652/19/3
f 2655/14/3 2653/14/3 2652/14/3
f 2656/14/3 2653/14/3 2655/14/3
f 2657/21/3 2655/21/3 2654/21/3
f 2657/21/3 2656/21/3 2655/21/3
f 2658/21/3 2656/21/3 2657/21/3
f 2663/22/3 2660/22/3 2659/22/3
f 2664/22/3 2660/22/3 2663/22/3
f 2665/4/3 2662/4/3 2661/4/3
f 2666/4/3 2662/4/3 2665/4/3
f 2670/4/3 2668/4/3 2667/4/3
f 2671/4/3 2668/4/3 2670/4/3
f 2673/4/3 2670/4/3 2669/4/3
f 2674/4/3 2670/4/3 2673/4/3
f 2676/4/3 2673/4/3 2672/4/3
f 2677/4/3 2673/4/3 2676/4/3
f 2679/4/3 2676/4/3 2675/4/3
f 2680/4/3 2676/4/3 2679/4/3
f 2682/4/3 2679/4/3 2678/4/3
f 2683/4/3 2679/4/3 2682/4/3
f 2685/4/3 2682/4/3 2681/4/3
f 2686/4/3 2682/4/3 2685/4/3
f 2688/4/3 2685/4/3 2684/4/3
f 2689/4/3 2685/4/3 2688/4/3
f 2691/7/3 2688/7/3 2687/7/3
f 2692/7/3 2688/7/3 2691/7/3
f 2694/7/3 2691/7/3 2690/7/3
f 2695/7/3 2691/7/3 2694/7/3
f 2697/7/3 2694/7/3 2693/7/3
f 2698/7/3 2694/7/3 2697/7/3
f 2699/7/3 2697/7/3 2696/7/3
f 2700/7/3 2697/7/3 2699/7/3
f 2703/14/3 2702/14/3 2701/14/3
f 2704/14/3 2702/14/3 2703/14/3
f 2707/19/3 2706/19/3 2705/19/3
f 2708/19/3 2706/19/3 2707/19/3
f 2711/14/3 2710/14/3 2709/14/3
f 2712/14/3 2710/14/3 2711/14/3
f 2713/14/3 2710/14/3 2712/14/3
f 2718/22/3 2715/22/3 2714/22/3
f 2719/22/3 2715/22/3 2718/22/3
f 2720/4/3 2717/4/3 2716/4/3
f 2721/4/3 2717/4/3 2720/4/3
f 2725/4/3 2723/4/3 2722/4/3
f 2726/4/3 2723/4/3 2725/4/3
f 2728/4/3 2725/4/3 2724/4/3
f 2729/4/3 2725/4/3 2728/4/3
f 2731/4/3 2728/4/3 2727/4/3
f 2732/4/3 2728/4/3 2731/4/3
f 2734/4/3 2731/4/3 2730/4/3
f 2735/4/3 2731/4/3 2734/4/3
f 2737/4/3 2734/4/3 2733/4/3
f 2738/4/3 2734/4/3 2737/4/3
f 2740/4/3 2737/4/3 2736/4/3
f 2741/4/3 2737/4/3 2740/4/3
f 2743/4/3 2740/4/3 2739/4/3
f 2744/4/3 2740/4/3 2743/4/3
f 2746/7/3 2743/7/3 2742/7/3
f 2747/7/3 2743/7/3 2746/7/3
f 2751/7/3 2746/7/3 2745/7/3
f 2752/7/3 2746/7/3 2751/7/3
f 2753/21/3 2749/21/3 2748/21/3
f 2754/21/3 2749/21/3 2753/21/3
f 2756/7/3 2751/7/3 2750/7/3
f 2757/7/3 2751/7/3 2756/7/3
f 2758/7/3 2756/7/3 2755/7/3
f 2759/7/3 2756/7/3 2758/7/3
f 2762/14/3 2761/14/3 2760/14/3
f 2763/14/3 2761/14/3 2762/14/3
f 2768/4/3 2765/4/3 2764/4/3
f 2769/4/3 2765/4/3 2768/4/3
f 2770/1/3 2767/1/3 2766/1/3
f 2772/1/3 2770/1/3 2766/1/3
f 2773/14/3 2771/14/3 2770/14/3
f 2773/1/3 2770/1/3 2772/1/3
f 2774/14/3 2771/14/3 2773/14/3
f 2778/1/3 2776/1/3 2775/1/3
f 2778/14/3 2777/14/3 2776/14/3
f 2779/14/3 2777/14/3 2778/14/3
f 2780/1/3 2778/1/3 2775/1/3
f 2781/1/3 2778/1/3 2780/1/3
f 2784/21/3 2783/21/3 2782/21/3
f 2785/21/3 2783/21/3 2784/21/3
f 2789/4/3 2787/4/3 2786/4/3
f 2790/4/3 2787/4/3 2789/4/3
f 2792/4/3 2789/4/3 2788/4/3
f 2793/4/3 2789/4/3 2792/4/3
f 2795/4/3 2792/4/3 2791/4/3
f 2796/4/3 2792/4/3 2795/4/3
f 2798/4/3 2795/4/3 2794/4/3
f 2799/4/3 2795/4/3 2798/4/3
f 2801/4/3 2798/4/3 2797/4/3
f 2802/4/3 2798/4/3 2801/4/3
f 2804/4/3 2801/4/3 2800/4/3
f 2805/4/3 2801/4/3 2804/4/3
f 2807/4/3 2804/4/3 2803/4/3
f 2808/4/3 2804/4/3 2807/4/3
f 2810/7/3 2807/7/3 2806/7/3
f 2811/7/3 2807/7/3 2810/7/3
f 2813/7/3 2810/7/3 2809/7/3
f 2814/7/3 2810/7/3 2813/7/3
f 2816/7/3 2813/7/3 2812/7/3
f 2817/7/3 2813/7/3 2816/7/3
f 2818/7/3 2816/7/3 2815/7/3
f 2819/7/3 2816/7/3 2818/7/3
f 2823/4/3 2821/4/3 2820/4/3
f 2824/4/3 2821/4/3 2823/4/3
f 2826/4/3 2823/4/3 2822/4/3
f 2827/4/3 2823/4/3 2826/4/3
f 2828/4/3 2825/4/3 2824/4/3
f 2829/4/3 2825/4/3 2828/4/3
f 2830/4/3 2828/4/3 2827/4/3
f 2831/4/3 2828/4/3 2830/4/3
f 2834/21/3 2833/21/3 2832/21/3
f 2835/21/3 2833/21/3 2834/21/3
f 2838/21/3 2837/21/3 2836/21/3
f 2839/21/3 2837/21/3 2838/21/3
f 2842/20/3 2841/20/3 2840/20/3
f 2843/20/3 2841/20/3 2842/20/3
f 2846/4/3 2845/4/3 2844/4/3
f 2847/4/3 2845/4/3 2846/4/3
f 2851/4/3 2849/4/3 2848/4/3
f 2852/4/3 2849/4/3 2851/4/3
f 2854/4/3 2851/4/3 2850/4/3
f 2855/4/3 2851/4/3 2854/4/3
f 2856/4/3 2851/4/3 2855/4/3
f 2858/4/3 2854/4/3 2853/4/3
f 2858/4/3 2855/4/3 2854/4/3
f 2859/4/3 2855/4/3 2858/4/3
f 2860/4/3 2855/4/3 2859/4/3
f 2862/4/3 2858/4/3 2857/4/3
f 2862/4/3 2859/4/3 2858/4/3
f 2863/4/3 2859/4/3 2862/4/3
f 2864/4/3 2859/4/3 2863/4/3
f 2866/7/3 2862/7/3 2861/7/3
f 2867/4/3 2863/4/3 2862/4/3
f 2867/7/3 2862/7/3 2866/7/3
f 2868/4/3 2863/4/3 2867/4/3
f 2869/7/3 2866/7/3 2865/7/3
f 2869/7/3 2867/7/3 2866/7/3
f 2870/7/3 2867/7/3 2869/7/3
f 2872/7/3 2869/7/3 2865/7/3
f 2873/7/3 2869/7/3 2872/7/3
f 2874/7/3 2872/7/3 2871/7/3
f 2875/7/3 2872/7/3 2874/7/3
f 2879/4/3 2877/4/3 2876/4/3
f 2880/4/3 2877/4/3 2879/4/3
f 2883/4/3 2879/4/3 2878/4/3
f 2884/4/3 2879/4/3 2883/4/3
f 2885/4/3 2881/4/3 2880/4/3
f 2886/4/3 2881/4/3 2885/4/3
f 2887/4/3 2883/4/3 2882/4/3
f 2888/4/3 2883/4/3 2887/4/3
f 2889/4/3 2883/4/3 2888/4/3
f 2890/4/3 2883/4/3 2889/4/3
f 2895/4/3 2892/4/3 2891/4/3
f 2896/4/3 2892/4/3 2895/4/3
f 2897/4/3 2894/4/3 2893/4/3
f 2898/4/3 2894/4/3 2897/4/3
f 2899/4/3 2897/4/3 2896/4/3
f 2900/4/3 2897/4/3 2899/4/3
f 2903/5/3 2902/5/3 2901/5/3
f 2904/5/3 2902/5/3 2903/5/3
f 2907/6/3 2906/6/3 2905/6/3
f 2908/6/3 2906/6/3 2907/6/3
f 2911/6/3 2910/6/3 2909/6/3
f 2912/6/3 2910/6/3 2911/6/3
f 2915/5/3 2914/5/3 2913/5/3
f 2916/5/3 2914/5/3 2915/5/3
f 2919/7/3 2918/7/3 2917/7/3
f 2920/7/3 2918/7/3 2919/7/3
f 2921/6/3 2920/6/3 2919/6/3
f 2922/6/3 2920/6/3 2921/6/3
f 2925/14/3 2924/14/3 2923/14/3
f 2926/14/3 2924/14/3 2925/14/3
f 2929/5/3 2928/5/3 2927/5/3
f 2930/5/3 2928/5/3 2929/5/3
f 2933/14/3 2932/14/3 2931/14/3
f 2934/14/3 2932/14/3 2933/14/3
f 2937/14/3 2936/14/3 2935/14/3
f 2938/14/3 2936/14/3 2937/14/3
f 2941/7/3 2940/7/3 2939/7/3
f 2942/7/3 2940/7/3 2941/7/3
f 2945/14/3 2944/14/3 2943/14/3
f 2946/14/3 2944/14/3 2945/14/3
f 2949/14/3 2948/14/3 2947/14/3
f 2950/14/3 2948/14/3 2949/14/3
f 2953/7/3 2952/7/3 2951/7/3
f 2954/7/3 2952/7/3 2953/7/3
f 2957/7/3 2956/7/3 2955/7/3
f 2958/7/3 2956/7/3 2957/7/3
f 2959/5/3 2958/5/3 2957/5/3
f 2960/5/3 2958/5/3 2959/5/3
f 2961/6/3 2960/6/3 2959/6/3
f 2962/6/3 2960/6/3 2961/6/3
f 2965/13/3 2964/13/3 2963/13/3
f 2966/13/3 2964/13/3 2965/13/3
f 2969/13/3 2968/13/3 2967/13/3
f 2970/13/3 2968/13/3 2969/13/3
f 2973/7/3 2972/7/3 2971/7/3
f 2974/7/3 2972/7/3 2973/7/3
f 2975/5/3 2974/5/3 2973/5/3
f 2976/5/3 2974/5/3 2975/5/3
f 2977/6/3 2976/6/3 2975/6/3
f 2978/6/3 2976/6/3 2977/6/3
f 2981/5/3 2980/5/3 2979/5/3
f 2982/5/3 2980/5/3 2981/5/3
f 2987/7/3 2984/7/3 2983/7/3
f 2988/4/3 2985/4/3 2984/4/3
f 2988/7/3 2984/7/3 2987/7/3
f 2988/4/3 2986/4/3 2985/4/3
f 2989/4/3 2986/4/3 2988/4/3
f 2990/4/3 2986/4/3 2989/4/3
f 2991/4/3 2986/4/3 2990/4/3
f 2992/4/3 2990/4/3 2989/4/3
f 2993/4/3 2990/4/3 2992/4/3
f 2996/7/3 2995/7/3 2994/7/3
f 2997/7/3 2995/7/3 2996/7/3
f 2998/5/3 2997/5/3 2996/5/3
f 2999/5/3 2997/5/3 2998/5/3
f 3000/6/3 2999/6/3 2998/6/3
f 3001/6/3 2999/6/3 3000/6/3
f 3004/4/3 3003/4/3 3002/4/3
f 3005/4/3 3003/4/3 3004/4/3
f 3006/4/3 3003/4/3 3005/4/3
f 3007/4/3 3003/4/3 3006/4/3
f 3009/4/3 3006/4/3 3005/4/3
f 3010/4/3 3006/4/3 3009/4/3
f 3012/4/3 3009/4/3 3008/4/3
f 3012/4/3 3011/4/3 3010/4/3
f 3012/4/3 3010/4/3 3009/4/3
f 3013/4/3 3011/4/3 3012/4/3
f 3014/4/3 3011/4/3 3013/4/3
f 3015/4/3 3011/4/3 3014/4/3
f 3018/4/3 3014/4/3 3013/4/3
f 3019/4/3 3014/4/3 3018/4/3
f 3021/4/3 3017/4/3 3016/4/3
f 3021/4/3 3020/4/3 3019/4/3
f 3021/4/3 3019/4/3 3018/4/3
f 3021/4/3 3018/4/3 3017/4/3
f 3022/4/3 3020/4/3 3021/4/3
f 3023/4/3 3020/4/3 3022/4/3
f 3024/4/3 3020/4/3 3023/4/3
f 3028/4/3 3023/4/3 3022/4/3
f 3030/4/3 3027/4/3 3026/4/3
f 3030/7/3 3026/7/3 3025/7/3
f 3031/4/3 3027/4/3 3030/4/3
f 3032/4/3 3029/4/3 3028/4/3
f 3032/4/3 3028/4/3 3022/4/3
f 3033/4/3 3029/4/3 3032/4/3
f 3034/5/3 3031/5/3 3030/5/3
f 3034/7/3 3030/7/3 3025/7/3
f 3035/5/3 3031/5/3 3034/5/3
f 3036/7/3 3034/7/3 3025/7/3
f 3037/7/3 3034/7/3 3036/7/3
f 3038/6/3 3035/6/3 3034/6/3
f 3038/7/3 3034/7/3 3037/7/3
f 3039/6/3 3035/6/3 3038/6/3
f 3040/4/3 3029/4/3 3033/4/3
f 3042/4/3 3041/4/3 3040/4/3
f 3042/4/3 3040/4/3 3033/4/3
f 3043/4/3 3041/4/3 3042/4/3
f 3048/7/3 3045/7/3 3044/7/3
f 3048/6/3 3047/6/3 3046/6/3
f 3048/7/3 3046/7/3 3045/7/3
f 3049/6/3 3047/6/3 3048/6/3
f 3050/7/3 3048/7/3 3044/7/3
f 3050/5/3 3049/5/3 3048/5/3
f 3051/5/3 3049/5/3 3050/5/3
f 3052/7/3 3050/7/3 3044/7/3
f 3052/7/3 3051/7/3 3050/7/3
f 3053/7/3 3051/7/3 3052/7/3
f 3054/7/3 3051/7/3 3053/7/3
f 3055/4/3 3053/4/3 3052/4/3
f 3056/6/3 3054/6/3 3053/6/3
f 3056/4/3 3053/4/3 3055/4/3
f 3057/6/3 3054/6/3 3056/6/3
f 3060/7/3 3059/7/3 3058/7/3
f 3061/7/3 3059/7/3 3060/7/3
f 3062/7/4 3063/7/4 3064/7/4
f 3064/7/4 3063/7/4 3065/7/4
f 3066/7/4 3067/7/4 3068/7/4
f 3068/7/4 3067/7/4 3069/7/4
f 3068/5/4 3069/5/4 3070/5/4
f 3070/5/4 3069/5/4 3071/5/4
f 3070/6/4 3071/6/4 3072/6/4
f 3072/6/4 3071/6/4 3073/6/4
f 3074/4/4 3075/4/4 3076/4/4
f 3076/4/4 3075/4/4 3077/4/4
f 3077/4/4 3075/4/4 3078/4/4
f 3078/4/4 3075/4/4 3079/4/4
f 3077/4/4 3078/4/4 3081/4/4
f 3081/4/4 3078/4/4 3082/4/4
f 3080/4/4 3081/4/4 3084/4/4
f 3082/4/4 3083/4/4 3084/4/4
f 3081/4/4 3082/4/4 3084/4/4
f 3084/4/4 3083/4/4 3085/4/4
f 3085/4/4 3083/4/4 3086/4/4
f 3086/4/4 3083/4/4 3087/4/4
f 3085/4/4 3086/4/4 3090/4/4
f 3090/4/4 3086/4/4 3091/4/4
f 3088/4/4 3089/4/4 3093/4/4
f 3091/4/4 3092/4/4 3093/4/4
f 3090/4/4 3091/4/4 3093/4/4
f 3089/4/4 3090/4/4 3093/4/4
f 3093/4/4 3092/4/4 3094/4/4
f 3094/4/4 3092/4/4 3095/4/4
f 3095/4/4 3092/4/4 3096/4/4
f 3094/4/4 3095/4/4 3100/4/4
f 3098/7/4 3099/7/4 3102/7/4
f 3097/7/4 3098/7/4 3102/7/4
f 3102/7/4 3099/7/4 3103/7/4
f 3100/4/4 3101/4/4 3104/4/4
f 3094/4/4 3100/4/4 3104/4/4
f 3104/4/4 3101/4/4 3105/4/4
f 3102/5/4 3103/5/4 3106/5/4
f 3097/7/4 3102/7/4 3106/7/4
f 3106/5/4 3103/5/4 3107/5/4
f 3105/4/4 3101/4/4 3108/4/4
f 3105/4/4 3108/4/4 3110/4/4
f 3108/4/4 3109/4/4 3110/4/4
f 3110/4/4 3109/4/4 3111/4/4
f 3097/7/4 3106/7/4 3112/7/4
f 3106/6/4 3107/6/4 3113/6/4
f 3112/7/4 3106/7/4 3113/7/4
f 3113/6/4 3107/6/4 3114/6/4
f 3115/7/4 3116/7/4 3118/7/4
f 3116/5/4 3117/5/4 3118/5/4
f 3118/5/4 3117/5/4 3119/5/4
f 3115/7/4 3118/7/4 3120/7/4
f 3118/7/4 3119/7/4 3120/7/4
f 3120/7/4 3119/7/4 3121/7/4
f 3121/7/4 3119/7/4 3122/7/4
f 3120/4/4 3121/4/4 3123/4/4
f 3121/6/4 3122/6/4 3124/6/4
f 3123/4/4 3121/4/4 3124/4/4
f 3124/6/4 3122/6/4 3125/6/4
f 3126/7/4 3127/7/4 3128/7/4
f 3128/7/4 3127/7/4 3129/7/4
f 3128/5/4 3129/5/4 3130/5/4
f 3130/5/4 3129/5/4 3131/5/4
f 3130/6/4 3131/6/4 3132/6/4
f 3132/6/4 3131/6/4 3133/6/4
f 3134/5/4 3135/5/4 3136/5/4
f 3136/5/4 3135/5/4 3137/5/4
f 3138/7/4 3139/7/4 3141/7/4
f 3139/4/4 3140/4/4 3142/4/4
f 3141/7/4 3139/7/4 3142/7/4
f 3142/4/4 3140/4/4 3143/4/4
f 3143/4/4 3140/4/4 3144/4/4
f 3142/4/4 3143/4/4 3145/4/4
f 3145/4/4 3143/4/4 3146/4/4
f 3147/5/4 3148/5/4 3149/5/4
f 3149/5/4 3148/5/4 3150/5/4
f 3149/7/4 3150/7/4 3151/7/4
f 3151/7/4 3150/7/4 3152/7/4
f 3151/6/4 3152/6/4 3153/6/4
f 3153/6/4 3152/6/4 3154/6/4
f 3155/13/4 3156/13/4 3157/13/4
f 3157/13/4 3156/13/4 3158/13/4
f 3159/13/4 3160/13/4 3161/13/4
f 3161/13/4 3160/13/4 3162/13/4
f 3163/7/4 3164/7/4 3165/7/4
f 3165/7/4 3164/7/4 3166/7/4
f 3165/6/4 3166/6/4 3167/6/4
f 3167/6/4 3166/6/4 3168/6/4
f 3169/14/4 3170/14/4 3171/14/4
f 3171/14/4 3170/14/4 3172/14/4
f 3173/14/4 3174/14/4 3175/14/4
f 3175/14/4 3174/14/4 3176/14/4
f 3177/5/4 3178/5/4 3179/5/4
f 3179/5/4 3178/5/4 3180/5/4
f 3181/4/4 3182/4/4 3183/4/4
f 3183/4/4 3182/4/4 3184/4/4
f 3184/4/4 3182/4/4 3185/4/4
f 3185/4/4 3182/4/4 3186/4/4
f 3186/4/4 3182/4/4 3187/4/4
f 3187/4/4 3182/4/4 3188/4/4
f 3186/4/4 3187/4/4 3189/4/4
f 3186/4/4 3189/4/4 3191/4/4
f 3189/4/4 3190/4/4 3191/4/4
f 3191/4/4 3190/4/4 3192/4/4
f 3193/14/4 3194/14/4 3195/14/4
f 3195/14/4 3194/14/4 3196/14/4
f 3197/21/4 3198/21/4 3199/21/4
f 3199/21/4 3198/21/4 3200/21/4
f 3201/7/4 3202/7/4 3203/7/4
f 3203/7/4 3202/7/4 3204/7/4
f 3203/6/4 3204/6/4 3205/6/4
f 3205/6/4 3204/6/4 3206/6/4
f 3207/14/4 3208/14/4 3209/14/4
f 3209/14/4 3208/14/4 3210/14/4
f 3211/5/4 3212/5/4 3213/5/4
f 3213/5/4 3212/5/4 3214/5/4
f 3215/6/4 3216/6/4 3217/6/4
f 3217/6/4 3216/6/4 3218/6/4
f 3219/6/4 3220/6/4 3221/6/4
f 3221/6/4 3220/6/4 3222/6/4
f 3223/5/4 3224/5/4 3225/5/4
f 3225/5/4 3224/5/4 3226/5/4
f 3227/4/4 3228/4/4 3229/4/4
f 3229/4/4 3228/4/4 3230/4/4
f 3231/4/4 3232/4/4 3234/4/4
f 3234/4/4 3232/4/4 3235/4/4
f 3233/4/4 3234/4/4 3237/4/4
f 3237/4/4 3234/4/4 3238/4/4
f 3238/4/4 3234/4/4 3239/4/4
f 3236/4/4 3237/4/4 3241/4/4
f 3237/4/4 3238/4/4 3241/4/4
f 3241/4/4 3238/4/4 3242/4/4
f 3242/4/4 3238/4/4 3243/4/4
f 3240/4/4 3241/4/4 3245/4/4
f 3241/4/4 3242/4/4 3245/4/4
f 3245/4/4 3242/4/4 3246/4/4
f 3246/4/4 3242/4/4 3247/4/4
f 3244/7/4 3245/7/4 3249/7/4
f 3245/4/4 3246/4/4 3250/4/4
f 3249/7/4 3245/7/4 3250/7/4
f 3250/4/4 3246/4/4 3251/4/4
f 3248/7/4 3249/7/4 3252/7/4
f 3249/7/4 3250/7/4 3252/7/4
f 3252/7/4 3250/7/4 3253/7/4
f 3248/7/4 3252/7/4 3255/7/4
f 3255/7/4 3252/7/4 3256/7/4
f 3254/7/4 3255/7/4 3257/7/4
f 3257/7/4 3255/7/4 3258/7/4
f 3259/4/4 3260/4/4 3262/4/4
f 3262/4/4 3260/4/4 3263/4/4
f 3261/4/4 3262/4/4 3266/4/4
f 3266/4/4 3262/4/4 3267/4/4
f 3263/4/4 3264/4/4 3268/4/4
f 3268/4/4 3264/4/4 3269/4/4
f 3265/4/4 3266/4/4 3270/4/4
f 3270/4/4 3266/4/4 3271/4/4
f 3271/4/4 3266/4/4 3272/4/4
f 3272/4/4 3266/4/4 3273/4/4
f 3274/4/4 3275/4/4 3278/4/4
f 3278/4/4 3275/4/4 3279/4/4
f 3276/4/4 3277/4/4 3280/4/4
f 3280/4/4 3277/4/4 3281/4/4
f 3279/4/4 3280/4/4 3282/4/4
f 3282/4/4 3280/4/4 3283/4/4
f 3284/4/4 3285/4/4 3287/4/4
f 3287/4/4 3285/4/4 3288/4/4
f 3286/4/4 3287/4/4 3290/4/4
f 3290/4/4 3287/4/4 3291/4/4
f 3289/4/4 3290/4/4 3293/4/4
f 3293/4/4 3290/4/4 3294/4/4
f 3292/4/4 3293/4/4 3296/4/4
f 3296/4/4 3293/4/4 3297/4/4
f 3295/4/4 3296/4/4 3299/4/4
f 3299/4/4 3296/4/4 3300/4/4
f 3298/4/4 3299/4/4 3302/4/4
f 3302/4/4 3299/4/4 3303/4/4
f 3301/4/4 3302/4/4 3305/4/4
f 3305/4/4 3302/4/4 3306/4/4
f 3304/7/4 3305/7/4 3308/7/4
f 3308/7/4 3305/7/4 3309/7/4
f 3307/7/4 3308/7/4 3311/7/4
f 3311/7/4 3308/7/4 3312/7/4
f 3310/7/4 3311/7/4 3314/7/4
f 3314/7/4 3311/7/4 3315/7/4
f 3313/7/4 3314/7/4 3316/7/4
f 3316/7/4 3314/7/4 3317/7/4
f 3318/4/4 3319/4/4 3321/4/4
f 3321/4/4 3319/4/4 3322/4/4
f 3320/4/4 3321/4/4 3324/4/4
f 3324/4/4 3321/4/4 3325/4/4
f 3322/4/4 3323/4/4 3326/4/4
f 3326/4/4 3323/4/4 3327/4/4
f 3325/4/4 3326/4/4 3328/4/4
f 3328/4/4 3326/4/4 3329/4/4
f 3330/21/4 3331/21/4 3332/21/4
f 3332/21/4 3331/21/4 3333/21/4
f 3334/21/4 3335/21/4 3336/21/4
f 3336/21/4 3335/21/4 3337/21/4
f 3338/20/4 3339/20/4 3340/20/4
f 3340/20/4 3339/20/4 3341/20/4
f 3342/22/4 3343/22/4 3346/22/4
f 3346/22/4 3343/22/4 3347/22/4
f 3344/4/4 3345/4/4 3348/4/4
f 3348/4/4 3345/4/4 3349/4/4
f 3350/4/4 3351/4/4 3353/4/4
f 3353/4/4 3351/4/4 3354/4/4
f 3352/4/4 3353/4/4 3356/4/4
f 3356/4/4 3353/4/4 3357/4/4
f 3355/4/4 3356/4/4 3359/4/4
f 3359/4/4 3356/4/4 3360/4/4
f 3358/4/4 3359/4/4 3362/4/4
f 3362/4/4 3359/4/4 3363/4/4
f 3361/4/4 3362/4/4 3365/4/4
f 3365/4/4 3362/4/4 3366/4/4
f 3364/4/4 3365/4/4 3368/4/4
f 3368/4/4 3365/4/4 3369/4/4
f 3367/4/4 3368/4/4 3371/4/4
f 3371/4/4 3368/4/4 3372/4/4
f 3370/7/4 3371/7/4 3374/7/4
f 3374/7/4 3371/7/4 3375/7/4
f 3373/7/4 3374/7/4 3379/7/4
f 3379/7/4 3374/7/4 3380/7/4
f 3376/21/4 3377/21/4 3381/21/4
f 3381/21/4 3377/21/4 3382/21/4
f 3378/7/4 3379/7/4 3384/7/4
f 3384/7/4 3379/7/4 3385/7/4
f 3383/7/4 3384/7/4 3386/7/4
f 3386/7/4 3384/7/4 3387/7/4
f 3388/14/4 3389/14/4 3390/14/4
f 3390/14/4 3389/14/4 3391/14/4
f 3392/4/4 3393/4/4 3396/4/4
f 3396/4/4 3393/4/4 3397/4/4
f 3394/1/4 3395/1/4 3398/1/4
f 3394/1/4 3398/1/4 3400/1/4
f 3398/14/4 3399/14/4 3401/14/4
f 3400/1/4 3398/1/4 3401/1/4
f 3401/14/4 3399/14/4 3402/14/4
f 3403/1/4 3404/1/4 3406/1/4
f 3404/14/4 3405/14/4 3406/14/4
f 3406/14/4 3405/14/4 3407/14/4
f 3403/1/4 3406/1/4 3408/1/4
f 3408/1/4 3406/1/4 3409/1/4
f 3410/21/4 3411/21/4 3412/21/4
f 3412/21/4 3411/21/4 3413/21/4
f 3414/22/4 3415/22/4 3418/22/4
f 3418/22/4 3415/22/4 3419/22/4
f 3416/4/4 3417/4/4 3420/4/4
f 3420/4/4 3417/4/4 3421/4/4
f 3422/4/4 3423/4/4 3425/4/4
f 3425/4/4 3423/4/4 3426/4/4
f 3424/4/4 3425/4/4 3428/4/4
f 3428/4/4 3425/4/4 3429/4/4
f 3427/4/4 3428/4/4 3431/4/4
f 3431/4/4 3428/4/4 3432/4/4
f 3430/4/4 3431/4/4 3434/4/4
f 3434/4/4 3431/4/4 3435/4/4
f 3433/4/4 3434/4/4 3437/4/4
f 3437/4/4 3434/4/4 3438/4/4
f 3436/4/4 3437/4/4 3440/4/4
f 3440/4/4 3437/4/4 3441/4/4
f 3439/4/4 3440/4/4 3443/4/4
f 3443/4/4 3440/4/4 3444/4/4
f 3442/7/4 3443/7/4 3446/7/4
f 3446/7/4 3443/7/4 3447/7/4
f 3445/7/4 3446/7/4 3449/7/4
f 3449/7/4 3446/7/4 3450/7/4
f 3448/7/4 3449/7/4 3452/7/4
f 3452/7/4 3449/7/4 3453/7/4
f 3451/7/4 3452/7/4 3454/7/4
f 3454/7/4 3452/7/4 3455/7/4
f 3456/14/4 3457/14/4 3458/14/4
f 3458/14/4 3457/14/4 3459/14/4
f 3460/19/4 3461/19/4 3462/19/4
f 3462/19/4 3461/19/4 3463/19/4
f 3464/14/4 3465/14/4 3466/14/4
f 3466/14/4 3465/14/4 3467/14/4
f 3467/14/4 3465/14/4 3468/14/4
f 3469/22/4 3470/22/4 3473/22/4
f 3473/22/4 3470/22/4 3474/22/4
f 3471/4/4 3472/4/4 3475/4/4
f 3475/4/4 3472/4/4 3476/4/4
f 3477/4/4 3478/4/4 3480/4/4
f 3480/4/4 3478/4/4 3481/4/4
f 3479/4/4 3480/4/4 3483/4/4
f 3483/4/4 3480/4/4 3484/4/4
f 3482/4/4 3483/4/4 3486/4/4
f 3486/4/4 3483/4/4 3487/4/4
f 3485/4/4 3486/4/4 3489/4/4
f 3489/4/4 3486/4/4 3490/4/4
f 3488/4/4 3489/4/4 3492/4/4
f 3492/4/4 3489/4/4 3493/4/4
f 3491/4/4 3492/4/4 3495/4/4
f 3495/4/4 3492/4/4 3496/4/4
f 3494/4/4 3495/4/4 3498/4/4
f 3498/4/4 3495/4/4 3499/4/4
f 3497/7/4 3498/7/4 3503/7/4
f 3503/7/4 3498/7/4 3504/7/4
f 3500/14/4 3501/14/4 3505/14/4
f 3505/14/4 3501/14/4 3506/14/4
f 3502/7/4 3503/7/4 3508/7/4
f 3508/7/4 3503/7/4 3509/7/4
f 3507/7/4 3508/7/4 3511/7/4
f 3511/7/4 3508/7/4 3512/7/4
f 3510/7/4 3511/7/4 3513/7/4
f 3513/7/4 3511/7/4 3514/7/4
f 3515/14/4 3516/14/4 3517/14/4
f 3517/14/4 3516/14/4 3518/14/4
f 3519/11/4 3520/11/4 3521/11/4
f 3521/11/4 3520/11/4 3522/11/4
f 3521/14/4 3522/14/4 3523/14/4
f 3523/14/4 3522/14/4 3524/14/4
f 3523/19/4 3524/19/4 3525/19/4
f 3525/19/4 3524/19/4 3526/19/4
f 3525/12/4 3526/12/4 3527/12/4
f 3527/12/4 3526/12/4 3528/12/4
f 3527/19/4 3528/19/4 3529/19/4
f 3529/19/4 3528/19/4 3530/19/4
f 3530/19/4 3528/19/4 3531/19/4
f 3530/14/4 3531/14/4 3533/14/4
f 3533/14/4 3531/14/4 3534/14/4
f 3532/21/4 3533/21/4 3535/21/4
f 3533/21/4 3534/21/4 3535/21/4
f 3535/21/4 3534/21/4 3536/21/4
f 3537/22/4 3538/22/4 3541/22/4
f 3541/22/4 3538/22/4 3542/22/4
f 3539/4/4 3540/4/4 3543/4/4
f 3543/4/4 3540/4/4 3544/4/4
f 3545/4/4 3546/4/4 3548/4/4
f 3548/4/4 3546/4/4 3549/4/4
f 3547/4/4 3548/4/4 3551/4/4
f 3551/4/4 3548/4/4 3552/4/4
f 3550/4/4 3551/4/4 3554/4/4
f 3554/4/4 3551/4/4 3555/4/4
f 3553/4/4 3554/4/4 3557/4/4
f 3557/4/4 3554/4/4 3558/4/4
f 3556/4/4 3557/4/4 3560/4/4
f 3560/4/4 3557/4/4 3561/4/4
f 3559/4/4 3560/4/4 3563/4/4
f 3563/4/4 3560/4/4 3564/4/4
f 3562/4/4 3563/4/4 3566/4/4
f 3566/4/4 3563/4/4 3567/4/4
f 3565/7/4 3566/7/4 3571/7/4
f 3571/7/4 3566/7/4 3572/7/4
f 3568/14/4 3569/14/4 3573/14/4
f 3573/14/4 3569/14/4 3574/14/4
f 3570/7/4 3571/7/4 3576/7/4
f 3576/7/4 3571/7/4 3577/7/4
f 3575/7/4 3576/7/4 3579/7/4
f 3579/7/4 3576/7/4 3580/7/4
f 3578/7/4 3579/7/4 3581/7/4
f 3581/7/4 3579/7/4 3582/7/4
f 3583/14/4 3584/14/4 3585/14/4
f 3585/14/4 3584/14/4 3586/14/4
f 3587/22/4 3588/22/4 3591/22/4
f 3591/22/4 3588/22/4 3592/22/4
f 3589/4/4 3590/4/4 3593/4/4
f 3593/4/4 3590/4/4 3594/4/4
f 3595/4/4 3596/4/4 3598/4/4
f 3598/4/4 3596/4/4 3599/4/4
f 3597/4/4 3598/4/4 3601/4/4
f 3601/4/4 3598/4/4 3602/4/4
f 3600/4/4 3601/4/4 3604/4/4
f 3604/4/4 3601/4/4 3605/4/4
f 3603/4/4 3604/4/4 3607/4/4
f 3607/4/4 3604/4/4 3608/4/4
f 3606/4/4 3607/4/4 3610/4/4
f 3610/4/4 3607/4/4 3611/4/4
f 3609/4/4 3610/4/4 3613/4/4
f 3613/4/4 3610/4/4 3614/4/4
f 3612/4/4 3613/4/4 3616/4/4
f 3616/4/4 3613/4/4 3617/4/4
f 3615/7/4 3616/7/4 3621/7/4
f 3621/7/4 3616/7/4 3622/7/4
f 3618/14/4 3619/14/4 3623/14/4
f 3623/14/4 3619/14/4 3624/14/4
f 3620/7/4 3621/7/4 3626/7/4
f 3626/7/4 3621/7/4 3627/7/4
f 3625/7/4 3626/7/4 3629/7/4
f 3629/7/4 3626/7/4 3630/7/4
f 3628/7/4 3629/7/4 3631/7/4
f 3631/7/4 3629/7/4 3632/7/4
f 3633/14/4 3634/14/4 3635/14/4
f 3635/14/4 3634/14/4 3636/14/4
f 3637/22/4 3638/22/4 3641/22/4
f 3641/22/4 3638/22/4 3642/22/4
f 3639/4/4 3640/4/4 3643/4/4
f 3643/4/4 3640/4/4 3644/4/4
f 3645/4/4 3646/4/4 3648/4/4
f 3648/4/4 3646/4/4 3649/4/4
f 3647/4/4 3648/4/4 3651/4/4
f 3651/4/4 3648/4/4 3652/4/4
f 3650/4/4 3651/4/4 3654/4/4
f 3654/4/4 3651/4/4 3655/4/4
f 3653/4/4 3654/4/4 3657/4/4
f 3657/4/4 3654/4/4 3658/4/4
f 3656/4/4 3657/4/4 3660/4/4
f 3660/4/4 3657/4/4 3661/4/4
f 3659/4/4 3660/4/4 3663/4/4
f 3663/4/4 3660/4/4 3664/4/4
f 3662/4/4 3663/4/4 3666/4/4
f 3666/4/4 3663/4/4 3667/4/4
f 3665/7/4 3666/7/4 3671/7/4
f 3671/7/4 3666/7/4 3672/7/4
f 3668/21/4 3669/21/4 3673/21/4
f 3673/21/4 3669/21/4 3674/21/4
f 3670/7/4 3671/7/4 3676/7/4
f 3676/7/4 3671/7/4 3677/7/4
f 3675/7/4 3676/7/4 3679/7/4
f 3679/7/4 3676/7/4 3680/7/4
f 3678/7/4 3679/7/4 3681/7/4
f 3681/7/4 3679/7/4 3682/7/4
f 3673/14/4 3674/14/4 3683/14/4
f 3683/14/4 3674/14/4 3684/14/4
f 3683/21/4 3684/21/4 3685/21/4
f 3685/21/4 3684/21/4 3686/21/4
f 3687/1/4 3688/1/4 3689/1/4
f 3689/1/4 3688/1/4 3690/1/4
f 3691/22/4 3692/22/4 3695/22/4
f 3695/22/4 3692/22/4 3696/22/4
f 3693/4/4 3694/4/4 3697/4/4
f 3697/4/4 3694/4/4 3698/4/4
f 3699/4/4 3700/4/4 3702/4/4
f 3702/4/4 3700/4/4 3703/4/4
f 3701/4/4 3702/4/4 3705/4/4
f 3705/4/4 3702/4/4 3706/4/4
f 3704/4/4 3705/4/4 3708/4/4
f 3708/4/4 3705/4/4 3709/4/4
f 3707/4/4 3708/4/4 3711/4/4
f 3711/4/4 3708/4/4 3712/4/4
f 3710/4/4 3711/4/4 3714/4/4
f 3714/4/4 3711/4/4 3715/4/4
f 3713/4/4 3714/4/4 3717/4/4
f 3717/4/4 3714/4/4 3718/4/4
f 3716/4/4 3717/4/4 3720/4/4
f 3720/4/4 3717/4/4 3721/4/4
f 3719/7/4 3720/7/4 3723/7/4
f 3723/7/4 3720/7/4 3724/7/4
f 3722/7/4 3723/7/4 3726/7/4
f 3726/7/4 3723/7/4 3727/7/4
f 3725/7/4 3726/7/4 3729/7/4
f 3729/7/4 3726/7/4 3730/7/4
f 3728/7/4 3729/7/4 3731/7/4
f 3731/7/4 3729/7/4 3732/7/4
f 3733/13/4 3734/13/4 3735/13/4
f 3735/13/4 3734/13/4 3736/13/4
f 3737/13/4 3738/13/4 3739/13/4
f 3739/13/4 3738/13/4 3740/13/4
f 3741/22/4 3742/22/4 3745/22/4
f 3745/22/4 3742/22/4 3746/22/4
f 3743/4/4 3744/4/4 3748/4/4
f 3748/4/4 3744/4/4 3749/4/4
f 3747/4/4 3748/4/4 3751/4/4
f 3750/4/4 3751/4/4 3753/4/4
f 3751/4/4 3748/4/4 3754/4/4
f 3753/4/4 3751/4/4 3754/4/4
f 3752/4/4 3753/4/4 3756/4/4
f 3756/4/4 3753/4/4 3757/4/4
f 3755/4/4 3756/4/4 3759/4/4
f 3759/4/4 3756/4/4 3760/4/4
f 3758/4/4 3759/4/4 3762/4/4
f 3762/4/4 3759/4/4 3763/4/4
f 3761/4/4 3762/4/4 3765/4/4
f 3765/4/4 3762/4/4 3766/4/4
f 3764/4/4 3765/4/4 3768/4/4
f 3768/4/4 3765/4/4 3769/4/4
f 3767/7/4 3768/7/4 3771/7/4
f 3771/7/4 3768/7/4 3772/7/4
f 3770/7/4 3771/7/4 3774/7/4
f 3774/7/4 3771/7/4 3775/7/4
f 3773/7/4 3774/7/4 3777/7/4
f 3777/7/4 3774/7/4 3778/7/4
f 3776/7/4 3777/7/4 3779/7/4
f 3779/7/4 3777/7/4 3780/7/4
f 3781/13/4 3782/13/4 3784/13/4
f 3782/13/4 3783/13/4 3784/13/4
f 3784/13/4 3783/13/4 3785/13/4
f 3784/14/4 3785/14/4 3787/14/4
f 3785/14/4 3786/14/4 3787/14/4
f 3787/14/4 3786/14/4 3788/14/4
f 3788/14/4 3786/14/4 3789/14/4
f 3790/14/4 3791/14/4 3793/14/4
f 3791/14/4 3792/14/4 3793/14/4
f 3793/14/4 3792/14/4 3794/14/4
f 3794/14/4 3792/14/4 3795/14/4
f 3793/13/4 3794/13/4 3796/13/4
f 3796/13/4 3794/13/4 3797/13/4
f 3798/22/4 3799/22/4 3802/22/4
f 3802/22/4 3799/22/4 3803/22/4
f 3800/4/4 3801/4/4 3805/4/4
f 3805/4/4 3801/4/4 3806/4/4
f 3804/4/4 3805/4/4 3808/4/4
f 3808/4/4 3805/4/4 3809/4/4
f 3807/4/4 3808/4/4 3811/4/4
f 3811/4/4 3808/4/4 3812/4/4
f 3810/4/4 3811/4/4 3814/4/4
f 3814/4/4 3811/4/4 3815/4/4
f 3813/4/4 3814/4/4 3817/4/4
f 3817/4/4 3814/4/4 3818/4/4
f 3816/4/4 3817/4/4 3820/4/4
f 3820/4/4 3817/4/4 3821/4/4
f 3819/4/4 3820/4/4 3823/4/4
f 3823/4/4 3820/4/4 3824/4/4
f 3822/7/4 3823/7/4 3826/7/4
f 3826/7/4 3823/7/4 3827/7/4
f 3825/7/4 3826/7/4 3829/7/4
f 3828/7/4 3829/7/4 3831/7/4
f 3829/7/4 3826/7/4 3832/7/4
f 3831/7/4 3829/7/4 3832/7/4
f 3832/7/4 3826/7/4 3833/7/4
f 3830/7/4 3831/7/4 3834/7/4
f 3831/7/4 3832/7/4 3834/7/4
f 3834/7/4 3832/7/4 3835/7/4
f 3830/7/4 3834/7/4 3836/7/4
f 3836/7/4 3834/7/4 3837/7/4
f 3838/7/4 3839/7/4 3840/7/4
f 3840/7/4 3839/7/4 3841/7/4
f 3842/4/4 3843/4/4 3844/4/4
f 3844/4/4 3843/4/4 3845/4/4
f 3845/4/4 3846/4/4 3847/4/4
f 3847/4/4 3846/4/4 3848/4/4
f 3848/4/4 3849/4/4 3850/4/4
f 3850/4/4 3849/4/4 3851/4/4
f 3851/4/4 3852/4/4 3853/4/4
f 3853/4/4 3852/4/4 3854/4/4
f 3854/4/4 3855/4/4 3856/4/4
f 3856/4/4 3855/4/4 3857/4/4
f 3858/4/4 3859/4/4 3860/4/4
f 3860/4/4 3859/4/4 3861/4/4
f 3862/4/4 3863/4/4 3864/4/4
f 3864/4/4 3863/4/4 3865/4/4
f 3866/21/4 3867/21/4 3868/21/4
f 3868/21/4 3867/21/4 3869/21/4
f 3870/14/4 3871/14/4 3872/14/4
f 3872/14/4 3871/14/4 3873/14/4
f 3874/22/4 3875/22/4 3878/22/4
f 3878/22/4 3875/22/4 3879/22/4
f 3876/4/4 3877/4/4 3881/4/4
f 3881/4/4 3877/4/4 3882/4/4
f 3880/4/4 3881/4/4 3884/4/4
f 3884/4/4 3881/4/4 3885/4/4
f 3885/4/4 3881/4/4 3886/4/4
f 3883/4/4 3884/4/4 3888/4/4
f 3884/4/4 3885/4/4 3888/4/4
f 3888/4/4 3885/4/4 3889/4/4
f 3889/4/4 3885/4/4 3890/4/4
f 3887/4/4 3888/4/4 3892/4/4
f 3888/4/4 3889/4/4 3892/4/4
f 3892/4/4 3889/4/4 3893/4/4
f 3893/4/4 3889/4/4 3894/4/4
f 3891/4/4 3892/4/4 3896/4/4
f 3892/4/4 3893/4/4 3896/4/4
f 3896/4/4 3893/4/4 3897/4/4
f 3897/4/4 3893/4/4 3898/4/4
f 3895/4/4 3896/4/4 3900/4/4
f 3896/4/4 3897/4/4 3900/4/4
f 3900/4/4 3897/4/4 3901/4/4
f 3901/4/4 3897/4/4 3902/4/4
f 3899/4/4 3900/4/4 3904/4/4
f 3900/4/4 3901/4/4 3904/4/4
f 3904/4/4 3901/4/4 3905/4/4
f 3905/4/4 3901/4/4 3906/4/4
f 3903/7/4 3904/7/4 3907/7/4
f 3904/4/4 3905/4/4 3907/4/4
f 3907/4/4 3905/4/4 3908/4/4
f 3903/7/4 3907/7/4 3910/7/4
f 3910/7/4 3907/7/4 3911/7/4
f 3909/7/4 3910/7/4 3913/7/4
f 3913/7/4 3910/7/4 3914/7/4
f 3912/7/4 3913/7/4 3916/7/4
f 3916/7/4 3913/7/4 3917/7/4
f 3915/7/4 3916/7/4 3918/7/4
f 3918/7/4 3916/7/4 3919/7/4
f 3920/4/4 3921/4/4 3922/4/4
f 3922/4/4 3923/4/4 3924/4/4
f 3924/4/4 3925/4/4 3926/4/4
f 3926/4/4 3927/4/4 3928/4/4
f 3920/4/4 3922/4/4 3931/4/4
f 3922/4/4 3924/4/4 3931/4/4
f 3928/4/4 3929/4/4 3931/4/4
f 3926/4/4 3928/4/4 3931/4/4
f 3924/4/4 3926/4/4 3931/4/4
f 3931/4/4 3929/4/4 3932/4/4
f 3932/4/4 3929/4/4 3933/4/4
f 3929/1/4 3930/1/4 3934/1/4
f 3933/4/4 3929/4/4 3934/4/4
f 3932/4/4 3933/4/4 3936/4/4
f 3936/4/4 3933/4/4 3937/4/4
f 3934/1/4 3930/1/4 3938/1/4
f 3936/4/4 3937/4/4 3939/4/4
f 3937/4/4 3938/4/4 3939/4/4
f 3935/4/4 3936/4/4 3939/4/4
f 3939/4/4 3938/4/4 3940/4/4
f 3940/4/4 3938/4/4 3941/4/4
f 3938/1/4 3930/1/4 3942/1/4
f 3941/4/4 3938/4/4 3942/4/4
f 3940/4/4 3941/4/4 3944/4/4
f 3944/4/4 3941/4/4 3945/4/4
f 3942/1/4 3930/1/4 3946/1/4
f 3944/4/4 3945/4/4 3947/4/4
f 3945/4/4 3946/4/4 3947/4/4
f 3943/4/4 3944/4/4 3947/4/4
f 3947/4/4 3946/4/4 3948/4/4
f 3948/4/4 3946/4/4 3949/4/4
f 3946/1/4 3930/1/4 3950/1/4
f 3949/4/4 3946/4/4 3950/4/4
f 3948/4/4 3949/4/4 3951/4/4
f 3948/4/4 3951/4/4 3953/4/4
f 3951/4/4 3952/4/4 3953/4/4
f 3953/4/4 3952/4/4 3954/4/4
f 3954/4/4 3952/4/4 3955/4/4
f 3950/1/4 3930/1/4 3956/1/4
f 3954/4/4 3955/4/4 3959/4/4
f 3955/4/4 3956/4/4 3959/4/4
f 3956/1/4 3930/1/4 3960/1/4
f 3959/4/4 3956/4/4 3960/4/4
f 3960/1/4 3930/1/4 3961/1/4
f 3957/14/4 3958/14/4 3962/14/4
f 3962/14/4 3958/14/4 3963/14/4
f 3966/4/4 3967/4/4 3969/4/4
f 3964/22/4 3965/22/4 3970/22/4
f 3970/22/4 3965/22/4 3971/22/4
f 3968/4/4 3969/4/4 3973/4/4
f 3969/4/4 3967/4/4 3974/4/4
f 3973/4/4 3969/4/4 3974/4/4
f 3974/4/4 3967/4/4 3975/4/4
f 3972/4/4 3973/4/4 3977/4/4
f 3973/4/4 3974/4/4 3977/4/4
f 3976/4/4 3977/4/4 3979/4/4
f 3978/4/4 3979/4/4 3981/4/4
f 3980/4/4 3981/4/4 3983/4/4
f 3982/4/4 3983/4/4 3985/4/4
f 3977/4/4 3974/4/4 3986/4/4
f 3979/4/4 3977/4/4 3986/4/4
f 3985/4/4 3983/4/4 3986/4/4
f 3981/4/4 3979/4/4 3986/4/4
f 3983/4/4 3981/4/4 3986/4/4
f 3986/4/4 3974/4/4 3987/4/4
f 3984/4/4 3985/4/4 3989/4/4
f 3985/4/4 3986/4/4 3989/4/4
f 3989/4/4 3986/4/4 3990/4/4
f 3990/4/4 3986/4/4 3991/4/4
f 3988/7/4 3989/7/4 3993/7/4
f 3989/4/4 3990/4/4 3994/4/4
f 3994/4/4 3990/4/4 3995/4/4
f 3989/4/4 3994/4/4 3996/4/4
f 3996/4/4 3994/4/4 3997/4/4
f 3992/7/4 3993/7/4 3999/7/4
f 3989/4/4 3996/4/4 4000/4/4
f 4000/4/4 3996/4/4 4001/4/4
f 3998/7/4 3999/7/4 4003/7/4
f 3993/7/4 3989/7/4 4004/7/4
f 3999/7/4 3993/7/4 4004/7/4
f 4003/7/4 3999/7/4 4004/7/4
f 3989/4/4 4000/4/4 4004/4/4
f 4004/4/4 4000/4/4 4005/4/4
f 4002/7/4 4003/7/4 4006/7/4
f 4003/7/4 4004/7/4 4006/7/4
f 4006/7/4 4004/7/4 4007/7/4
f 4002/7/4 4006/7/4 4008/7/4
f 4008/7/4 4006/7/4 4009/7/4
f 4002/7/4 4008/7/4 4010/7/4
f 4010/7/4 4008/7/4 4011/7/4
f 4002/7/4 4010/7/4 4012/7/4
f 4012/7/4 4010/7/4 4013/7/4
f 4014/22/4 4015/22/4 4018/22/4
f 4018/22/4 4015/22/4 4019/22/4
f 4016/4/4 4017/4/4 4020/4/4
f 4020/4/4 4017/4/4 4021/4/4
f 4022/4/4 4023/4/4 4025/4/4
f 4024/4/4 4025/4/4 4027/4/4
f 4026/4/4 4027/4/4 4029/4/4
f 4028/4/4 4029/4/4 4031/4/4
f 4025/4/4 4023/4/4 4032/4/4
f 4027/4/4 4025/4/4 4032/4/4
f 4031/4/4 4029/4/4 4032/4/4
f 4029/4/4 4027/4/4 4032/4/4
f 4032/4/4 4023/4/4 4033/4/4
f 4030/4/4 4031/4/4 4035/4/4
f 4031/4/4 4032/4/4 4035/4/4
f 4035/4/4 4032/4/4 4036/4/4
f 4036/4/4 4032/4/4 4037/4/4
f 4034/4/4 4035/4/4 4039/4/4
f 4035/4/4 4036/4/4 4039/4/4
f 4039/4/4 4036/4/4 4040/4/4
f 4040/4/4 4036/4/4 4041/4/4
f 4038/7/4 4039/7/4 4043/7/4
f 4039/4/4 4040/4/4 4044/4/4
f 4044/4/4 4040/4/4 4045/4/4
f 4042/7/4 4043/7/4 4047/7/4
f 4046/7/4 4047/7/4 4049/7/4
f 4039/4/4 4044/4/4 4050/4/4
f 4050/4/4 4044/4/4 4051/4/4
f 4039/4/4 4050/4/4 4052/4/4
f 4052/4/4 4050/4/4 4053/4/4
f 4043/7/4 4039/7/4 4054/7/4
f 4048/7/4 4049/7/4 4054/7/4
f 4039/4/4 4052/4/4 4054/4/4
f 4047/7/4 4043/7/4 4054/7/4
f 4049/7/4 4047/7/4 4054/7/4
f 4054/4/4 4052/4/4 4055/4/4
f 4048/7/4 4054/7/4 4056/7/4
f 4056/7/4 4054/7/4 4057/7/4
f 4048/7/4 4056/7/4 4058/7/4
f 4058/7/4 4056/7/4 4059/7/4
f 4048/7/4 4058/7/4 4060/7/4
f 4060/7/4 4058/7/4 4061/7/4
f 4048/7/4 4060/7/4 4062/7/4
f 4062/7/4 4060/7/4 4063/7/4
f 4066/4/4 4067/4/4 4069/4/4
f 4068/4/4 4069/4/4 4071/4/4
f 4070/4/4 4071/4/4 4073/4/4
f 4072/4/4 4073/4/4 4075/4/4
f 4074/4/4 4075/4/4 4077/4/4
f 4076/4/4 4077/4/4 4079/4/4
f 4078/4/4 4079/4/4 4081/4/4
f 4080/4/4 4081/4/4 4083/4/4
f 4082/7/4 4083/7/4 4085/7/4
f 4084/7/4 4085/7/4 4087/7/4
f 4064/22/4 4065/22/4 4088/22/4
f 4086/7/4 4087/7/4 4089/7/4
f 4064/22/4 4088/22/4 4090/22/4
f 4088/7/4 4089/7/4 4091/7/4
f 4090/22/4 4088/22/4 4091/22/4
f 4083/4/4 4081/4/4 4092/4/4
f 4091/7/4 4089/7/4 4092/7/4
f 4085/7/4 4083/7/4 4092/7/4
f 4089/7/4 4087/7/4 4092/7/4
f 4087/7/4 4085/7/4 4092/7/4
f 4069/4/4 4067/4/4 4093/4/4
f 4092/4/4 4081/4/4 4093/4/4
f 4071/4/4 4069/4/4 4093/4/4
f 4073/4/4 4071/4/4 4093/4/4
f 4075/4/4 4073/4/4 4093/4/4
f 4077/4/4 4075/4/4 4093/4/4
f 4079/4/4 4077/4/4 4093/4/4
f 4081/4/4 4079/4/4 4093/4/4
f 4097/22/5 4095/22/5 4094/22/5
f 4099/22/5 4097/22/5 4096/22/5
f 4101/22/5 4099/22/5 4098/22/5
f 4103/22/5 4101/22/5 4100/22/5
f 4105/22/5 4103/22/5 4102/22/5
f 4107/22/5 4105/22/5 4104/22/5
f 4109/22/5 4107/22/5 4106/22/5
f 4111/22/5 4109/22/5 4108/22/5
f 4113/22/5 4111/22/5 4110/22/5
f 4115/22/5 4113/22/5 4112/22/5
f 4117/22/5 4115/22/5 4114/22/5
f 4119/22/5 4117/22/5 4116/22/5
f 4120/22/5 4119/22/5 4118/22/5
f 4121/22/5 4117/22/5 4119/22/5
f 4121/22/5 4119/22/5 4120/22/5
f 4122/22/5 4117/22/5 4121/22/5
f 4123/22/5 4115/22/5 4117/22/5
f 4123/22/5 4117/22/5 4122/22/5
f 4124/22/5 4115/22/5 4123/22/5
f 4125/22/5 4113/22/5 4115/22/5
f 4125/22/5 4115/22/5 4124/22/5
f 4126/22/5 4113/22/5 4125/22/5
f 4127/22/5 4111/22/5 4113/22/5
f 4127/22/5 4113/22/5 4126/22/5
f 4128/22/5 4111/22/5 4127/22/5
f 4129/22/5 4109/22/5 4111/22/5
f 4129/22/5 4111/22/5 4128/22/5
f 4130/22/5 4109/22/5 4129/22/5
f 4131/22/5 4107/22/5 4109/22/5
f 4131/22/5 4109/22/5 4130/22/5
f 4132/22/5 4107/22/5 4131/22/5
f 4133/22/5 4105/22/5 4107/22/5
f 4133/22/5 4107/22/5 4132/22/5
f 4134/22/5 4105/22/5 4133/22/5
f 4135/22/5 4103/22/5 4105/22/5
f 4135/22/5 4105/22/5 4134/22/5
f 4136/22/5 4103/22/5 4135/22/5
f 4137/22/5 4101/22/5 4103/22/5
f 4137/22/5 4103/22/5 4136/22/5
f 4138/22/5 4101/22/5 4137/22/5
f 4139/22/5 4099/22/5 4101/22/5
f 4139/22/5 4101/22/5 4138/22/5
f 4140/22/5 4099/22/5 4139/22/5
f 4141/22/5 4097/22/5 4099/22/5
f 4141/22/5 4099/22/5 4140/22/5
f 4142/22/5 4097/22/5 4141/22/5
f 4143/22/5 4095/22/5 4097/22/5
f 4143/22/5 4097/22/5 4142/22/5
f 4144/22/5 4095/22/5 4143/22/5
f 4145/22/5 4095/22/5 4144/22/5
f 4150/7/5 4147/7/5 4146/7/5
f 4151/7/5 4147/7/5 4150/7/5
f 4154/7/5 4149/7/5 4148/7/5
f 4155/7/5 4149/7/5 4154/7/5
f 4157/7/5 4153/7/5 4152/7/5
f 4158/7/5 4153/7/5 4157/7/5
f 4161/7/5 4157/7/5 4156/7/5
f 4162/7/5 4157/7/5 4161/7/5
f 4164/7/5 4160/7/5 4159/7/5
f 4165/7/5 4160/7/5 4164/7/5
f 4167/7/5 4164/7/5 4163/7/5
f 4168/7/5 4164/7/5 4167/7/5
f 4170/7/5 4167/7/5 4166/7/5
f 4171/7/5 4167/7/5 4170/7/5
f 4173/7/5 4170/7/5 4169/7/5
f 4174/7/5 4170/7/5 4173/7/5
f 4176/7/5 4173/7/5 4172/7/5
f 4177/7/5 4173/7/5 4176/7/5
f 4179/7/5 4176/7/5 4175/7/5
f 4180/7/5 4176/7/5 4179/7/5
f 4182/7/5 4179/7/5 4178/7/5
f 4183/7/5 4179/7/5 4182/7/5
f 4185/7/5 4182/7/5 4181/7/5
f 4186/7/5 4182/7/5 4185/7/5
f 4188/7/5 4185/7/5 4184/7/5
f 4189/7/5 4185/7/5 4188/7/5
f 4191/7/5 4188/7/5 4187/7/5
f 4192/7/5 4191/7/5 4190/7/5
f 4193/7/5 4188/7/5 4191/7/5
f 4193/7/5 4191/7/5 4192/7/5
f 4194/7/5 4188/7/5 4193/7/5
f 4195/7/5 4188/7/5 4194/7/5
f 4197/7/5 4196/7/5 4195/7/5
f 4198/7/5 4196/7/5 4197/7/5
f 4200/7/5 4199/7/5 4198/7/5
f 4201/7/5 4199/7/5 4200/7/5
f 4203/7/5 4202/7/5 4201/7/5
f 4204/7/5 4202/7/5 4203/7/5
f 4206/7/5 4205/7/5 4204/7/5
f 4207/7/5 4205/7/5 4206/7/5
f 4209/7/5 4208/7/5 4207/7/5
f 4210/7/5 4208/7/5 4209/7/5
f 4212/7/5 4211/7/5 4210/7/5
f 4213/7/5 4211/7/5 4212/7/5
f 4215/7/5 4214/7/5 4213/7/5
f 4216/7/5 4214/7/5 4215/7/5
f 4218/7/5 4217/7/5 4216/7/5
f 4219/7/5 4217/7/5 4218/7/5
f 4221/7/5 4220/7/5 4219/7/5
f 4222/7/5 4220/7/5 4221/7/5
f 4225/7/5 4224/7/5 4223/7/5
f 4226/7/5 4224/7/5 4225/7/5
f 4228/7/5 4227/7/5 4226/7/5
f 4229/7/5 4227/7/5 4228/7/5
f 4232/7/5 4231/7/5 4230/7/5
f 4233/7/5 4231/7/5 4232/7/5
f 4236/7/5 4235/7/5 4234/7/5
f 4237/7/5 4235/7/5 4236/7/5
f 4242/7/5 4239/7/5 4238/7/5
f 4243/7/5 4239/7/5 4242/7/5
f 4246/7/5 4241/7/5 4240/7/5
f 4247/7/5 4241/7/5 4246/7/5
f 4249/7/5 4245/7/5 4244/7/5
f 4250/7/5 4245/7/5 4249/7/5
f 4253/7/5 4249/7/5 4248/7/5
f 4254/7/5 4249/7/5 4253/7/5
f 4256/7/5 4252/7/5 4251/7/5
f 4257/7/5 4252/7/5 4256/7/5
f 4259/7/5 4256/7/5 4255/7/5
f 4260/7/5 4256/7/5 4259/7/5
f 4262/7/5 4259/7/5 4258/7/5
f 4263/7/5 4259/7/5 4262/7/5
f 4265/7/5 4262/7/5 4261/7/5
f 4266/7/5 4262/7/5 4265/7/5
f 4268/7/5 4265/7/5 4264/7/5
f 4269/7/5 4265/7/5 4268/7/5
f 4271/7/5 4268/7/5 4267/7/5
f 4272/7/5 4268/7/5 4271/7/5
f 4274/7/5 4271/7/5 4270/7/5
f 4275/7/5 4271/7/5 4274/7/5
f 4277/7/5 4274/7/5 4273/7/5
f 4278/7/5 4274/7/5 4277/7/5
f 4280/7/5 4277/7/5 4276/7/5
f 4281/7/5 4277/7/5 4280/7/5
f 4283/7/5 4280/7/5 4279/7/5
f 4284/7/5 4280/7/5 4283/7/5
f 4285/7/5 4283/7/5 4282/7/5
f 4286/7/5 4283/7/5 4285/7/5
f 4288/7/5 4287/7/5 4286/7/5
f 4289/7/5 4287/7/5 4288/7/5
f 4291/7/5 4290/7/5 4289/7/5
f 4292/7/5 4290/7/5 4291/7/5
f 4294/7/5 4293/7/5 4292/7/5
f 4295/7/5 4293/7/5 4294/7/5
f 4297/7/5 4296/7/5 4295/7/5
f 4298/7/5 4296/7/5 4297/7/5
f 4300/7/5 4299/7/5 4298/7/5
f 4301/7/5 4299/7/5 4300/7/5
f 4303/7/5 4302/7/5 4301/7/5
f 4304/7/5 4302/7/5 4303/7/5
f 4306/7/5 4305/7/5 4304/7/5
f 4307/7/5 4305/7/5 4306/7/5
f 4309/7/5 4308/7/5 4307/7/5
f 4310/7/5 4308/7/5 4309/7/5
f 4312/7/5 4311/7/5 4310/7/5
f 4313/7/5 4311/7/5 4312/7/5
f 4315/7/5 4314/7/5 4313/7/5
f 4316/7/5 4314/7/5 4315/7/5
f 4319/7/5 4318/7/5 4317/7/5
f 4320/7/5 4318/7/5 4319/7/5
f 4322/7/5 4321/7/5 4320/7/5
f 4323/7/5 4321/7/5 4322/7/5
f 4326/7/5 4325/7/5 4324/7/5
f 4327/7/5 4325/7/5 4326/7/5
f 4330/7/5 4329/7/5 4328/7/5
f 4331/7/5 4329/7/5 4330/7/5
f 4336/7/5 4333/7/5 4332/7/5
f 4337/7/5 4333/7/5 4336/7/5
f 4340/7/5 4335/7/5 4334/7/5
f 4341/7/5 4335/7/5 4340/7/5
f 4343/7/5 4339/7/5 4338/7/5
f 4344/7/5 4339/7/5 4343/7/5
f 4348/7/5 4343/7/5 4342/7/5
f 4349/7/5 4343/7/5 4348/7/5
f 4350/7/5 4346/7/5 4345/7/5
f 4351/7/5 4346/7/5 4350/7/5
f 4353/7/5 4348/7/5 4347/7/5
f 4354/7/5 4348/7/5 4353/7/5
f 4356/7/5 4353/7/5 4352/7/5
f 4357/7/5 4353/7/5 4356/7/5
f 4359/7/5 4356/7/5 4355/7/5
f 4360/7/5 4356/7/5 4359/7/5
f 4362/7/5 4359/7/5 4358/7/5
f 4363/7/5 4359/7/5 4362/7/5
f 4365/7/5 4362/7/5 4361/7/5
f 4366/7/5 4362/7/5 4365/7/5
f 4368/7/5 4365/7/5 4364/7/5
f 4369/7/5 4365/7/5 4368/7/5
f 4371/7/5 4368/7/5 4367/7/5
f 4372/7/5 4368/7/5 4371/7/5
f 4374/7/5 4371/7/5 4370/7/5
f 4375/7/5 4371/7/5 4374/7/5
f 4377/7/5 4374/7/5 4373/7/5
f 4378/7/5 4374/7/5 4377/7/5
f 4381/7/5 4377/7/5 4376/7/5
f 4382/7/5 4377/7/5 4381/7/5
f 4383/7/5 4380/7/5 4379/7/5
f 4384/7/5 4380/7/5 4383/7/5
f 4387/7/5 4386/7/5 4385/7/5
f 4388/7/5 4386/7/5 4387/7/5
f 4390/7/5 4389/7/5 4388/7/5
f 4391/7/5 4389/7/5 4390/7/5
f 4393/7/5 4392/7/5 4391/7/5
f 4394/7/5 4392/7/5 4393/7/5
f 4396/7/5 4395/7/5 4394/7/5
f 4397/7/5 4395/7/5 4396/7/5
f 4399/7/5 4398/7/5 4397/7/5
f 4400/7/5 4398/7/5 4399/7/5
f 4402/7/5 4401/7/5 4400/7/5
f 4403/7/5 4401/7/5 4402/7/5
f 4405/7/5 4404/7/5 4403/7/5
f 4406/7/5 4404/7/5 4405/7/5
f 4408/7/5 4407/7/5 4406/7/5
f 4409/7/5 4407/7/5 4408/7/5
f 4411/7/5 4410/7/5 4409/7/5
f 4412/7/5 4410/7/5 4411/7/5
f 4414/7/5 4413/7/5 4412/7/5
f 4415/7/5 4413/7/5 4414/7/5
f 4419/7/5 4416/7/5 4415/7/5
f 4420/7/5 4416/7/5 4419/7/5
f 4422/7/5 4418/7/5 4417/7/5
f 4423/7/5 4418/7/5 4422/7/5
f 4424/7/5 4421/7/5 4420/7/5
f 4425/7/5 4421/7/5 4424/7/5
f 4428/7/5 4427/7/5 4426/7/5
f 4429/7/5 4427/7/5 4428/7/5
f 4432/7/5 4431/7/5 4430/7/5
f 4433/7/5 4431/7/5 4432/7/5
f 4438/4/5 4435/4/5 4434/4/5
f 4439/4/5 4435/4/5 4438/4/5
f 4442/4/5 4437/4/5 4436/4/5
f 4443/4/5 4437/4/5 4442/4/5
f 4446/4/5 4441/4/5 4440/4/5
f 4447/4/5 4441/4/5 4446/4/5
f 4449/4/5 4445/4/5 4444/4/5
f 4450/4/5 4445/4/5 4449/4/5
f 4452/4/5 4449/4/5 4448/4/5
f 4453/4/5 4449/4/5 4452/4/5
f 4455/4/5 4452/4/5 4451/4/5
f 4456/4/5 4452/4/5 4455/4/5
f 4458/4/5 4455/4/5 4454/4/5
f 4459/4/5 4455/4/5 4458/4/5
f 4461/4/5 4458/4/5 4457/4/5
f 4462/4/5 4458/4/5 4461/4/5
f 4464/4/5 4461/4/5 4460/4/5
f 4465/4/5 4461/4/5 4464/4/5
f 4467/4/5 4464/4/5 4463/4/5
f 4468/4/5 4464/4/5 4467/4/5
f 4470/4/5 4467/4/5 4466/4/5
f 4471/4/5 4467/4/5 4470/4/5
f 4473/4/5 4470/4/5 4469/4/5
f 4474/4/5 4470/4/5 4473/4/5
f 4476/4/5 4473/4/5 4472/4/5
f 4477/4/5 4473/4/5 4476/4/5
f 4480/4/5 4476/4/5 4475/4/5
f 4481/4/5 4476/4/5 4480/4/5
f 4482/4/5 4479/4/5 4478/4/5
f 4483/4/5 4479/4/5 4482/4/5
f 4486/4/5 4485/4/5 4484/4/5
f 4487/4/5 4485/4/5 4486/4/5
f 4489/4/5 4488/4/5 4487/4/5
f 4490/4/5 4488/4/5 4489/4/5
f 4492/4/5 4491/4/5 4490/4/5
f 4493/4/5 4491/4/5 4492/4/5
f 4495/4/5 4494/4/5 4493/4/5
f 4496/4/5 4494/4/5 4495/4/5
f 4498/4/5 4497/4/5 4496/4/5
f 4499/4/5 4497/4/5 4498/4/5
f 4501/4/5 4500/4/5 4499/4/5
f 4502/4/5 4500/4/5 4501/4/5
f 4504/4/5 4503/4/5 4502/4/5
f 4505/4/5 4503/4/5 4504/4/5
f 4507/4/5 4506/4/5 4505/4/5
f 4508/4/5 4506/4/5 4507/4/5
f 4510/4/5 4509/4/5 4508/4/5
f 4511/4/5 4509/4/5 4510/4/5
f 4513/4/5 4512/4/5 4511/4/5
f 4514/4/5 4512/4/5 4513/4/5
f 4516/4/5 4515/4/5 4514/4/5
f 4517/4/5 4515/4/5 4516/4/5
f 4520/4/5 4519/4/5 4518/4/5
f 4521/4/5 4519/4/5 4520/4/5
f 4524/4/5 4523/4/5 4522/4/5
f 4525/4/5 4523/4/5 4524/4/5
f 4528/4/5 4527/4/5 4526/4/5
f 4529/4/5 4527/4/5 4528/4/5
f 4534/4/5 4531/4/5 4530/4/5
f 4535/4/5 4531/4/5 4534/4/5
f 4538/4/5 4533/4/5 4532/4/5
f 4539/4/5 4533/4/5 4538/4/5
f 4542/4/5 4537/4/5 4536/4/5
f 4543/4/5 4537/4/5 4542/4/5
f 4545/4/5 4541/4/5 4540/4/5
f 4546/4/5 4541/4/5 4545/4/5
f 4548/4/5 4545/4/5 4544/4/5
f 4549/4/5 4545/4/5 4548/4/5
f 4551/4/5 4548/4/5 4547/4/5
f 4552/4/5 4548/4/5 4551/4/5
f 4554/4/5 4551/4/5 4550/4/5
f 4555/4/5 4551/4/5 4554/4/5
f 4557/4/5 4554/4/5 4553/4/5
f 4558/4/5 4554/4/5 4557/4/5
f 4560/4/5 4557/4/5 4556/4/5
f 4561/4/5 4557/4/5 4560/4/5
f 4563/4/5 4560/4/5 4559/4/5
f 4564/4/5 4560/4/5 4563/4/5
f 4566/4/5 4563/4/5 4562/4/5
f 4567/4/5 4563/4/5 4566/4/5
f 4569/4/5 4566/4/5 4565/4/5
f 4570/4/5 4566/4/5 4569/4/5
f 4572/4/5 4569/4/5 4568/4/5
f 4573/4/5 4569/4/5 4572/4/5
f 4576/4/5 4572/4/5 4571/4/5
f 4577/4/5 4572/4/5 4576/4/5
f 4578/4/5 4575/4/5 4574/4/5
f 4579/4/5 4575/4/5 4578/4/5
f 4582/4/5 4581/4/5 4580/4/5
f 4583/4/5 4581/4/5 4582/4/5
f 4585/4/5 4584/4/5 4583/4/5
f 4586/4/5 4584/4/5 4585/4/5
f 4588/4/5 4587/4/5 4586/4/5
f 4589/4/5 4587/4/5 4588/4/5
f 4591/4/5 4590/4/5 4589/4/5
f 4592/4/5 4590/4/5 4591/4/5
f 4594/4/5 4593/4/5 4592/4/5
f 4595/4/5 4593/4/5 4594/4/5
f 4597/4/5 4596/4/5 4595/4/5
f 4598/4/5 4596/4/5 4597/4/5
f 4600/4/5 4599/4/5 4598/4/5
f 4601/4/5 4599/4/5 4600/4/5
f 4603/4/5 4602/4/5 4601/4/5
f 4604/4/5 4602/4/5 4603/4/5
f 4606/4/5 4605/4/5 4604/4/5
f 4607/4/5 4605/4/5 4606/4/5
f 4609/4/5 4608/4/5 4607/4/5
f 4610/4/5 4608/4/5 4609/4/5
f 4612/4/5 4611/4/5 4610/4/5
f 4613/4/5 4611/4/5 4612/4/5
f 4616/4/5 4615/4/5 4614/4/5
f 4617/4/5 4615/4/5 4616/4/5
f 4620/4/5 4619/4/5 4618/4/5
f 4621/4/5 4619/4/5 4620/4/5
f 4624/4/5 4623/4/5 4622/4/5
f 4625/4/5 4623/4/5 4624/4/5
f 4628/4/5 4627/4/5 4626/4/5
f 4629/4/5 4627/4/5 4628/4/5
f 4634/4/5 4631/4/5 4630/4/5
f 4635/4/5 4631/4/5 4634/4/5
f 4637/4/5 4633/4/5 4632/4/5
f 4638/4/5 4633/4/5 4637/4/5
f 4640/4/5 4637/4/5 4636/4/5
f 4641/4/5 4637/4/5 4640/4/5
f 4643/4/5 4640/4/5 4639/4/5
f 4644/4/5 4640/4/5 4643/4/5
f 4646/4/5 4643/4/5 4642/4/5
f 4647/4/5 4643/4/5 4646/4/5
f 4649/4/5 4646/4/5 4645/4/5
f 4650/4/5 4646/4/5 4649/4/5
f 4652/4/5 4649/4/5 4648/4/5
f 4653/4/5 4649/4/5 4652/4/5
f 4655/4/5 4652/4/5 4651/4/5
f 4656/4/5 4652/4/5 4655/4/5
f 4658/4/5 4655/4/5 4654/4/5
f 4659/4/5 4655/4/5 4658/4/5
f 4661/4/5 4658/4/5 4657/4/5
f 4662/4/5 4658/4/5 4661/4/5
f 4664/4/5 4661/4/5 4660/4/5
f 4665/4/5 4661/4/5 4664/4/5
f 4668/4/5 4664/4/5 4663/4/5
f 4669/4/5 4664/4/5 4668/4/5
f 4670/4/5 4667/4/5 4666/4/5
f 4671/4/5 4667/4/5 4670/4/5
f 4674/4/5 4673/4/5 4672/4/5
f 4675/4/5 4673/4/5 4674/4/5
f 4677/4/5 4676/4/5 4675/4/5
f 4678/4/5 4676/4/5 4677/4/5
f 4680/4/5 4679/4/5 4678/4/5
f 4681/4/5 4679/4/5 4680/4/5
f 4683/4/5 4682/4/5 4681/4/5
f 4684/4/5 4682/4/5 4683/4/5
f 4686/4/5 4685/4/5 4684/4/5
f 4687/4/5 4685/4/5 4686/4/5
f 4689/4/5 4688/4/5 4687/4/5
f 4690/4/5 4688/4/5 4689/4/5
f 4692/4/5 4691/4/5 4690/4/5
f 4693/4/5 4691/4/5 4692/4/5
f 4695/4/5 4694/4/5 4693/4/5
f 4696/4/5 4694/4/5 4695/4/5
f 4698/4/5 4697/4/5 4696/4/5
f 4699/4/5 4697/4/5 4698/4/5
f 4701/4/5 4700/4/5 4699/4/5
f 4702/4/5 4700/4/5 4701/4/5
f 4704/4/5 4703/4/5 4702/4/5
f 4705/4/5 4703/4/5 4704/4/5
f 4708/4/5 4707/4/5 4706/4/5
f 4709/4/5 4707/4/5 4708/4/5
f 4712/4/5 4711/4/5 4710/4/5
f 4713/4/5 4711/4/5 4712/4/5
f 4718/4/5 4715/4/5 4714/4/5
f 4719/4/5 4715/4/5 4718/4/5
f 4722/4/5 4717/4/5 4716/4/5
f 4723/4/5 4717/4/5 4722/4/5
f 4726/4/5 4721/4/5 4720/4/5
f 4727/4/5 4721/4/5 4726/4/5
f 4729/4/5 4725/4/5 4724/4/5
f 4730/4/5 4725/4/5 4729/4/5
f 4732/4/5 4729/4/5 4728/4/5
f 4733/4/5 4729/4/5 4732/4/5
f 4735/4/5 4732/4/5 4731/4/5
f 4736/4/5 4732/4/5 4735/4/5
f 4738/4/5 4735/4/5 4734/4/5
f 4739/4/5 4735/4/5 4738/4/5
f 4741/4/5 4738/4/5 4737/4/5
f 4742/4/5 4738/4/5 4741/4/5
f 4744/4/5 4741/4/5 4740/4/5
f 4745/4/5 4741/4/5 4744/4/5
f 4747/4/5 4744/4/5 4743/4/5
f 4748/4/5 4744/4/5 4747/4/5
f 4750/4/5 4747/4/5 4746/4/5
f 4751/4/5 4747/4/5 4750/4/5
f 4753/4/5 4750/4/5 4749/4/5
f 4754/4/5 4750/4/5 4753/4/5
f 4756/4/5 4753/4/5 4752/4/5
f 4757/4/5 4753/4/5 4756/4/5
f 4758/4/5 4756/4/5 4755/4/5
f 4759/4/5 4756/4/5 4758/4/5
f 4762/4/5 4761/4/5 4760/4/5
f 4763/4/5 4761/4/5 4762/4/5
f 4765/4/5 4764/4/5 4763/4/5
f 4766/4/5 4764/4/5 4765/4/5
f 4768/4/5 4767/4/5 4766/4/5
f 4769/4/5 4767/4/5 4768/4/5
f 4771/4/5 4770/4/5 4769/4/5
f 4772/4/5 4770/4/5 4771/4/5
f 4774/4/5 4773/4/5 4772/4/5
f 4775/4/5 4773/4/5 4774/4/5
f 4777/4/5 4776/4/5 4775/4/5
f 4778/4/5 4776/4/5 4777/4/5
f 4780/4/5 4779/4/5 4778/4/5
f 4781/4/5 4779/4/5 4780/4/5
f 4783/4/5 4782/4/5 4781/4/5
f 4784/4/5 4782/4/5 4783/4/5
f 4786/4/5 4785/4/5 4784/4/5
f 4787/4/5 4785/4/5 4786/4/5
f 4789/4/5 4788/4/5 4787/4/5
f 4790/4/5 4788/4/5 4789/4/5
f 4792/4/5 4791/4/5 4790/4/5
f 4793/4/5 4791/4/5 4792/4/5
f 4796/4/5 4795/4/5 4794/4/5
f 4797/4/5 4795/4/5 4796/4/5
f 4800/4/5 4799/4/5 4798/4/5
f 4801/4/5 4799/4/5 4800/4/5
f 4804/4/5 4803/4/5 4802/4/5
f 4805/4/5 4803/4/5 4804/4/5
f 4810/4/5 4807/4/5 4806/4/5
f 4811/4/5 4807/4/5 4810/4/5
f 4814/4/5 4809/4/5 4808/4/5
f 4815/4/5 4809/4/5 4814/4/5
f 4818/4/5 4813/4/5 4812/4/5
f 4819/4/5 4813/4/5 4818/4/5
f 4821/4/5 4817/4/5 4816/4/5
f 4822/4/5 4817/4/5 4821/4/5
f 4824/4/5 4821/4/5 4820/4/5
f 4825/4/5 4821/4/5 4824/4/5
f 4827/4/5 4824/4/5 4823/4/5
f 4828/4/5 4824/4/5 4827/4/5
f 4830/4/5 4827/4/5 4826/4/5
f 4831/4/5 4827/4/5 4830/4/5
f 4833/4/5 4830/4/5 4829/4/5
f 4834/4/5 4830/4/5 4833/4/5
f 4836/4/5 4833/4/5 4832/4/5
f 4837/4/5 4833/4/5 4836/4/5
f 4839/4/5 4836/4/5 4835/4/5
f 4840/4/5 4836/4/5 4839/4/5
f 4842/4/5 4839/4/5 4838/4/5
f 4843/4/5 4839/4/5 4842/4/5
f 4845/4/5 4842/4/5 4841/4/5
f 4846/4/5 4842/4/5 4845/4/5
f 4848/4/5 4845/4/5 4844/4/5
f 4849/4/5 4845/4/5 4848/4/5
f 4851/4/5 4848/4/5 4847/4/5
f 4852/4/5 4848/4/5 4851/4/5
f 4853/4/5 4851/4/5 4850/4/5
f 4854/4/5 4851/4/5 4853/4/5
f 4856/4/5 4855/4/5 4854/4/5
f 4857/4/5 4855/4/5 4856/4/5
f 4859/4/5 4858/4/5 4857/4/5
f 4860/4/5 4858/4/5 4859/4/5
f 4862/4/5 4861/4/5 4860/4/5
f 4863/4/5 4861/4/5 4862/4/5
f 4865/4/5 4864/4/5 4863/4/5
f 4866/4/5 4864/4/5 4865/4/5
f 4868/4/5 4867/4/5 4866/4/5
f 4869/4/5 4867/4/5 4868/4/5
f 4871/4/5 4870/4/5 4869/4/5
f 4872/4/5 4870/4/5 4871/4/5
f 4874/4/5 4873/4/5 4872/4/5
f 4875/4/5 4873/4/5 4874/4/5
f 4877/4/5 4876/4/5 4875/4/5
f 4878/4/5 4876/4/5 4877/4/5
f 4880/4/5 4879/4/5 4878/4/5
f 4881/4/5 4879/4/5 4880/4/5
f 4883/4/5 4882/4/5 4881/4/5
f 4884/4/5 4882/4/5 4883/4/5
f 4886/4/5 4885/4/5 4884/4/5
f 4887/4/5 4885/4/5 4886/4/5
f 4890/4/5 4889/4/5 4888/4/5
f 4891/4/5 4889/4/5 4890/4/5
f 4894/4/5 4893/4/5 4892/4/5
f 4895/4/5 4893/4/5 4894/4/5
f 4898/4/5 4897/4/5 4896/4/5
f 4899/4/5 4897/4/5 4898/4/5
f 4904/4/5 4901/4/5 4900/4/5
f 4905/4/5 4901/4/5 4904/4/5
f 4908/4/5 4903/4/5 4902/4/5
f 4909/4/5 4903/4/5 4908/4/5
f 4912/4/5 4907/4/5 4906/4/5
f 4913/4/5 4907/4/5 4912/4/5
f 4915/4/5 4911/4/5 4910/4/5
f 4916/4/5 4911/4/5 4915/4/5
f 4918/4/5 4915/4/5 4914/4/5
f 4919/4/5 4915/4/5 4918/4/5
f 4921/4/5 4918/4/5 4917/4/5
f 4922/4/5 4918/4/5 4921/4/5
f 4924/4/5 4921/4/5 4920/4/5
f 4925/4/5 4921/4/5 4924/4/5
f 4927/4/5 4924/4/5 4923/4/5
f 4928/4/5 4924/4/5 4927/4/5
f 4930/4/5 4927/4/5 4926/4/5
f 4931/4/5 4927/4/5 4930/4/5
f 4933/4/5 4930/4/5 4929/4/5
f 4934/4/5 4930/4/5 4933/4/5
f 4936/4/5 4933/4/5 4932/4/5
f 4937/4/5 4933/4/5 4936/4/5
f 4939/4/5 4936/4/5 4935/4/5
f 4940/4/5 4936/4/5 4939/4/5
f 4942/4/5 4939/4/5 4938/4/5
f 4943/4/5 4939/4/5 4942/4/5
f 4944/4/5 4942/4/5 4941/4/5
f 4945/4/5 4942/4/5 4944/4/5
f 4948/4/5 4947/4/5 4946/4/5
f 4949/4/5 4947/4/5 4948/4/5
f 4951/4/5 4950/4/5 4949/4/5
f 4952/4/5 4950/4/5 4951/4/5
f 4954/4/5 4953/4/5 4952/4/5
f 4955/4/5 4953/4/5 4954/4/5
f 4957/4/5 4956/4/5 4955/4/5
f 4958/4/5 4956/4/5 4957/4/5
f 4960/4/5 4959/4/5 4958/4/5
f 4961/4/5 4959/4/5 4960/4/5
f 4963/4/5 4962/4/5 4961/4/5
f 4964/4/5 4962/4/5 4963/4/5
f 4966/4/5 4965/4/5 4964/4/5
f 4967/4/5 4965/4/5 4966/4/5
f 4969/4/5 4968/4/5 4967/4/5
f 4970/4/5 4968/4/5 4969/4/5
f 4972/4/5 4971/4/5 4970/4/5
f 4973/4/5 4971/4/5 4972/4/5
f 4975/4/5 4974/4/5 4973/4/5
f 4976/4/5 4974/4/5 4975/4/5
f 4978/4/5 4977/4/5 4976/4/5
f 4979/4/5 4977/4/5 4978/4/5
f 4982/4/5 4981/4/5 4980/4/5
f 4983/4/5 4981/4/5 4982/4/5
f 4986/4/5 4985/4/5 4984/4/5
f 4987/4/5 4985/4/5 4986/4/5
f 4990/4/5 4989/4/5 4988/4/5
f 4991/4/5 4989/4/5 4990/4/5
f 4996/4/5 4993/4/5 4992/4/5
f 4997/4/5 4993/4/5 4996/4/5
f 5000/4/5 4995/4/5 4994/4/5
f 5001/4/5 4995/4/5 5000/4/5
f 5002/4/5 4999/4/5 4998/4/5
f 5003/4/5 4999/4/5 5002/4/5
f 5007/4/5 5005/4/5 5004/4/5
f 5008/4/5 5005/4/5 5007/4/5
f 5010/4/5 5007/4/5 5006/4/5
f 5011/4/5 5007/4/5 5010/4/5
f 5013/4/5 5010/4/5 5009/4/5
f 5014/4/5 5010/4/5 5013/4/5
f 5016/4/5 5013/4/5 5012/4/5
f 5017/4/5 5013/4/5 5016/4/5
f 5019/4/5 5016/4/5 5015/4/5
f 5020/4/5 5016/4/5 5019/4/5
f 5022/4/5 5019/4/5 5018/4/5
f 5023/4/5 5019/4/5 5022/4/5
f 5025/4/5 5022/4/5 5021/4/5
f 5026/4/5 5022/4/5 5025/4/5
f 5028/4/5 5025/4/5 5024/4/5
f 5029/4/5 5025/4/5 5028/4/5
f 5031/4/5 5028/4/5 5027/4/5
f 5032/4/5 5031/4/5 5030/4/5
f 5033/4/5 5028/4/5 5031/4/5
f 5033/4/5 5031/4/5 5032/4/5
f 5034/4/5 5028/4/5 5033/4/5
f 5035/4/5 5028/4/5 5034/4/5
f 5037/4/5 5036/4/5 5035/4/5
f 5038/4/5 5036/4/5 5037/4/5
f 5040/4/5 5039/4/5 5038/4/5
f 5041/4/5 5039/4/5 5040/4/5
f 5043/4/5 5042/4/5 5041/4/5
f 5044/4/5 5042/4/5 5043/4/5
f 5046/4/5 5045/4/5 5044/4/5
f 5047/4/5 5045/4/5 5046/4/5
f 5049/4/5 5048/4/5 5047/4/5
f 5050/4/5 5048/4/5 5049/4/5
f 5052/4/5 5051/4/5 5050/4/5
f 5053/4/5 5051/4/5 5052/4/5
f 5055/4/5 5054/4/5 5053/4/5
f 5056/4/5 5054/4/5 5055/4/5
f 5058/4/5 5057/4/5 5056/4/5
f 5059/4/5 5057/4/5 5058/4/5
f 5062/4/5 5061/4/5 5060/4/5
f 5063/4/5 5061/4/5 5062/4/5
f 5066/4/5 5065/4/5 5064/4/5
f 5067/4/5 5065/4/5 5066/4/5
f 5070/4/5 5069/4/5 5068/4/5
f 5071/4/5 5069/4/5 5070/4/5
f 5075/4/5 5073/4/5 5072/4/5
f 5076/4/5 5073/4/5 5075/4/5
f 5077/4/5 5073/4/5 5076/4/5
f 5080/4/5 5075/4/5 5074/4/5
f 5080/4/5 5076/4/5 5075/4/5
f 5081/4/5 5076/4/5 5080/4/5
f 5083/4/5 5079/4/5 5078/4/5
f 5084/4/5 5079/4/5 5083/4/5
f 5086/4/5 5083/4/5 5082/4/5
f 5087/4/5 5083/4/5 5086/4/5
f 5089/4/5 5086/4/5 5085/4/5
f 5090/4/5 5086/4/5 5089/4/5
f 5092/4/5 5089/4/5 5088/4/5
f 5093/4/5 5089/4/5 5092/4/5
f 5094/4/5 5089/4/5 5093/4/5
f 5096/4/5 5092/4/5 5091/4/5
f 5096/4/5 5093/4/5 5092/4/5
f 5097/4/5 5093/4/5 5096/4/5
f 5098/4/5 5093/4/5 5097/4/5
f 5100/4/5 5096/4/5 5095/4/5
f 5100/4/5 5097/4/5 5096/4/5
f 5101/4/5 5097/4/5 5100/4/5
f 5102/4/5 5097/4/5 5101/4/5
f 5104/4/5 5100/4/5 5099/4/5
f 5104/4/5 5101/4/5 5100/4/5
f 5105/4/5 5101/4/5 5104/4/5
f 5106/4/5 5101/4/5 5105/4/5
f 5108/4/5 5104/4/5 5103/4/5
f 5108/4/5 5105/4/5 5104/4/5
f 5109/4/5 5105/4/5 5108/4/5
f 5110/4/5 5105/4/5 5109/4/5
f 5112/4/5 5108/4/5 5107/4/5
f 5112/4/5 5109/4/5 5108/4/5
f 5113/4/5 5109/4/5 5112/4/5
f 5114/4/5 5109/4/5 5113/4/5
f 5116/4/5 5112/4/5 5111/4/5
f 5116/4/5 5113/4/5 5112/4/5
f 5117/4/5 5113/4/5 5116/4/5
f 5118/4/5 5113/4/5 5117/4/5
f 5119/4/5 5116/4/5 5115/4/5
f 5119/4/5 5117/4/5 5116/4/5
f 5120/4/5 5117/4/5 5119/4/5
f 5121/4/5 5119/4/5 5115/4/5
f 5122/4/5 5119/4/5 5121/4/5
f 5125/4/5 5124/4/5 5123/4/5
f 5127/4/5 5125/4/5 5123/4/5
f 5127/4/5 5126/4/5 5125/4/5
f 5128/4/5 5126/4/5 5127/4/5
f 5129/4/5 5126/4/5 5128/4/5
f 5131/4/5 5129/4/5 5128/4/5
f 5131/4/5 5130/4/5 5129/4/5
f 5132/4/5 5130/4/5 5131/4/5
f 5133/4/5 5130/4/5 5132/4/5
f 5135/4/5 5133/4/5 5132/4/5
f 5135/4/5 5134/4/5 5133/4/5
f 5136/4/5 5134/4/5 5135/4/5
f 5137/4/5 5134/4/5 5136/4/5
f 5139/4/5 5137/4/5 5136/4/5
f 5139/4/5 5138/4/5 5137/4/5
f 5140/4/5 5138/4/5 5139/4/5
f 5141/4/5 5138/4/5 5140/4/5
f 5143/4/5 5141/4/5 5140/4/5
f 5143/4/5 5142/4/5 5141/4/5
f 5144/4/5 5142/4/5 5143/4/5
f 5145/4/5 5142/4/5 5144/4/5
f 5147/4/5 5145/4/5 5144/4/5
f 5147/4/5 5146/4/5 5145/4/5
f 5148/4/5 5146/4/5 5147/4/5
f 5149/4/5 5146/4/5 5148/4/5
f 5151/4/5 5149/4/5 5148/4/5
f 5151/4/5 5150/4/5 5149/4/5
f 5152/4/5 5150/4/5 5151/4/5
f 5153/4/5 5150/4/5 5152/4/5
f 5155/4/5 5153/4/5 5152/4/5
f 5155/4/5 5154/4/5 5153/4/5
f 5156/4/5 5154/4/5 5155/4/5
f 5158/4/5 5157/4/5 5156/4/5
f 5159/4/5 5157/4/5 5158/4/5
f 5161/4/5 5160/4/5 5159/4/5
f 5162/4/5 5160/4/5 5161/4/5
f 5164/4/5 5163/4/5 5162/4/5
f 5165/4/5 5163/4/5 5164/4/5
f 5168/4/5 5167/4/5 5166/4/5
f 5169/4/5 5167/4/5 5168/4/5
f 5170/4/5 5167/4/5 5169/4/5
f 5172/4/5 5170/4/5 5169/4/5
f 5172/4/5 5171/4/5 5170/4/5
f 5173/4/5 5171/4/5 5172/4/5
f 5180/4/5 5175/4/5 5174/4/5
f 5181/4/5 5175/4/5 5180/4/5
f 5182/4/5 5177/4/5 5176/4/5
f 5183/4/5 5177/4/5 5182/4/5
f 5184/4/5 5179/4/5 5178/4/5
f 5185/4/5 5179/4/5 5184/4/5
f 5192/4/5 5187/4/5 5186/4/5
f 5193/4/5 5187/4/5 5192/4/5
f 5194/4/5 5189/4/5 5188/4/5
f 5195/4/5 5189/4/5 5194/4/5
f 5196/4/5 5191/4/5 5190/4/5
f 5197/4/5 5191/4/5 5196/4/5
f 5200/4/5 5199/4/5 5198/4/5
f 5201/4/5 5199/4/5 5200/4/5
f 5204/4/5 5203/4/5 5202/4/5
f 5205/4/5 5203/4/5 5204/4/5
f 5213/1/5 5207/1/5 5206/1/5
f 5214/1/5 5207/1/5 5213/1/5
f 5215/1/5 5209/1/5 5208/1/5
f 5216/1/5 5209/1/5 5215/1/5
f 5217/1/5 5211/1/5 5210/1/5
f 5218/1/5 5211/1/5 5217/1/5
f 5220/1/5 5216/1/5 5215/1/5
f 5220/1/5 5219/1/5 5218/1/5
f 5220/1/5 5218/1/5 5217/1/5
f 5220/1/5 5217/1/5 5216/1/5
f 5220/1/5 5214/1/5 5213/1/5
f 5220/1/5 5215/1/5 5214/1/5
f 5220/1/5 5213/1/5 5212/1/5
f 5221/1/5 5219/1/5 5220/1/5
f 5222/1/5 5219/1/5 5221/1/5
f 5223/1/5 5219/1/5 5222/1/5
f 5224/1/5 5219/1/5 5223/1/5
f 5225/1/5 5219/1/5 5224/1/5
f 5226/1/5 5219/1/5 5225/1/5
f 5227/1/5 5219/1/5 5226/1/5
f 5228/1/5 5219/1/5 5227/1/5
f 5229/1/5 5219/1/5 5228/1/5
f 5230/1/5 5219/1/5 5229/1/5
f 5231/1/5 5219/1/5 5230/1/5
f 5232/1/5 5226/1/5 5225/1/5
f 5233/1/5 5226/1/5 5232/1/5
f 5234/1/5 5228/1/5 5227/1/5
f 5235/1/5 5228/1/5 5234/1/5
f 5236/1/5 5230/1/5 5229/1/5
f 5237/1/5 5230/1/5 5236/1/5
f 5241/4/5 5239/4/5 5238/4/5
f 5242/4/5 5239/4/5 5241/4/5
f 5243/4/5 5239/4/5 5242/4/5
f 5245/4/5 5241/4/5 5240/4/5
f 5246/4/5 5241/4/5 5245/4/5
f 5247/4/5 5244/4/5 5243/4/5
f 5247/4/5 5243/4/5 5242/4/5
f 5248/4/5 5244/4/5 5247/4/5
f 5249/4/5 5244/4/5 5248/4/5
f 5250/4/5 5247/4/5 5246/4/5
f 5250/4/5 5248/4/5 5247/4/5
f 5251/4/5 5248/4/5 5250/4/5
f 5255/4/5 5253/4/5 5252/4/5
f 5256/4/5 5253/4/5 5255/4/5
f 5259/4/5 5255/4/5 5254/4/5
f 5260/4/5 5255/4/5 5259/4/5
f 5261/4/5 5257/4/5 5256/4/5
f 5262/4/5 5257/4/5 5261/4/5
f 5264/4/5 5259/4/5 5258/4/5
f 5265/4/5 5259/4/5 5264/4/5
f 5268/4/5 5263/4/5 5262/4/5
f 5269/4/5 5263/4/5 5268/4/5
f 5270/4/5 5266/4/5 5265/4/5
f 5271/4/5 5266/4/5 5270/4/5
f 5272/4/5 5268/4/5 5267/4/5
f 5273/4/5 5268/4/5 5272/4/5
f 5274/4/5 5272/4/5 5271/4/5
f 5275/4/5 5272/4/5 5274/4/5
f 5278/4/5 5277/4/5 5276/4/5
f 5279/4/5 5277/4/5 5278/4/5
f 5280/22/6 5281/22/6 5283/22/6
f 5283/22/6 5281/22/6 5284/22/6
f 5284/22/6 5281/22/6 5285/22/6
f 5282/22/6 5283/22/6 5287/22/6
f 5283/22/6 5284/22/6 5287/22/6
f 5287/22/6 5284/22/6 5288/22/6
f 5288/22/6 5284/22/6 5289/22/6
f 5286/22/6 5287/22/6 5291/22/6
f 5287/22/6 5288/22/6 5291/22/6
f 5291/22/6 5288/22/6 5292/22/6
f 5292/22/6 5288/22/6 5293/22/6
f 5290/22/6 5291/22/6 5295/22/6
f 5291/22/6 5292/22/6 5295/22/6
f 5295/22/6 5292/22/6 5296/22/6
f 5296/22/6 5292/22/6 5297/22/6
f 5294/22/6 5295/22/6 5299/22/6
f 5295/22/6 5296/22/6 5299/22/6
f 5299/22/6 5296/22/6 5300/22/6
f 5300/22/6 5296/22/6 5301/22/6
f 5298/22/6 5299/22/6 5303/22/6
f 5299/22/6 5300/22/6 5303/22/6
f 5303/22/6 5300/22/6 5304/22/6
f 5304/22/6 5300/22/6 5305/22/6
f 5302/22/6 5303/22/6 5307/22/6
f 5303/22/6 5304/22/6 5307/22/6
f 5307/22/6 5304/22/6 5308/22/6
f 5308/22/6 5304/22/6 5309/22/6
f 5306/22/6 5307/22/6 5311/22/6
f 5307/22/6 5308/22/6 5311/22/6
f 5311/22/6 5308/22/6 5312/22/6
f 5312/22/6 5308/22/6 5313/22/6
f 5310/22/6 5311/22/6 5315/22/6
f 5311/22/6 5312/22/6 5315/22/6
f 5315/22/6 5312/22/6 5316/22/6
f 5316/22/6 5312/22/6 5317/22/6
f 5314/22/6 5315/22/6 5319/22/6
f 5315/22/6 5316/22/6 5319/22/6
f 5319/22/6 5316/22/6 5320/22/6
f 5320/22/6 5316/22/6 5321/22/6
f 5318/22/6 5319/22/6 5323/22/6
f 5319/22/6 5320/22/6 5323/22/6
f 5323/22/6 5320/22/6 5324/22/6
f 5324/22/6 5320/22/6 5325/22/6
f 5322/22/6 5323/22/6 5327/22/6
f 5323/22/6 5324/22/6 5327/22/6
f 5327/22/6 5324/22/6 5328/22/6
f 5328/22/6 5324/22/6 5329/22/6
f 5326/22/6 5327/22/6 5330/22/6
f 5327/22/6 5328/22/6 5330/22/6
f 5330/22/6 5328/22/6 5331/22/6
f 5326/22/6 5330/22/6 5332/22/6
f 5326/22/6 5332/22/6 5334/22/6
f 5332/22/6 5333/22/6 5334/22/6
f 5334/22/6 5333/22/6 5335/22/6
f 5335/22/6 5333/22/6 5336/22/6
f 5335/22/6 5336/22/6 5338/22/6
f 5336/22/6 5337/22/6 5338/22/6
f 5338/22/6 5337/22/6 5339/22/6
f 5339/22/6 5337/22/6 5340/22/6
f 5339/22/6 5340/22/6 5342/22/6
f 5340/22/6 5341/22/6 5342/22/6
f 5342/22/6 5341/22/6 5343/22/6
f 5343/22/6 5341/22/6 5344/22/6
f 5343/22/6 5344/22/6 5346/22/6
f 5344/22/6 5345/22/6 5346/22/6
f 5346/22/6 5345/22/6 5347/22/6
f 5347/22/6 5345/22/6 5348/22/6
f 5347/22/6 5348/22/6 5350/22/6
f 5348/22/6 5349/22/6 5350/22/6
f 5350/22/6 5349/22/6 5351/22/6
f 5351/22/6 5349/22/6 5352/22/6
f 5351/22/6 5352/22/6 5354/22/6
f 5352/22/6 5353/22/6 5354/22/6
f 5354/22/6 5353/22/6 5355/22/6
f 5355/22/6 5353/22/6 5356/22/6
f 5355/22/6 5356/22/6 5358/22/6
f 5356/22/6 5357/22/6 5358/22/6
f 5358/22/6 5357/22/6 5359/22/6
f 5359/22/6 5357/22/6 5360/22/6
f 5359/22/6 5360/22/6 5362/22/6
f 5360/22/6 5361/22/6 5362/22/6
f 5362/22/6 5361/22/6 5363/22/6
f 5363/22/6 5361/22/6 5364/22/6
f 5363/22/6 5364/22/6 5366/22/6
f 5364/22/6 5365/22/6 5366/22/6
f 5366/22/6 5365/22/6 5367/22/6
f 5367/22/6 5365/22/6 5368/22/6
f 5367/22/6 5368/22/6 5370/22/6
f 5368/22/6 5369/22/6 5370/22/6
f 5370/22/6 5369/22/6 5371/22/6
f 5371/22/6 5369/22/6 5372/22/6
f 5371/22/6 5372/22/6 5374/22/6
f 5372/22/6 5373/22/6 5374/22/6
f 5374/22/6 5373/22/6 5375/22/6
f 5375/22/6 5373/22/6 5376/22/6
f 5375/22/6 5376/22/6 5378/22/6
f 5376/22/6 5377/22/6 5378/22/6
f 5378/22/6 5377/22/6 5379/22/6
f 5379/22/6 5377/22/6 5380/22/6
f 5379/22/6 5380/22/6 5382/22/6
f 5380/22/6 5381/22/6 5382/22/6
f 5382/22/6 5381/22/6 5383/22/6
f 5384/7/6 5385/7/6 5386/7/6
f 5386/7/6 5385/7/6 5387/7/6
f 5388/7/6 5389/7/6 5390/7/6
f 5390/7/6 5389/7/6 5391/7/6
f 5392/7/6 5393/7/6 5399/7/6
f 5399/7/6 5393/7/6 5400/7/6
f 5400/7/6 5393/7/6 5401/7/6
f 5394/7/6 5395/7/6 5402/7/6
f 5402/7/6 5395/7/6 5403/7/6
f 5403/7/6 5395/7/6 5404/7/6
f 5397/7/6 5398/7/6 5405/7/6
f 5405/7/6 5398/7/6 5406/7/6
f 5404/7/6 5395/7/6 5407/7/6
f 5407/7/6 5395/7/6 5408/7/6
f 5408/7/6 5395/7/6 5409/7/6
f 5395/4/6 5396/4/6 5410/4/6
f 5409/7/6 5395/7/6 5410/7/6
f 5410/4/6 5396/4/6 5411/4/6
f 5411/4/6 5396/4/6 5412/4/6
f 5413/4/6 5414/4/6 5416/4/6
f 5415/7/6 5416/7/6 5420/7/6
f 5417/7/6 5418/7/6 5421/7/6
f 5421/7/6 5418/7/6 5422/7/6
f 5419/7/6 5420/7/6 5428/7/6
f 5423/7/6 5424/7/6 5429/7/6
f 5424/7/6 5425/7/6 5429/7/6
f 5429/7/6 5425/7/6 5430/7/6
f 5426/7/6 5427/7/6 5431/7/6
f 5427/7/6 5428/7/6 5431/7/6
f 5416/4/6 5414/4/6 5432/4/6
f 5431/7/6 5428/7/6 5432/7/6
f 5420/7/6 5416/7/6 5432/7/6
f 5428/7/6 5420/7/6 5432/7/6
f 5432/4/6 5414/4/6 5433/4/6
f 5434/7/6 5435/7/6 5441/7/6
f 5435/7/6 5436/7/6 5441/7/6
f 5436/7/6 5437/7/6 5441/7/6
f 5441/7/6 5437/7/6 5442/7/6
f 5439/7/6 5440/7/6 5447/7/6
f 5438/7/6 5439/7/6 5447/7/6
f 5440/7/6 5441/7/6 5447/7/6
f 5442/7/6 5443/7/6 5447/7/6
f 5441/7/6 5442/7/6 5447/7/6
f 5445/7/6 5446/7/6 5452/7/6
f 5444/7/6 5445/7/6 5452/7/6
f 5446/7/6 5447/7/6 5452/7/6
f 5452/7/6 5447/7/6 5453/7/6
f 5453/7/6 5447/7/6 5454/7/6
f 5447/7/6 5443/7/6 5455/7/6
f 5454/7/6 5447/7/6 5455/7/6
f 5455/7/6 5443/7/6 5456/7/6
f 5456/7/6 5443/7/6 5457/7/6
f 5452/7/6 5453/7/6 5460/7/6
f 5460/7/6 5453/7/6 5461/7/6
f 5456/7/6 5457/7/6 5462/7/6
f 5462/7/6 5457/7/6 5463/7/6
f 5448/15/6 5449/15/6 5464/15/6
f 5450/15/6 5451/15/6 5467/15/6
f 5458/7/6 5459/7/6 5469/7/6
f 5459/7/6 5460/7/6 5469/7/6
f 5469/7/6 5460/7/6 5470/7/6
f 5470/7/6 5460/7/6 5471/7/6
f 5463/7/6 5457/7/6 5472/7/6
f 5472/7/6 5457/7/6 5473/7/6
f 5464/15/6 5465/15/6 5474/15/6
f 5466/15/6 5467/15/6 5477/15/6
f 5468/7/6 5469/7/6 5480/7/6
f 5469/7/6 5470/7/6 5480/7/6
f 5480/7/6 5470/7/6 5481/7/6
f 5481/7/6 5470/7/6 5482/7/6
f 5473/7/6 5457/7/6 5483/7/6
f 5483/7/6 5457/7/6 5484/7/6
f 5474/15/6 5475/15/6 5485/15/6
f 5476/15/6 5477/15/6 5486/15/6
f 5467/15/6 5451/15/6 5487/15/6
f 5477/15/6 5467/15/6 5487/15/6
f 5486/15/6 5477/15/6 5487/15/6
f 5487/15/6 5451/15/6 5488/15/6
f 5488/15/6 5451/15/6 5489/15/6
f 5489/15/6 5451/15/6 5490/15/6
f 5490/15/6 5451/15/6 5491/15/6
f 5491/15/6 5451/15/6 5492/15/6
f 5478/7/6 5479/7/6 5494/7/6
f 5479/7/6 5480/7/6 5494/7/6
f 5480/7/6 5481/7/6 5494/7/6
f 5485/15/6 5486/15/6 5495/15/6
f 5486/15/6 5487/15/6 5495/15/6
f 5495/15/6 5487/15/6 5496/15/6
f 5493/7/6 5494/7/6 5498/7/6
f 5494/7/6 5481/7/6 5499/7/6
f 5498/7/6 5494/7/6 5499/7/6
f 5499/7/6 5481/7/6 5500/7/6
f 5484/7/6 5457/7/6 5501/7/6
f 5501/7/6 5457/7/6 5502/7/6
f 5485/15/6 5495/15/6 5503/15/6
f 5497/7/6 5498/7/6 5505/7/6
f 5498/7/6 5499/7/6 5505/7/6
f 5505/7/6 5499/7/6 5506/7/6
f 5485/15/6 5503/15/6 5507/15/6
f 5507/15/6 5503/15/6 5508/15/6
f 5505/7/6 5506/7/6 5510/7/6
f 5504/7/6 5505/7/6 5510/7/6
f 5485/15/6 5507/15/6 5511/15/6
f 5509/7/6 5510/7/6 5512/7/6
f 5510/7/6 5506/7/6 5513/7/6
f 5512/7/6 5510/7/6 5513/7/6
f 5485/15/6 5511/15/6 5514/15/6
f 5513/7/6 5506/7/6 5515/7/6
f 5515/7/6 5506/7/6 5516/7/6
f 5516/7/6 5506/7/6 5517/7/6
f 5485/15/6 5514/15/6 5518/15/6
f 5516/7/6 5517/7/6 5520/7/6
f 5520/7/6 5517/7/6 5521/7/6
f 5521/7/6 5517/7/6 5522/7/6
f 5502/7/6 5457/7/6 5525/7/6
f 5518/15/6 5519/15/6 5526/15/6
f 5522/7/6 5523/7/6 5527/7/6
f 5521/7/6 5522/7/6 5527/7/6
f 5527/7/6 5523/7/6 5528/7/6
f 5518/15/6 5526/15/6 5529/15/6
f 5528/7/6 5523/7/6 5531/7/6
f 5531/7/6 5523/7/6 5532/7/6
f 5532/7/6 5523/7/6 5533/7/6
f 5533/7/6 5523/7/6 5534/7/6
f 5524/7/6 5525/7/6 5537/7/6
f 5474/15/6 5485/15/6 5538/15/6
f 5518/15/6 5529/15/6 5538/15/6
f 5448/15/6 5464/15/6 5538/15/6
f 5529/15/6 5530/15/6 5538/15/6
f 5464/15/6 5474/15/6 5538/15/6
f 5485/15/6 5518/15/6 5538/15/6
f 5538/15/6 5530/15/6 5539/15/6
f 5539/15/6 5530/15/6 5540/15/6
f 5533/7/6 5534/7/6 5546/7/6
f 5534/7/6 5535/7/6 5546/7/6
f 5546/7/6 5535/7/6 5547/7/6
f 5547/7/6 5535/7/6 5548/7/6
f 5536/7/6 5537/7/6 5551/7/6
f 5448/15/6 5538/15/6 5552/15/6
f 5552/15/6 5538/15/6 5553/15/6
f 5539/15/6 5540/15/6 5554/15/6
f 5544/15/6 5545/15/6 5554/15/6
f 5543/15/6 5544/15/6 5554/15/6
f 5542/15/6 5543/15/6 5554/15/6
f 5541/15/6 5542/15/6 5554/15/6
f 5540/15/6 5541/15/6 5554/15/6
f 5554/15/6 5545/15/6 5555/15/6
f 5548/7/6 5549/7/6 5556/7/6
f 5547/7/6 5548/7/6 5556/7/6
f 5556/7/6 5549/7/6 5557/7/6
f 5557/7/6 5549/7/6 5558/7/6
f 5550/7/6 5551/7/6 5561/7/6
f 5448/15/6 5552/15/6 5562/15/6
f 5562/15/6 5552/15/6 5563/15/6
f 5555/15/6 5545/15/6 5564/15/6
f 5564/15/6 5545/15/6 5565/15/6
f 5558/7/6 5559/7/6 5566/7/6
f 5557/7/6 5558/7/6 5566/7/6
f 5566/7/6 5559/7/6 5567/7/6
f 5567/7/6 5559/7/6 5568/7/6
f 5560/7/6 5561/7/6 5571/7/6
f 5569/7/6 5570/7/6 5572/7/6
f 5570/7/6 5571/7/6 5572/7/6
f 5567/7/6 5568/7/6 5572/7/6
f 5568/7/6 5569/7/6 5572/7/6
f 5572/7/6 5571/7/6 5573/7/6
f 5573/7/6 5571/7/6 5574/7/6
f 5574/7/6 5571/7/6 5575/7/6
f 5537/7/6 5525/7/6 5576/7/6
f 5575/7/6 5571/7/6 5576/7/6
f 5571/7/6 5561/7/6 5576/7/6
f 5551/7/6 5537/7/6 5576/7/6
f 5525/7/6 5457/7/6 5576/7/6
f 5561/7/6 5551/7/6 5576/7/6
f 5448/15/6 5562/15/6 5577/15/6
f 5577/15/6 5562/15/6 5578/15/6
f 5565/15/6 5545/15/6 5579/15/6
f 5579/15/6 5545/15/6 5580/15/6
f 5575/7/6 5576/7/6 5581/7/6
f 5581/7/6 5576/7/6 5582/7/6
f 5582/7/6 5576/7/6 5583/7/6
f 5583/7/6 5576/7/6 5584/7/6
f 5584/7/6 5576/7/6 5585/7/6
f 5585/7/6 5576/7/6 5586/7/6
f 5584/7/6 5585/7/6 5587/7/6
f 5587/7/6 5585/7/6 5588/7/6
f 5588/7/6 5585/7/6 5589/7/6
f 5589/7/6 5585/7/6 5590/7/6
f 5591/4/6 5592/4/6 5594/4/6
f 5594/4/6 5592/4/6 5595/4/6
f 5595/4/6 5592/4/6 5596/4/6
f 5596/4/6 5592/4/6 5597/4/6
f 5597/4/6 5592/4/6 5598/4/6
f 5598/4/6 5592/4/6 5599/4/6
f 5599/4/6 5592/4/6 5600/4/6
f 5600/4/6 5592/4/6 5601/4/6
f 5593/4/6 5594/4/6 5603/4/6
f 5594/4/6 5595/4/6 5603/4/6
f 5603/4/6 5595/4/6 5604/4/6
f 5604/4/6 5595/4/6 5605/4/6
f 5605/4/6 5595/4/6 5606/4/6
f 5606/4/6 5595/4/6 5607/4/6
f 5595/5/6 5596/5/6 5608/5/6
f 5607/4/6 5595/4/6 5608/4/6
f 5596/6/6 5597/6/6 5609/6/6
f 5608/5/6 5596/5/6 5609/5/6
f 5597/4/6 5598/4/6 5610/4/6
f 5609/6/6 5597/6/6 5610/6/6
f 5598/6/6 5599/6/6 5611/6/6
f 5610/4/6 5598/4/6 5611/4/6
f 5611/6/6 5599/6/6 5612/6/6
f 5599/5/6 5600/5/6 5613/5/6
f 5612/6/6 5599/6/6 5613/6/6
f 5613/5/6 5600/5/6 5614/5/6
f 5600/7/6 5601/7/6 5615/7/6
f 5614/5/6 5600/5/6 5615/5/6
f 5615/7/6 5601/7/6 5616/7/6
f 5616/7/6 5601/7/6 5617/7/6
f 5617/7/6 5601/7/6 5618/7/6
f 5602/4/6 5603/4/6 5620/4/6
f 5603/4/6 5604/4/6 5620/4/6
f 5620/4/6 5604/4/6 5621/4/6
f 5621/4/6 5604/4/6 5622/4/6
f 5604/5/6 5605/5/6 5623/5/6
f 5622/4/6 5604/4/6 5623/4/6
f 5605/6/6 5606/6/6 5624/6/6
f 5623/5/6 5605/5/6 5624/5/6
f 5624/6/6 5606/6/6 5625/6/6
f 5606/4/6 5607/4/6 5626/4/6
f 5625/6/6 5606/6/6 5626/6/6
f 5607/6/6 5608/6/6 5627/6/6
f 5626/4/6 5607/4/6 5627/4/6
f 5608/5/6 5609/5/6 5628/5/6
f 5627/6/6 5608/6/6 5628/6/6
f 5609/7/6 5610/7/6 5629/7/6
f 5628/5/6 5609/5/6 5629/5/6
f 5611/7/6 5612/7/6 5629/7/6
f 5610/7/6 5611/7/6 5629/7/6
f 5629/7/6 5612/7/6 5630/7/6
f 5630/7/6 5612/7/6 5631/7/6
f 5631/7/6 5612/7/6 5632/7/6
f 5632/7/6 5612/7/6 5633/7/6
f 5633/7/6 5612/7/6 5634/7/6
f 5634/7/6 5612/7/6 5635/7/6
f 5635/7/6 5612/7/6 5636/7/6
f 5636/7/6 5612/7/6 5637/7/6
f 5637/7/6 5612/7/6 5638/7/6
f 5638/7/6 5612/7/6 5639/7/6
f 5639/7/6 5612/7/6 5640/7/6
f 5640/7/6 5612/7/6 5641/7/6
f 5641/7/6 5612/7/6 5642/7/6
f 5642/7/6 5612/7/6 5643/7/6
f 5643/7/6 5612/7/6 5644/7/6
f 5644/7/6 5612/7/6 5645/7/6
f 5613/5/6 5614/5/6 5646/5/6
f 5645/7/6 5612/7/6 5646/7/6
f 5612/5/6 5613/5/6 5646/5/6
f 5646/5/6 5614/5/6 5647/5/6
f 5614/6/6 5615/6/6 5648/6/6
f 5647/5/6 5614/5/6 5648/5/6
f 5615/6/6 5616/6/6 5648/6/6
f 5616/4/6 5617/4/6 5649/4/6
f 5648/6/6 5616/6/6 5649/6/6
f 5617/6/6 5618/6/6 5650/6/6
f 5649/4/6 5617/4/6 5650/4/6
f 5618/7/6 5601/7/6 5651/7/6
f 5650/6/6 5618/6/6 5651/6/6
f 5601/4/6 5592/4/6 5652/4/6
f 5651/7/6 5601/7/6 5652/7/6
f 5620/4/6 5621/4/6 5654/4/6
f 5619/4/6 5620/4/6 5654/4/6
f 5654/4/6 5621/4/6 5655/4/6
f 5655/4/6 5621/4/6 5656/4/6
f 5621/5/6 5622/5/6 5657/5/6
f 5656/4/6 5621/4/6 5657/4/6
f 5622/6/6 5623/6/6 5658/6/6
f 5657/5/6 5622/5/6 5658/5/6
f 5623/4/6 5624/4/6 5659/4/6
f 5658/6/6 5623/6/6 5659/6/6
f 5624/6/6 5625/6/6 5660/6/6
f 5659/4/6 5624/4/6 5660/4/6
f 5625/5/6 5626/5/6 5661/5/6
f 5660/6/6 5625/6/6 5661/6/6
f 5626/7/6 5627/7/6 5662/7/6
f 5661/5/6 5626/5/6 5662/5/6
f 5627/7/6 5628/7/6 5662/7/6
f 5662/7/6 5628/7/6 5663/7/6
f 5628/5/6 5629/5/6 5664/5/6
f 5663/7/6 5628/7/6 5664/7/6
f 5629/6/6 5630/6/6 5665/6/6
f 5664/5/6 5629/5/6 5665/5/6
f 5630/5/6 5631/5/6 5666/5/6
f 5665/6/6 5630/6/6 5666/6/6
f 5631/7/6 5632/7/6 5667/7/6
f 5666/5/6 5631/5/6 5667/5/6
f 5632/4/6 5633/4/6 5668/4/6
f 5667/7/6 5632/7/6 5668/7/6
f 5668/4/6 5633/4/6 5669/4/6
f 5634/3/6 5635/3/6 5670/3/6
f 5635/4/6 5636/4/6 5671/4/6
f 5670/3/6 5635/3/6 5671/3/6
f 5671/4/6 5636/4/6 5672/4/6
f 5637/4/6 5638/4/6 5673/4/6
f 5673/4/6 5638/4/6 5674/4/6
f 5640/7/6 5641/7/6 5675/7/6
f 5639/4/6 5640/4/6 5675/4/6
f 5641/5/6 5642/5/6 5676/5/6
f 5675/7/6 5641/7/6 5676/7/6
f 5642/6/6 5643/6/6 5677/6/6
f 5676/5/6 5642/5/6 5677/5/6
f 5643/21/6 5644/21/6 5678/21/6
f 5677/6/6 5643/6/6 5678/6/6
f 5678/21/6 5644/21/6 5679/21/6
f 5645/14/6 5646/14/6 5680/14/6
f 5646/5/6 5647/5/6 5681/5/6
f 5680/14/6 5646/14/6 5681/14/6
f 5649/7/6 5650/7/6 5682/7/6
f 5681/5/6 5647/5/6 5682/5/6
f 5648/7/6 5649/7/6 5682/7/6
f 5647/7/6 5648/7/6 5682/7/6
f 5650/6/6 5651/6/6 5683/6/6
f 5682/7/6 5650/7/6 5683/7/6
f 5651/6/6 5652/6/6 5683/6/6
f 5683/6/6 5652/6/6 5684/6/6
f 5652/4/6 5592/4/6 5685/4/6
f 5684/6/6 5652/6/6 5685/6/6
f 5654/4/6 5655/4/6 5687/4/6
f 5653/4/6 5654/4/6 5687/4/6
f 5687/4/6 5655/4/6 5688/4/6
f 5688/4/6 5655/4/6 5689/4/6
f 5655/5/6 5656/5/6 5690/5/6
f 5689/4/6 5655/4/6 5690/4/6
f 5656/4/6 5657/4/6 5691/4/6
f 5690/5/6 5656/5/6 5691/5/6
f 5657/6/6 5658/6/6 5692/6/6
f 5691/4/6 5657/4/6 5692/4/6
f 5658/5/6 5659/5/6 5693/5/6
f 5692/6/6 5658/6/6 5693/6/6
f 5659/7/6 5660/7/6 5694/7/6
f 5693/5/6 5659/5/6 5694/5/6
f 5660/7/6 5661/7/6 5694/7/6
f 5694/7/6 5661/7/6 5695/7/6
f 5661/5/6 5662/5/6 5696/5/6
f 5695/7/6 5661/7/6 5696/7/6
f 5662/6/6 5663/6/6 5697/6/6
f 5696/5/6 5662/5/6 5697/5/6
f 5697/6/6 5663/6/6 5698/6/6
f 5666/5/6 5667/5/6 5699/5/6
f 5667/5/6 5668/5/6 5699/5/6
f 5699/5/6 5668/5/6 5700/5/6
f 5700/5/6 5668/5/6 5701/5/6
f 5639/4/6 5675/4/6 5703/4/6
f 5703/4/6 5675/4/6 5704/4/6
f 5687/4/6 5688/4/6 5709/4/6
f 5686/4/6 5687/4/6 5709/4/6
f 5709/4/6 5688/4/6 5710/4/6
f 5688/5/6 5689/5/6 5711/5/6
f 5710/4/6 5688/4/6 5711/4/6
f 5690/6/6 5691/6/6 5712/6/6
f 5711/5/6 5689/5/6 5712/5/6
f 5689/6/6 5690/6/6 5712/6/6
f 5712/6/6 5691/6/6 5713/6/6
f 5691/5/6 5692/5/6 5714/5/6
f 5713/6/6 5691/6/6 5714/6/6
f 5692/7/6 5693/7/6 5715/7/6
f 5714/5/6 5692/5/6 5715/5/6
f 5693/7/6 5694/7/6 5715/7/6
f 5694/6/6 5695/6/6 5716/6/6
f 5715/7/6 5694/7/6 5716/7/6
f 5716/6/6 5695/6/6 5717/6/6
f 5704/13/6 5705/13/6 5719/13/6
f 5703/13/6 5704/13/6 5719/13/6
f 5702/13/6 5703/13/6 5719/13/6
f 5719/13/6 5705/13/6 5720/13/6
f 5706/13/6 5707/13/6 5721/13/6
f 5721/13/6 5707/13/6 5722/13/6
f 5709/4/6 5710/4/6 5725/4/6
f 5708/4/6 5709/4/6 5725/4/6
f 5725/4/6 5710/4/6 5726/4/6
f 5710/6/6 5711/6/6 5727/6/6
f 5726/4/6 5710/4/6 5727/4/6
f 5711/6/6 5712/6/6 5727/6/6
f 5727/6/6 5712/6/6 5728/6/6
f 5712/5/6 5713/5/6 5729/5/6
f 5728/6/6 5712/6/6 5729/6/6
f 5713/7/6 5714/7/6 5730/7/6
f 5729/5/6 5713/5/6 5730/5/6
f 5730/7/6 5714/7/6 5731/7/6
f 5700/6/6 5701/6/6 5732/6/6
f 5732/6/6 5701/6/6 5733/6/6
f 5725/4/6 5726/4/6 5735/4/6
f 5724/4/6 5725/4/6 5735/4/6
f 5735/4/6 5726/4/6 5736/4/6
f 5736/4/6 5726/4/6 5737/4/6
f 5727/6/6 5728/6/6 5738/6/6
f 5737/4/6 5726/4/6 5738/4/6
f 5726/6/6 5727/6/6 5738/6/6
f 5738/6/6 5728/6/6 5739/6/6
f 5728/7/6 5729/7/6 5740/7/6
f 5739/6/6 5728/6/6 5740/6/6
f 5729/7/6 5730/7/6 5740/7/6
f 5740/7/6 5730/7/6 5741/7/6
f 5730/6/6 5731/6/6 5742/6/6
f 5741/7/6 5730/7/6 5742/7/6
f 5742/6/6 5731/6/6 5743/6/6
f 5735/4/6 5736/4/6 5745/4/6
f 5734/4/6 5735/4/6 5745/4/6
f 5745/4/6 5736/4/6 5746/4/6
f 5736/5/6 5737/5/6 5747/5/6
f 5746/4/6 5736/4/6 5747/4/6
f 5737/6/6 5738/6/6 5748/6/6
f 5747/5/6 5737/5/6 5748/5/6
f 5738/5/6 5739/5/6 5749/5/6
f 5748/6/6 5738/6/6 5749/6/6
f 5739/7/6 5740/7/6 5750/7/6
f 5749/5/6 5739/5/6 5750/5/6
f 5740/5/6 5741/5/6 5751/5/6
f 5750/7/6 5740/7/6 5751/7/6
f 5751/5/6 5741/5/6 5752/5/6
f 5745/4/6 5746/4/6 5754/4/6
f 5744/4/6 5745/4/6 5754/4/6
f 5754/4/6 5746/4/6 5755/4/6
f 5747/6/6 5748/6/6 5756/6/6
f 5755/4/6 5746/4/6 5756/4/6
f 5746/6/6 5747/6/6 5756/6/6
f 5756/6/6 5748/6/6 5757/6/6
f 5749/7/6 5750/7/6 5758/7/6
f 5757/6/6 5748/6/6 5758/6/6
f 5748/7/6 5749/7/6 5758/7/6
f 5758/7/6 5750/7/6 5759/7/6
f 5750/6/6 5751/6/6 5760/6/6
f 5759/7/6 5750/7/6 5760/7/6
f 5760/6/6 5751/6/6 5761/6/6
f 5722/13/6 5723/13/6 5762/13/6
f 5762/13/6 5723/13/6 5763/13/6
f 5754/4/6 5755/4/6 5765/4/6
f 5753/4/6 5754/4/6 5765/4/6
f 5765/4/6 5755/4/6 5766/4/6
f 5756/6/6 5757/6/6 5767/6/6
f 5766/4/6 5755/4/6 5767/4/6
f 5755/6/6 5756/6/6 5767/6/6
f 5767/6/6 5757/6/6 5768/6/6
f 5757/7/6 5758/7/6 5769/7/6
f 5768/6/6 5757/6/6 5769/6/6
f 5758/5/6 5759/5/6 5770/5/6
f 5769/7/6 5758/7/6 5770/7/6
f 5770/5/6 5759/5/6 5771/5/6
f 5684/4/6 5685/4/6 5772/4/6
f 5685/4/6 5592/4/6 5773/4/6
f 5772/4/6 5685/4/6 5773/4/6
f 5765/4/6 5766/4/6 5775/4/6
f 5764/4/6 5765/4/6 5775/4/6
f 5775/4/6 5766/4/6 5776/4/6
f 5767/6/6 5768/6/6 5777/6/6
f 5776/4/6 5766/4/6 5777/4/6
f 5766/6/6 5767/6/6 5777/6/6
f 5777/6/6 5768/6/6 5778/6/6
f 5768/7/6 5769/7/6 5779/7/6
f 5778/6/6 5768/6/6 5779/6/6
f 5769/6/6 5770/6/6 5780/6/6
f 5779/7/6 5769/7/6 5780/7/6
f 5780/6/6 5770/6/6 5781/6/6
f 5772/6/6 5773/6/6 5782/6/6
f 5773/4/6 5592/4/6 5783/4/6
f 5782/6/6 5773/6/6 5783/6/6
f 5775/4/6 5776/4/6 5784/4/6
f 5774/4/6 5775/4/6 5784/4/6
f 5777/6/6 5778/6/6 5785/6/6
f 5784/4/6 5776/4/6 5785/4/6
f 5776/6/6 5777/6/6 5785/6/6
f 5785/6/6 5778/6/6 5786/6/6
f 5778/7/6 5779/7/6 5787/7/6
f 5786/6/6 5778/6/6 5787/6/6
f 5779/6/6 5780/6/6 5788/6/6
f 5787/7/6 5779/7/6 5788/7/6
f 5788/6/6 5780/6/6 5789/6/6
f 5783/4/6 5592/4/6 5790/4/6
f 5774/4/6 5784/4/6 5791/4/6
f 5784/5/6 5785/5/6 5791/5/6
f 5785/4/6 5786/4/6 5792/4/6
f 5791/5/6 5785/5/6 5792/5/6
f 5786/7/6 5787/7/6 5793/7/6
f 5787/5/6 5788/5/6 5793/5/6
f 5793/5/6 5788/5/6 5794/5/6
f 5774/4/6 5791/4/6 5795/4/6
f 5791/6/6 5792/6/6 5795/6/6
f 5792/4/6 5786/4/6 5796/4/6
f 5795/6/6 5792/6/6 5796/6/6
f 5786/7/6 5793/7/6 5797/7/6
f 5774/4/6 5795/4/6 5799/4/6
f 5795/5/6 5796/5/6 5799/5/6
f 5796/4/6 5786/4/6 5800/4/6
f 5799/5/6 5796/5/6 5800/5/6
f 5786/7/6 5797/7/6 5801/7/6
f 5800/4/6 5786/4/6 5801/4/6
f 5797/5/6 5798/5/6 5802/5/6
f 5801/7/6 5797/7/6 5802/7/6
f 5802/5/6 5798/5/6 5803/5/6
f 5790/4/6 5592/4/6 5805/4/6
f 5774/4/6 5799/4/6 5806/4/6
f 5799/4/6 5800/4/6 5806/4/6
f 5806/4/6 5800/4/6 5807/4/6
f 5800/6/6 5801/6/6 5808/6/6
f 5807/4/6 5800/4/6 5808/4/6
f 5801/6/6 5802/6/6 5808/6/6
f 5808/6/6 5802/6/6 5809/6/6
f 5802/7/6 5803/7/6 5810/7/6
f 5809/6/6 5802/6/6 5810/6/6
f 5803/6/6 5804/6/6 5811/6/6
f 5810/7/6 5803/7/6 5811/7/6
f 5811/6/6 5804/6/6 5812/6/6
f 5805/4/6 5592/4/6 5815/4/6
f 5808/4/6 5809/4/6 5816/4/6
f 5807/4/6 5808/4/6 5816/4/6
f 5816/4/6 5809/4/6 5817/4/6
f 5809/6/6 5810/6/6 5818/6/6
f 5817/4/6 5809/4/6 5818/4/6
f 5810/6/6 5811/6/6 5818/6/6
f 5818/6/6 5811/6/6 5819/6/6
f 5811/7/6 5812/7/6 5820/7/6
f 5819/6/6 5811/6/6 5820/6/6
f 5812/6/6 5813/6/6 5821/6/6
f 5820/7/6 5812/7/6 5821/7/6
f 5821/6/6 5813/6/6 5822/6/6
f 5814/6/6 5815/6/6 5824/6/6
f 5815/4/6 5592/4/6 5825/4/6
f 5824/6/6 5815/6/6 5825/6/6
f 5818/4/6 5819/4/6 5826/4/6
f 5817/4/6 5818/4/6 5826/4/6
f 5826/4/6 5819/4/6 5827/4/6
f 5819/6/6 5820/6/6 5828/6/6
f 5827/4/6 5819/4/6 5828/4/6
f 5820/6/6 5821/6/6 5828/6/6
f 5828/6/6 5821/6/6 5829/6/6
f 5821/7/6 5822/7/6 5830/7/6
f 5829/6/6 5821/6/6 5830/6/6
f 5822/5/6 5823/5/6 5831/5/6
f 5830/7/6 5822/7/6 5831/7/6
f 5831/5/6 5823/5/6 5832/5/6
f 5828/4/6 5829/4/6 5837/4/6
f 5827/4/6 5828/4/6 5837/4/6
f 5837/4/6 5829/4/6 5838/4/6
f 5829/6/6 5830/6/6 5839/6/6
f 5838/4/6 5829/4/6 5839/4/6
f 5830/6/6 5831/6/6 5839/6/6
f 5839/6/6 5831/6/6 5840/6/6
f 5832/7/6 5833/7/6 5841/7/6
f 5840/6/6 5831/6/6 5841/6/6
f 5831/7/6 5832/7/6 5841/7/6
f 5841/7/6 5833/7/6 5842/7/6
f 5833/6/6 5834/6/6 5843/6/6
f 5842/7/6 5833/7/6 5843/7/6
f 5843/6/6 5834/6/6 5844/6/6
f 5839/4/6 5840/4/6 5846/4/6
f 5838/4/6 5839/4/6 5846/4/6
f 5846/4/6 5840/4/6 5847/4/6
f 5840/5/6 5841/5/6 5848/5/6
f 5847/4/6 5840/4/6 5848/4/6
f 5841/6/6 5842/6/6 5849/6/6
f 5848/5/6 5841/5/6 5849/5/6
f 5843/7/6 5844/7/6 5850/7/6
f 5849/6/6 5842/6/6 5850/6/6
f 5842/7/6 5843/7/6 5850/7/6
f 5850/7/6 5844/7/6 5851/7/6
f 5844/5/6 5845/5/6 5852/5/6
f 5851/7/6 5844/7/6 5852/7/6
f 5852/5/6 5845/5/6 5853/5/6
f 5847/4/6 5848/4/6 5855/4/6
f 5848/4/6 5849/4/6 5855/4/6
f 5849/4/6 5850/4/6 5855/4/6
f 5855/4/6 5850/4/6 5856/4/6
f 5850/6/6 5851/6/6 5857/6/6
f 5856/4/6 5850/4/6 5857/4/6
f 5851/5/6 5852/5/6 5858/5/6
f 5857/6/6 5851/6/6 5858/6/6
f 5853/7/6 5854/7/6 5859/7/6
f 5858/5/6 5852/5/6 5859/5/6
f 5852/7/6 5853/7/6 5859/7/6
f 5859/7/6 5854/7/6 5860/7/6
f 5860/7/6 5854/7/6 5861/7/6
f 5857/4/6 5858/4/6 5863/4/6
f 5856/4/6 5857/4/6 5863/4/6
f 5863/4/6 5858/4/6 5864/4/6
f 5859/6/6 5860/6/6 5865/6/6
f 5864/4/6 5858/4/6 5865/4/6
f 5858/6/6 5859/6/6 5865/6/6
f 5865/6/6 5860/6/6 5866/6/6
f 5860/5/6 5861/5/6 5867/5/6
f 5866/6/6 5860/6/6 5867/6/6
f 5861/7/6 5862/7/6 5868/7/6
f 5867/5/6 5861/5/6 5868/5/6
f 5868/7/6 5862/7/6 5869/7/6
f 5732/4/6 5733/4/6 5873/4/6
f 5873/4/6 5733/4/6 5874/4/6
f 5718/13/6 5719/13/6 5875/13/6
f 5875/13/6 5719/13/6 5876/13/6
f 5835/13/6 5836/13/6 5879/13/6
f 5879/13/6 5836/13/6 5880/13/6
f 5865/4/6 5866/4/6 5881/4/6
f 5864/4/6 5865/4/6 5881/4/6
f 5881/4/6 5866/4/6 5882/4/6
f 5866/7/6 5867/7/6 5883/7/6
f 5882/4/6 5866/4/6 5883/4/6
f 5867/6/6 5868/6/6 5884/6/6
f 5883/7/6 5867/7/6 5884/7/6
f 5868/6/6 5869/6/6 5884/6/6
f 5884/6/6 5869/6/6 5885/6/6
f 5869/7/6 5870/7/6 5886/7/6
f 5885/6/6 5869/6/6 5886/6/6
f 5870/5/6 5871/5/6 5887/5/6
f 5886/7/6 5870/7/6 5887/7/6
f 5871/6/6 5872/6/6 5888/6/6
f 5887/5/6 5871/5/6 5888/5/6
f 5888/6/6 5872/6/6 5889/6/6
f 5873/6/6 5874/6/6 5894/6/6
f 5894/6/6 5874/6/6 5895/6/6
f 5876/13/6 5877/13/6 5896/13/6
f 5896/13/6 5877/13/6 5897/13/6
f 5897/13/6 5877/13/6 5898/13/6
f 5898/13/6 5877/13/6 5899/13/6
f 5878/13/6 5879/13/6 5900/13/6
f 5900/13/6 5879/13/6 5901/13/6
f 5882/4/6 5883/4/6 5902/4/6
f 5884/4/6 5885/4/6 5902/4/6
f 5883/4/6 5884/4/6 5902/4/6
f 5902/4/6 5885/4/6 5903/4/6
f 5885/5/6 5886/5/6 5904/5/6
f 5903/4/6 5885/4/6 5904/4/6
f 5886/6/6 5887/6/6 5905/6/6
f 5904/5/6 5886/5/6 5905/5/6
f 5905/6/6 5887/6/6 5906/6/6
f 5887/5/6 5888/5/6 5907/5/6
f 5906/6/6 5887/6/6 5907/6/6
f 5888/7/6 5889/7/6 5908/7/6
f 5907/5/6 5888/5/6 5908/5/6
f 5889/7/6 5890/7/6 5908/7/6
f 5890/5/6 5891/5/6 5909/5/6
f 5908/7/6 5890/7/6 5909/7/6
f 5891/6/6 5892/6/6 5910/6/6
f 5909/5/6 5891/5/6 5910/5/6
f 5910/6/6 5892/6/6 5911/6/6
f 5894/5/6 5895/5/6 5914/5/6
f 5893/5/6 5894/5/6 5914/5/6
f 5914/5/6 5895/5/6 5915/5/6
f 5915/5/6 5895/5/6 5916/5/6
f 5897/4/6 5898/4/6 5922/4/6
f 5824/4/6 5825/4/6 5932/4/6
f 5825/4/6 5592/4/6 5933/4/6
f 5932/4/6 5825/4/6 5933/4/6
f 5903/4/6 5904/4/6 5934/4/6
f 5905/4/6 5906/4/6 5934/4/6
f 5904/4/6 5905/4/6 5934/4/6
f 5934/4/6 5906/4/6 5935/4/6
f 5906/5/6 5907/5/6 5936/5/6
f 5935/4/6 5906/4/6 5936/4/6
f 5908/6/6 5909/6/6 5937/6/6
f 5936/5/6 5907/5/6 5937/5/6
f 5907/6/6 5908/6/6 5937/6/6
f 5937/6/6 5909/6/6 5938/6/6
f 5938/6/6 5909/6/6 5939/6/6
f 5909/5/6 5910/5/6 5940/5/6
f 5939/6/6 5909/6/6 5940/6/6
f 5911/7/6 5912/7/6 5941/7/6
f 5940/5/6 5910/5/6 5941/5/6
f 5910/7/6 5911/7/6 5941/7/6
f 5912/5/6 5913/5/6 5942/5/6
f 5941/7/6 5912/7/6 5942/7/6
f 5942/5/6 5913/5/6 5943/5/6
f 5913/6/6 5914/6/6 5944/6/6
f 5943/5/6 5913/5/6 5944/5/6
f 5914/5/6 5915/5/6 5945/5/6
f 5944/6/6 5914/6/6 5945/6/6
f 5915/7/6 5916/7/6 5946/7/6
f 5945/5/6 5915/5/6 5946/5/6
f 5916/4/6 5917/4/6 5947/4/6
f 5946/7/6 5916/7/6 5947/7/6
f 5947/4/6 5917/4/6 5948/4/6
f 5918/4/6 5919/4/6 5949/4/6
f 5949/4/6 5919/4/6 5950/4/6
f 5920/4/6 5921/4/6 5951/4/6
f 5951/4/6 5921/4/6 5952/4/6
f 5897/4/6 5922/4/6 5953/4/6
f 5922/4/6 5923/4/6 5953/4/6
f 5923/5/6 5924/5/6 5954/5/6
f 5953/4/6 5923/4/6 5954/4/6
f 5924/6/6 5925/6/6 5955/6/6
f 5954/5/6 5924/5/6 5955/5/6
f 5925/21/6 5926/21/6 5956/21/6
f 5955/6/6 5925/6/6 5956/6/6
f 5956/21/6 5926/21/6 5957/21/6
f 5927/21/6 5928/21/6 5958/21/6
f 5928/6/6 5929/6/6 5959/6/6
f 5958/21/6 5928/21/6 5959/21/6
f 5929/5/6 5930/5/6 5960/5/6
f 5959/6/6 5929/6/6 5960/6/6
f 5960/5/6 5930/5/6 5961/5/6
f 5930/7/6 5931/7/6 5962/7/6
f 5961/5/6 5930/5/6 5962/5/6
f 5962/7/6 5931/7/6 5963/7/6
f 5963/7/6 5931/7/6 5964/7/6
f 5931/6/6 5932/6/6 5965/6/6
f 5964/7/6 5931/7/6 5965/7/6
f 5932/6/6 5933/6/6 5965/6/6
f 5965/6/6 5933/6/6 5966/6/6
f 5933/4/6 5592/4/6 5967/4/6
f 5966/6/6 5933/6/6 5967/6/6
f 5935/4/6 5936/4/6 5968/4/6
f 5937/4/6 5938/4/6 5968/4/6
f 5936/4/6 5937/4/6 5968/4/6
f 5968/4/6 5938/4/6 5969/4/6
f 5938/5/6 5939/5/6 5970/5/6
f 5969/4/6 5938/4/6 5970/4/6
f 5940/6/6 5941/6/6 5971/6/6
f 5970/5/6 5939/5/6 5971/5/6
f 5939/6/6 5940/6/6 5971/6/6
f 5941/6/6 5942/6/6 5971/6/6
f 5942/5/6 5943/5/6 5972/5/6
f 5971/6/6 5942/6/6 5972/6/6
f 5958/7/6 5959/7/6 5973/7/6
f 5972/5/6 5943/5/6 5973/5/6
f 5960/7/6 5961/7/6 5973/7/6
f 5957/7/6 5958/7/6 5973/7/6
f 5955/7/6 5956/7/6 5973/7/6
f 5949/7/6 5950/7/6 5973/7/6
f 5956/7/6 5957/7/6 5973/7/6
f 5948/7/6 5949/7/6 5973/7/6
f 5943/7/6 5944/7/6 5973/7/6
f 5946/7/6 5947/7/6 5973/7/6
f 5959/7/6 5960/7/6 5973/7/6
f 5944/7/6 5945/7/6 5973/7/6
f 5954/7/6 5955/7/6 5973/7/6
f 5953/7/6 5954/7/6 5973/7/6
f 5952/7/6 5953/7/6 5973/7/6
f 5950/7/6 5951/7/6 5973/7/6
f 5951/7/6 5952/7/6 5973/7/6
f 5947/7/6 5948/7/6 5973/7/6
f 5945/7/6 5946/7/6 5973/7/6
f 5973/7/6 5961/7/6 5974/7/6
f 5974/7/6 5961/7/6 5975/7/6
f 5975/7/6 5961/7/6 5976/7/6
f 5962/5/6 5963/5/6 5977/5/6
f 5976/7/6 5961/7/6 5977/7/6
f 5961/5/6 5962/5/6 5977/5/6
f 5977/5/6 5963/5/6 5978/5/6
f 5963/6/6 5964/6/6 5979/6/6
f 5978/5/6 5963/5/6 5979/5/6
f 5979/6/6 5964/6/6 5980/6/6
f 5964/4/6 5965/4/6 5981/4/6
f 5980/6/6 5964/6/6 5981/6/6
f 5965/6/6 5966/6/6 5982/6/6
f 5981/4/6 5965/4/6 5982/4/6
f 5966/7/6 5967/7/6 5983/7/6
f 5982/6/6 5966/6/6 5983/6/6
f 5971/4/6 5972/4/6 5984/4/6
f 5969/4/6 5970/4/6 5984/4/6
f 5970/4/6 5971/4/6 5984/4/6
f 5984/4/6 5972/4/6 5985/4/6
f 5972/5/6 5973/5/6 5986/5/6
f 5985/4/6 5972/4/6 5986/4/6
f 5973/5/6 5974/5/6 5986/5/6
f 5974/6/6 5975/6/6 5987/6/6
f 5986/5/6 5974/5/6 5987/5/6
f 5975/4/6 5976/4/6 5988/4/6
f 5987/6/6 5975/6/6 5988/6/6
f 5977/6/6 5978/6/6 5989/6/6
f 5988/4/6 5976/4/6 5989/4/6
f 5976/6/6 5977/6/6 5989/6/6
f 5978/5/6 5979/5/6 5990/5/6
f 5989/6/6 5978/6/6 5990/6/6
f 5979/5/6 5980/5/6 5990/5/6
f 5980/7/6 5981/7/6 5991/7/6
f 5990/5/6 5980/5/6 5991/5/6
f 5982/7/6 5983/7/6 5991/7/6
f 5981/7/6 5982/7/6 5991/7/6
f 5983/7/6 5967/7/6 5992/7/6
f 5991/7/6 5983/7/6 5992/7/6
f 5967/4/6 5592/4/6 5992/4/6
f 5990/4/6 5991/4/6 5993/4/6
f 5987/4/6 5988/4/6 5993/4/6
f 5991/4/6 5992/4/6 5993/4/6
f 5988/4/6 5989/4/6 5993/4/6
f 5989/4/6 5990/4/6 5993/4/6
f 5985/4/6 5986/4/6 5993/4/6
f 5986/4/6 5987/4/6 5993/4/6
f 5992/4/6 5592/4/6 5994/4/6
f 5993/4/6 5992/4/6 5994/4/6
f 5995/4/6 5996/4/6 6000/4/6
f 6000/4/6 5996/4/6 6001/4/6
f 5997/14/6 5998/14/6 6003/14/6
f 6003/14/6 5998/14/6 6004/14/6
f 6004/14/6 5998/14/6 6005/14/6
f 6005/14/6 5998/14/6 6006/14/6
f 6002/14/6 6003/14/6 6009/14/6
f 6003/9/6 6004/9/6 6010/9/6
f 6009/14/6 6003/14/6 6010/14/6
f 6004/8/6 6005/8/6 6011/8/6
f 6010/9/6 6004/9/6 6011/9/6
f 6005/18/6 6006/18/6 6012/18/6
f 6011/8/6 6005/8/6 6012/8/6
f 6006/14/6 6007/14/6 6013/14/6
f 6012/18/6 6006/18/6 6013/18/6
f 6013/14/6 6007/14/6 6014/14/6
f 6008/14/6 6009/14/6 6016/14/6
f 6009/9/6 6010/9/6 6016/9/6
f 6011/16/6 6012/16/6 6017/16/6
f 6016/9/6 6010/9/6 6017/9/6
f 6010/16/6 6011/16/6 6017/16/6
f 6012/16/6 6013/16/6 6017/16/6
f 6013/9/6 6014/9/6 6018/9/6
f 6017/16/6 6013/16/6 6018/16/6
f 6014/14/6 6015/14/6 6019/14/6
f 6018/9/6 6014/9/6 6019/9/6
f 6008/14/6 6016/14/6 6020/14/6
f 6016/8/6 6017/8/6 6020/8/6
f 6017/16/6 6018/16/6 6021/16/6
f 6020/8/6 6017/8/6 6021/8/6
f 6018/8/6 6019/8/6 6022/8/6
f 6021/16/6 6018/16/6 6022/16/6
f 6019/14/6 6015/14/6 6023/14/6
f 6022/8/6 6019/8/6 6023/8/6
f 6008/14/6 6020/14/6 6024/14/6
f 6020/9/6 6021/9/6 6025/9/6
f 6024/14/6 6020/14/6 6025/14/6
f 6021/16/6 6022/16/6 6026/16/6
f 6025/9/6 6021/9/6 6026/9/6
f 6026/16/6 6022/16/6 6027/16/6
f 6027/16/6 6022/16/6 6028/16/6
f 6022/9/6 6023/9/6 6029/9/6
f 6028/16/6 6022/16/6 6029/16/6
f 6023/14/6 6015/14/6 6030/14/6
f 6029/9/6 6023/9/6 6030/9/6
f 6030/14/6 6015/14/6 6031/14/6
f 6025/14/6 6026/14/6 6032/14/6
f 6026/9/6 6027/9/6 6033/9/6
f 6032/14/6 6026/14/6 6033/14/6
f 6027/8/6 6028/8/6 6034/8/6
f 6033/9/6 6027/9/6 6034/9/6
f 6028/9/6 6029/9/6 6035/9/6
f 6034/8/6 6028/8/6 6035/8/6
f 6029/21/6 6030/21/6 6036/21/6
f 6035/9/6 6029/9/6 6036/9/6
f 6036/21/6 6030/21/6 6037/21/6
f 6033/14/6 6034/14/6 6038/14/6
f 6035/14/6 6036/14/6 6038/14/6
f 6034/14/6 6035/14/6 6038/14/6
f 6038/14/6 6036/14/6 6039/14/6
f 6040/11/6 6041/11/6 6049/11/6
f 6041/14/6 6042/14/6 6050/14/6
f 6049/11/6 6041/11/6 6050/11/6
f 6042/19/6 6043/19/6 6051/19/6
f 6050/14/6 6042/14/6 6051/14/6
f 6043/12/6 6044/12/6 6052/12/6
f 6051/19/6 6043/19/6 6052/19/6
f 6044/19/6 6045/19/6 6053/19/6
f 6052/12/6 6044/12/6 6053/12/6
f 6045/14/6 6046/14/6 6054/14/6
f 6053/19/6 6045/19/6 6054/19/6
f 6046/21/6 6047/21/6 6055/21/6
f 6054/14/6 6046/14/6 6055/14/6
f 6055/21/6 6047/21/6 6056/21/6
f 6048/19/6 6049/19/6 6058/19/6
f 6049/19/6 6050/19/6 6058/19/6
f 6058/19/6 6050/19/6 6059/19/6
f 6050/8/6 6051/8/6 6060/8/6
f 6059/19/6 6050/19/6 6060/19/6
f 6053/16/6 6054/16/6 6061/16/6
f 6060/8/6 6051/8/6 6061/8/6
f 6052/16/6 6053/16/6 6061/16/6
f 6051/16/6 6052/16/6 6061/16/6
f 6054/8/6 6055/8/6 6062/8/6
f 6061/16/6 6054/16/6 6062/16/6
f 6055/19/6 6056/19/6 6063/19/6
f 6062/8/6 6055/8/6 6063/8/6
f 6056/14/6 6057/14/6 6064/14/6
f 6063/19/6 6056/19/6 6064/19/6
f 6064/14/6 6057/14/6 6065/14/6
f 6058/21/6 6059/21/6 6068/21/6
f 6059/17/6 6060/17/6 6069/17/6
f 6068/21/6 6059/21/6 6069/21/6
f 6062/16/6 6063/16/6 6070/16/6
f 6069/17/6 6060/17/6 6070/17/6
f 6061/16/6 6062/16/6 6070/16/6
f 6060/16/6 6061/16/6 6070/16/6
f 6063/17/6 6064/17/6 6071/17/6
f 6070/16/6 6063/16/6 6071/16/6
f 6065/21/6 6066/21/6 6072/21/6
f 6071/17/6 6064/17/6 6072/17/6
f 6064/21/6 6065/21/6 6072/21/6
f 6072/21/6 6066/21/6 6073/21/6
f 6073/21/6 6066/21/6 6074/21/6
f 6067/20/6 6068/20/6 6075/20/6
f 6068/9/6 6069/9/6 6076/9/6
f 6075/20/6 6068/20/6 6076/20/6
f 6070/16/6 6071/16/6 6077/16/6
f 6076/9/6 6069/9/6 6077/9/6
f 6069/16/6 6070/16/6 6077/16/6
f 6071/16/6 6072/16/6 6077/16/6
f 6072/9/6 6073/9/6 6078/9/6
f 6077/16/6 6072/16/6 6078/16/6
f 6073/14/6 6074/14/6 6079/14/6
f 6078/9/6 6073/9/6 6079/9/6
f 6075/14/6 6076/14/6 6080/14/6
f 6076/8/6 6077/8/6 6081/8/6
f 6080/14/6 6076/14/6 6081/14/6
f 6077/16/6 6078/16/6 6082/16/6
f 6081/8/6 6077/8/6 6082/8/6
f 6078/8/6 6079/8/6 6083/8/6
f 6082/16/6 6078/16/6 6083/16/6
f 6079/14/6 6074/14/6 6084/14/6
f 6083/8/6 6079/8/6 6084/8/6
f 6080/20/6 6081/20/6 6085/20/6
f 6081/9/6 6082/9/6 6086/9/6
f 6085/20/6 6081/20/6 6086/20/6
f 6082/16/6 6083/16/6 6087/16/6
f 6086/9/6 6082/9/6 6087/9/6
f 6087/16/6 6083/16/6 6088/16/6
f 6088/16/6 6083/16/6 6089/16/6
f 6083/9/6 6084/9/6 6090/9/6
f 6089/16/6 6083/16/6 6090/16/6
f 6084/14/6 6074/14/6 6091/14/6
f 6090/9/6 6084/9/6 6091/9/6
f 6091/14/6 6074/14/6 6092/14/6
f 6086/21/6 6087/21/6 6093/21/6
f 6087/17/6 6088/17/6 6094/17/6
f 6093/21/6 6087/21/6 6094/21/6
f 6088/16/6 6089/16/6 6095/16/6
f 6094/17/6 6088/17/6 6095/17/6
f 6095/16/6 6089/16/6 6096/16/6
f 6096/16/6 6089/16/6 6097/16/6
f 6089/17/6 6090/17/6 6098/17/6
f 6097/16/6 6089/16/6 6098/16/6
f 6091/21/6 6092/21/6 6099/21/6
f 6098/17/6 6090/17/6 6099/17/6
f 6090/21/6 6091/21/6 6099/21/6
f 6099/21/6 6092/21/6 6100/21/6
f 6100/21/6 6092/21/6 6101/21/6
f 6093/19/6 6094/19/6 6102/19/6
f 6094/19/6 6095/19/6 6102/19/6
f 6102/19/6 6095/19/6 6103/19/6
f 6095/8/6 6096/8/6 6104/8/6
f 6103/19/6 6095/19/6 6104/19/6
f 6096/16/6 6097/16/6 6105/16/6
f 6104/8/6 6096/8/6 6105/8/6
f 6105/16/6 6097/16/6 6106/16/6
f 6106/16/6 6097/16/6 6107/16/6
f 6097/8/6 6098/8/6 6108/8/6
f 6107/16/6 6097/16/6 6108/16/6
f 6098/19/6 6099/19/6 6109/19/6
f 6108/8/6 6098/8/6 6109/8/6
f 6099/14/6 6100/14/6 6110/14/6
f 6109/19/6 6099/19/6 6110/19/6
f 6110/14/6 6100/14/6 6111/14/6
f 6103/11/6 6104/11/6 6114/11/6
f 6104/14/6 6105/14/6 6115/14/6
f 6114/11/6 6104/11/6 6115/11/6
f 6105/19/6 6106/19/6 6116/19/6
f 6115/14/6 6105/14/6 6116/14/6
f 6106/12/6 6107/12/6 6117/12/6
f 6116/19/6 6106/19/6 6117/19/6
f 6107/19/6 6108/19/6 6118/19/6
f 6117/12/6 6107/12/6 6118/12/6
f 6108/14/6 6109/14/6 6119/14/6
f 6118/19/6 6108/19/6 6119/19/6
f 6109/21/6 6110/21/6 6120/21/6
f 6119/14/6 6109/14/6 6120/14/6
f 6120/21/6 6110/21/6 6121/21/6
f 6112/14/6 6113/14/6 6123/14/6
f 6123/14/6 6113/14/6 6124/14/6
f 6124/14/6 6113/14/6 6125/14/6
f 6125/14/6 6113/14/6 6126/14/6
f 6122/14/6 6123/14/6 6129/14/6
f 6123/9/6 6124/9/6 6130/9/6
f 6129/14/6 6123/14/6 6130/14/6
f 6124/8/6 6125/8/6 6131/8/6
f 6130/9/6 6124/9/6 6131/9/6
f 6125/18/6 6126/18/6 6132/18/6
f 6131/8/6 6125/8/6 6132/8/6
f 6126/14/6 6127/14/6 6133/14/6
f 6132/18/6 6126/18/6 6133/18/6
f 6133/14/6 6127/14/6 6134/14/6
f 6128/14/6 6129/14/6 6136/14/6
f 6129/9/6 6130/9/6 6136/9/6
f 6131/16/6 6132/16/6 6137/16/6
f 6136/9/6 6130/9/6 6137/9/6
f 6130/16/6 6131/16/6 6137/16/6
f 6132/16/6 6133/16/6 6137/16/6
f 6133/9/6 6134/9/6 6138/9/6
f 6137/16/6 6133/16/6 6138/16/6
f 6134/14/6 6135/14/6 6139/14/6
f 6138/9/6 6134/9/6 6139/9/6
f 6128/14/6 6136/14/6 6140/14/6
f 6136/8/6 6137/8/6 6140/8/6
f 6137/16/6 6138/16/6 6141/16/6
f 6140/8/6 6137/8/6 6141/8/6
f 6138/8/6 6139/8/6 6142/8/6
f 6141/16/6 6138/16/6 6142/16/6
f 6139/14/6 6135/14/6 6143/14/6
f 6142/8/6 6139/8/6 6143/8/6
f 6128/14/6 6140/14/6 6144/14/6
f 6140/9/6 6141/9/6 6145/9/6
f 6144/14/6 6140/14/6 6145/14/6
f 6141/16/6 6142/16/6 6146/16/6
f 6145/9/6 6141/9/6 6146/9/6
f 6146/16/6 6142/16/6 6147/16/6
f 6147/16/6 6142/16/6 6148/16/6
f 6142/9/6 6143/9/6 6149/9/6
f 6148/16/6 6142/16/6 6149/16/6
f 6143/14/6 6135/14/6 6150/14/6
f 6149/9/6 6143/9/6 6150/9/6
f 6150/14/6 6135/14/6 6151/14/6
f 5999/4/6 6000/4/6 6152/4/6
f 6152/4/6 6000/4/6 6153/4/6
f 6145/21/6 6146/21/6 6155/21/6
f 6146/9/6 6147/9/6 6156/9/6
f 6155/21/6 6146/21/6 6156/21/6
f 6147/8/6 6148/8/6 6157/8/6
f 6156/9/6 6147/9/6 6157/9/6
f 6148/9/6 6149/9/6 6158/9/6
f 6157/8/6 6148/8/6 6158/8/6
f 6149/14/6 6150/14/6 6159/14/6
f 6158/9/6 6149/9/6 6159/9/6
f 6159/14/6 6150/14/6 6160/14/6
f 6153/4/6 6154/4/6 6161/4/6
f 6161/4/6 6154/4/6 6162/4/6
f 6157/14/6 6158/14/6 6163/14/6
f 6156/14/6 6157/14/6 6163/14/6
f 6158/14/6 6159/14/6 6163/14/6
f 6163/14/6 6159/14/6 6164/14/6
f 6165/4/6 6166/4/6 6168/4/6
f 6168/4/6 6166/4/6 6169/4/6
f 6170/21/6 6171/21/6 6175/21/6
f 6171/14/6 6172/14/6 6176/14/6
f 6175/21/6 6171/21/6 6176/21/6
f 6176/14/6 6172/14/6 6177/14/6
f 6177/14/6 6172/14/6 6178/14/6
f 6178/14/6 6172/14/6 6179/14/6
f 6179/14/6 6172/14/6 6180/14/6
f 6172/21/6 6173/21/6 6181/21/6
f 6180/14/6 6172/14/6 6181/14/6
f 6181/21/6 6173/21/6 6182/21/6
f 6174/14/6 6175/14/6 6185/14/6
f 6175/14/6 6176/14/6 6185/14/6
f 6185/14/6 6176/14/6 6186/14/6
f 6176/20/6 6177/20/6 6187/20/6
f 6186/14/6 6176/14/6 6187/14/6
f 6177/10/6 6178/10/6 6188/10/6
f 6187/20/6 6177/20/6 6188/20/6
f 6178/8/6 6179/8/6 6189/8/6
f 6188/10/6 6178/10/6 6189/10/6
f 6179/10/6 6180/10/6 6190/10/6
f 6189/8/6 6179/8/6 6190/8/6
f 6180/20/6 6181/20/6 6191/20/6
f 6190/10/6 6180/10/6 6191/10/6
f 6182/14/6 6183/14/6 6192/14/6
f 6191/20/6 6181/20/6 6192/20/6
f 6181/14/6 6182/14/6 6192/14/6
f 6192/14/6 6183/14/6 6193/14/6
f 6193/14/6 6183/14/6 6194/14/6
f 6184/14/6 6185/14/6 6197/14/6
f 6185/14/6 6186/14/6 6197/14/6
f 6197/14/6 6186/14/6 6198/14/6
f 6186/9/6 6187/9/6 6199/9/6
f 6198/14/6 6186/14/6 6199/14/6
f 6188/16/6 6189/16/6 6200/16/6
f 6199/9/6 6187/9/6 6200/9/6
f 6190/16/6 6191/16/6 6200/16/6
f 6187/16/6 6188/16/6 6200/16/6
f 6189/16/6 6190/16/6 6200/16/6
f 6191/16/6 6192/16/6 6200/16/6
f 6192/9/6 6193/9/6 6201/9/6
f 6200/16/6 6192/16/6 6201/16/6
f 6194/14/6 6195/14/6 6202/14/6
f 6201/9/6 6193/9/6 6202/9/6
f 6193/14/6 6194/14/6 6202/14/6
f 6202/14/6 6195/14/6 6203/14/6
f 6203/14/6 6195/14/6 6204/14/6
f 6196/14/6 6197/14/6 6206/14/6
f 6197/14/6 6198/14/6 6206/14/6
f 6198/9/6 6199/9/6 6207/9/6
f 6206/14/6 6198/14/6 6207/14/6
f 6200/16/6 6201/16/6 6208/16/6
f 6207/9/6 6199/9/6 6208/9/6
f 6199/16/6 6200/16/6 6208/16/6
f 6201/16/6 6202/16/6 6208/16/6
f 6202/18/6 6203/18/6 6209/18/6
f 6208/16/6 6202/16/6 6209/16/6
f 6204/14/6 6205/14/6 6210/14/6
f 6209/18/6 6203/18/6 6210/18/6
f 6203/14/6 6204/14/6 6210/14/6
f 6210/14/6 6205/14/6 6211/14/6
f 6196/14/6 6206/14/6 6213/14/6
f 6206/11/6 6207/11/6 6214/11/6
f 6213/14/6 6206/14/6 6214/14/6
f 6208/16/6 6209/16/6 6215/16/6
f 6214/11/6 6207/11/6 6215/11/6
f 6207/16/6 6208/16/6 6215/16/6
f 6209/16/6 6210/16/6 6215/16/6
f 6210/11/6 6211/11/6 6216/11/6
f 6215/16/6 6210/16/6 6216/16/6
f 6211/14/6 6205/14/6 6217/14/6
f 6216/11/6 6211/11/6 6217/11/6
f 6217/14/6 6205/14/6 6218/14/6
f 6212/21/6 6213/21/6 6220/21/6
f 6213/14/6 6214/14/6 6221/14/6
f 6220/21/6 6213/21/6 6221/21/6
f 6214/8/6 6215/8/6 6222/8/6
f 6221/14/6 6214/14/6 6222/14/6
f 6215/16/6 6216/16/6 6223/16/6
f 6222/8/6 6215/8/6 6223/8/6
f 6216/8/6 6217/8/6 6224/8/6
f 6223/16/6 6216/16/6 6224/16/6
f 6218/14/6 6219/14/6 6225/14/6
f 6224/8/6 6217/8/6 6225/8/6
f 6217/14/6 6218/14/6 6225/14/6
f 6225/14/6 6219/14/6 6226/14/6
f 6221/20/6 6222/20/6 6227/20/6
f 6220/14/6 6221/14/6 6227/14/6
f 6223/16/6 6224/16/6 6228/16/6
f 6227/20/6 6222/20/6 6228/20/6
f 6222/16/6 6223/16/6 6228/16/6
f 6224/16/6 6225/16/6 6228/16/6
f 6225/20/6 6226/20/6 6229/20/6
f 6228/16/6 6225/16/6 6229/16/6
f 6226/14/6 6219/14/6 6230/14/6
f 6229/20/6 6226/20/6 6230/20/6
f 6220/14/6 6227/14/6 6231/14/6
f 6227/12/6 6228/12/6 6231/12/6
f 6228/16/6 6229/16/6 6232/16/6
f 6231/12/6 6228/12/6 6232/12/6
f 6229/12/6 6230/12/6 6233/12/6
f 6232/16/6 6229/16/6 6233/16/6
f 6230/14/6 6219/14/6 6234/14/6
f 6233/12/6 6230/12/6 6234/12/6
f 6220/14/6 6231/14/6 6235/14/6
f 6231/20/6 6232/20/6 6236/20/6
f 6235/14/6 6231/14/6 6236/14/6
f 6232/16/6 6233/16/6 6237/16/6
f 6236/20/6 6232/20/6 6237/20/6
f 6237/16/6 6233/16/6 6238/16/6
f 6238/16/6 6233/16/6 6239/16/6
f 6233/20/6 6234/20/6 6240/20/6
f 6239/16/6 6233/16/6 6240/16/6
f 6234/14/6 6219/14/6 6241/14/6
f 6240/20/6 6234/20/6 6241/20/6
f 6235/21/6 6236/21/6 6242/21/6
f 6236/14/6 6237/14/6 6243/14/6
f 6242/21/6 6236/21/6 6243/21/6
f 6237/8/6 6238/8/6 6244/8/6
f 6243/14/6 6237/14/6 6244/14/6
f 6238/16/6 6239/16/6 6245/16/6
f 6244/8/6 6238/8/6 6245/8/6
f 6239/8/6 6240/8/6 6246/8/6
f 6245/16/6 6239/16/6 6246/16/6
f 6240/14/6 6241/14/6 6247/14/6
f 6246/8/6 6240/8/6 6247/8/6
f 6241/14/6 6219/14/6 6248/14/6
f 6247/14/6 6241/14/6 6248/14/6
f 6248/14/6 6219/14/6 6249/14/6
f 6244/11/6 6245/11/6 6250/11/6
f 6243/14/6 6244/14/6 6250/14/6
f 6245/16/6 6246/16/6 6251/16/6
f 6250/11/6 6245/11/6 6251/11/6
f 6251/16/6 6246/16/6 6252/16/6
f 6252/16/6 6246/16/6 6253/16/6
f 6246/11/6 6247/11/6 6254/11/6
f 6253/16/6 6246/16/6 6254/16/6
f 6247/14/6 6248/14/6 6255/14/6
f 6254/11/6 6247/11/6 6255/11/6
f 6243/14/6 6250/14/6 6256/14/6
f 6250/14/6 6251/14/6 6256/14/6
f 6256/14/6 6251/14/6 6257/14/6
f 6251/18/6 6252/18/6 6258/18/6
f 6257/14/6 6251/14/6 6258/14/6
f 6252/16/6 6253/16/6 6259/16/6
f 6258/18/6 6252/18/6 6259/18/6
f 6259/16/6 6253/16/6 6260/16/6
f 6260/16/6 6253/16/6 6261/16/6
f 6253/9/6 6254/9/6 6262/9/6
f 6261/16/6 6253/16/6 6262/16/6
f 6254/14/6 6255/14/6 6263/14/6
f 6262/9/6 6254/9/6 6263/9/6
f 6255/14/6 6248/14/6 6264/14/6
f 6263/14/6 6255/14/6 6264/14/6
f 6264/14/6 6248/14/6 6265/14/6
f 6257/14/6 6258/14/6 6266/14/6
f 6258/14/6 6259/14/6 6266/14/6
f 6266/14/6 6259/14/6 6267/14/6
f 6259/10/6 6260/10/6 6268/10/6
f 6267/14/6 6259/14/6 6268/14/6
f 6260/16/6 6261/16/6 6269/16/6
f 6268/10/6 6260/10/6 6269/10/6
f 6269/16/6 6261/16/6 6270/16/6
f 6270/16/6 6261/16/6 6271/16/6
f 6271/16/6 6261/16/6 6272/16/6
f 6272/16/6 6261/16/6 6273/16/6
f 6261/9/6 6262/9/6 6274/9/6
f 6273/16/6 6261/16/6 6274/16/6
f 6262/14/6 6263/14/6 6275/14/6
f 6274/9/6 6262/9/6 6275/9/6
f 6263/14/6 6264/14/6 6275/14/6
f 6275/14/6 6264/14/6 6276/14/6
f 6276/14/6 6264/14/6 6277/14/6
f 6267/14/6 6268/14/6 6278/14/6
f 6268/14/6 6269/14/6 6278/14/6
f 6278/14/6 6269/14/6 6279/14/6
f 6269/20/6 6270/20/6 6280/20/6
f 6279/14/6 6269/14/6 6280/14/6
f 6270/10/6 6271/10/6 6281/10/6
f 6280/20/6 6270/20/6 6281/20/6
f 6271/8/6 6272/8/6 6282/8/6
f 6281/10/6 6271/10/6 6282/10/6
f 6272/10/6 6273/10/6 6283/10/6
f 6282/8/6 6272/8/6 6283/8/6
f 6273/20/6 6274/20/6 6284/20/6
f 6283/10/6 6273/10/6 6284/10/6
f 6275/14/6 6276/14/6 6285/14/6
f 6284/20/6 6274/20/6 6285/20/6
f 6274/14/6 6275/14/6 6285/14/6
f 6285/14/6 6276/14/6 6286/14/6
f 6286/14/6 6276/14/6 6287/14/6
f 6279/21/6 6280/21/6 6288/21/6
f 6282/14/6 6283/14/6 6289/14/6
f 6288/21/6 6280/21/6 6289/21/6
f 6281/14/6 6282/14/6 6289/14/6
f 6284/14/6 6285/14/6 6289/14/6
f 6280/14/6 6281/14/6 6289/14/6
f 6283/14/6 6284/14/6 6289/14/6
f 6285/21/6 6286/21/6 6290/21/6
f 6289/14/6 6285/14/6 6290/14/6
f 6290/21/6 6286/21/6 6291/21/6
f 6167/4/6 6168/4/6 6292/4/6
f 6292/4/6 6168/4/6 6293/4/6
f 6293/4/6 6294/4/6 6295/4/6
f 6295/4/6 6294/4/6 6296/4/6
f 6297/4/6 6298/4/6 6300/4/6
f 6300/4/6 6298/4/6 6301/4/6
f 6299/4/6 6300/4/6 6302/4/6
f 6302/4/6 6300/4/6 6303/4/6
f 6303/4/6 6304/4/6 6305/4/6
f 6305/4/6 6304/4/6 6306/4/6
f 6307/4/6 6308/4/6 6310/4/6
f 6310/4/6 6308/4/6 6311/4/6
f 6312/4/6 6313/4/6 6314/4/6
f 6314/4/6 6313/4/6 6315/4/6
f 6309/4/6 6310/4/6 6318/4/6
f 6318/4/6 6310/4/6 6319/4/6
f 6316/4/6 6317/4/6 6321/4/6
f 6321/4/6 6317/4/6 6322/4/6
f 6319/4/6 6320/4/6 6323/4/6
f 6323/4/6 6320/4/6 6324/4/6
f 6325/4/6 6326/4/6 6331/4/6
f 6329/4/6 6330/4/6 6331/4/6
f 6328/4/6 6329/4/6 6331/4/6
f 6327/4/6 6328/4/6 6331/4/6
f 6326/4/6 6327/4/6 6331/4/6
f 6331/4/6 6330/4/6 6332/4/6
f 6325/4/6 6331/4/6 6333/4/6
f 6333/4/6 6331/4/6 6334/4/6
f 6335/4/6 6336/4/6 6337/4/6
f 6337/4/6 6336/4/6 6338/4/6
f 6339/4/6 6340/4/6 6341/4/6
f 6339/4/6 6341/4/6 6343/4/6
f 6341/4/6 6342/4/6 6343/4/6
f 6343/4/6 6342/4/6 6344/4/6
f 6344/4/6 6342/4/6 6345/4/6
f 6345/4/6 6342/4/6 6346/4/6
f 6346/4/6 6342/4/6 6347/4/6
f 6347/4/6 6342/4/6 6348/4/6
f 6349/4/6 6350/4/6 6355/4/6
f 6355/4/6 6350/4/6 6356/4/6
f 6351/4/6 6352/4/6 6357/4/6
f 6357/4/6 6352/4/6 6358/4/6
f 6353/4/6 6354/4/6 6359/4/6
f 6359/4/6 6354/4/6 6360/4/6
f 6361/4/6 6362/4/6 6367/4/6
f 6367/4/6 6362/4/6 6368/4/6
f 6363/4/6 6364/4/6 6369/4/6
f 6369/4/6 6364/4/6 6370/4/6
f 6365/4/6 6366/4/6 6371/4/6
f 6371/4/6 6366/4/6 6372/4/6
f 6373/4/6 6374/4/6 6375/4/6
f 6375/4/6 6374/4/6 6376/4/6
f 6377/4/6 6378/4/6 6379/4/6
f 6379/4/6 6378/4/6 6380/4/6
f 6381/1/6 6382/1/6 6383/1/6
f 6383/1/6 6382/1/6 6384/1/6
f 6385/1/6 6386/1/6 6387/1/6
f 6387/1/6 6386/1/6 6388/1/6
f 6389/1/6 6390/1/6 6391/1/6
f 6391/1/6 6390/1/6 6392/1/6
f 6392/1/6 6390/1/6 6393/1/6
f 6393/1/6 6390/1/6 6394/1/6
f 6392/1/6 6393/1/6 6395/1/6
f 6395/1/6 6393/1/6 6396/1/6
f 6394/1/6 6390/1/6 6397/1/6
f 6397/1/6 6390/1/6 6398/1/6
f 6399/1/6 6400/1/6 6403/1/6
f 6401/1/6 6402/1/6 6404/1/6
f 6399/1/6 6403/1/6 6405/1/6
f 6403/1/6 6404/1/6 6405/1/6
f 6404/1/6 6402/1/6 6406/1/6
f 6405/1/6 6404/1/6 6406/1/6
f 6407/1/6 6408/1/6 6411/1/6
f 6411/1/6 6408/1/6 6412/1/6
f 6409/1/6 6410/1/6 6413/1/6
f 6413/1/6 6410/1/6 6414/1/6
f 6407/1/6 6411/1/6 6415/1/6
f 6415/1/6 6411/1/6 6416/1/6
f 6414/1/6 6410/1/6 6417/1/6
f 6415/1/6 6416/1/6 6418/1/6
f 6418/1/6 6416/1/6 6419/1/6
f 6417/1/6 6410/1/6 6420/1/6
f 6418/1/6 6419/1/6 6421/1/6
f 6420/1/6 6410/1/6 6424/1/6
f 6421/1/6 6422/1/6 6425/1/6
f 6418/1/6 6421/1/6 6425/1/6
f 6425/1/6 6422/1/6 6426/1/6
f 6423/1/6 6424/1/6 6427/1/6
f 6424/1/6 6410/1/6 6428/1/6
f 6427/1/6 6424/1/6 6428/1/6
f 6429/14/6 6430/14/6 6432/14/6
f 6432/14/6 6430/14/6 6433/14/6
f 6431/14/6 6432/14/6 6436/14/6
f 6433/14/6 6434/14/6 6436/14/6
f 6432/14/6 6433/14/6 6436/14/6
f 6436/14/6 6434/14/6 6437/14/6
f 6437/14/6 6434/14/6 6438/14/6
f 6438/14/6 6434/14/6 6439/14/6
f 6439/14/6 6434/14/6 6440/14/6
f 6435/21/6 6436/21/6 6442/21/6
f 6436/14/6 6437/14/6 6443/14/6
f 6442/21/6 6436/21/6 6443/21/6
f 6437/17/6 6438/17/6 6444/17/6
f 6443/14/6 6437/14/6 6444/14/6
f 6438/16/6 6439/16/6 6445/16/6
f 6444/17/6 6438/17/6 6445/17/6
f 6439/14/6 6440/14/6 6446/14/6
f 6445/16/6 6439/16/6 6446/16/6
f 6440/21/6 6441/21/6 6447/21/6
f 6446/14/6 6440/14/6 6447/14/6
f 6447/21/6 6441/21/6 6448/21/6
f 6442/14/6 6443/14/6 6449/14/6
f 6443/8/6 6444/8/6 6450/8/6
f 6449/14/6 6443/14/6 6450/14/6
f 6445/16/6 6446/16/6 6451/16/6
f 6450/8/6 6444/8/6 6451/8/6
f 6444/16/6 6445/16/6 6451/16/6
f 6451/16/6 6446/16/6 6452/16/6
f 6452/16/6 6446/16/6 6453/16/6
f 6446/8/6 6447/8/6 6454/8/6
f 6453/16/6 6446/16/6 6454/16/6
f 6447/14/6 6448/14/6 6455/14/6
f 6454/8/6 6447/8/6 6455/8/6
f 6455/14/6 6448/14/6 6456/14/6
f 6449/21/6 6450/21/6 6457/21/6
f 6450/14/6 6451/14/6 6458/14/6
f 6457/21/6 6450/21/6 6458/21/6
f 6451/17/6 6452/17/6 6459/17/6
f 6458/14/6 6451/14/6 6459/14/6
f 6452/16/6 6453/16/6 6460/16/6
f 6459/17/6 6452/17/6 6460/17/6
f 6453/17/6 6454/17/6 6461/17/6
f 6460/16/6 6453/16/6 6461/16/6
f 6454/14/6 6455/14/6 6462/14/6
f 6461/17/6 6454/17/6 6462/17/6
f 6455/21/6 6456/21/6 6463/21/6
f 6462/14/6 6455/14/6 6463/14/6
f 6463/21/6 6456/21/6 6464/21/6
f 6459/14/6 6460/14/6 6465/14/6
f 6458/14/6 6459/14/6 6465/14/6
f 6462/14/6 6463/14/6 6465/14/6
f 6461/14/6 6462/14/6 6465/14/6
f 6460/14/6 6461/14/6 6465/14/6
f 6465/14/6 6463/14/6 6466/14/6
f 6466/14/6 6463/14/6 6467/14/6
f 6467/14/6 6463/14/6 6468/14/6
f 6466/14/6 6467/14/6 6469/14/6
f 6469/14/6 6467/14/6 6470/14/6
f 6471/4/6 6472/4/6 6474/4/6
f 6474/4/6 6472/4/6 6475/4/6
f 6473/4/6 6474/4/6 6478/4/6
f 6478/4/6 6474/4/6 6479/4/6
f 6475/4/6 6476/4/6 6480/4/6
f 6480/4/6 6476/4/6 6481/4/6
f 6477/4/6 6478/4/6 6483/4/6
f 6483/4/6 6478/4/6 6484/4/6
f 6481/4/6 6482/4/6 6487/4/6
f 6487/4/6 6482/4/6 6488/4/6
f 6484/4/6 6485/4/6 6489/4/6
f 6489/4/6 6485/4/6 6490/4/6
f 6486/4/6 6487/4/6 6491/4/6
f 6491/4/6 6487/4/6 6492/4/6
f 6490/4/6 6491/4/6 6493/4/6
f 6493/4/6 6491/4/6 6494/4/6
f 6495/4/6 6496/4/6 6498/4/6
f 6498/4/6 6496/4/6 6499/4/6
f 6497/4/6 6498/4/6 6501/4/6
f 6499/4/6 6500/4/6 6501/4/6
f 6498/4/6 6499/4/6 6501/4/6
f 6501/4/6 6500/4/6 6502/4/6
f 6502/4/6 6500/4/6 6503/4/6
f 6503/4/6 6500/4/6 6504/4/6
f 6502/4/6 6503/4/6 6505/4/6
f 6505/4/6 6503/4/6 6506/4/6
f 6507/4/6 6508/4/6 6509/4/6
f 6509/4/6 6508/4/6 6510/4/6
f 6511/4/6 6512/4/6 6513/4/6
f 6513/4/6 6512/4/6 6514/4/6
f 6515/4/6 6516/4/6 6517/4/6
f 6517/4/6 6516/4/6 6518/4/6
