# MagicaVoxel @ Ephtracy

# group
o 

# material
mtllib hulls-0.mtl
usemtl palette

# normals
vn -1 0 0
vn 1 0 0
vn 0 0 1
vn 0 0 -1
vn 0 -1 0
vn 0 1 0

# texcoords
vt 0.720703 0.5
vt 0.923828 0.5
vt 0.927734 0.5
vt 0.935547 0.5
vt 0.943359 0.5
vt 0.951172 0.5
vt 0.958984 0.5
vt 0.966797 0.5
vt 0.974609 0.5
vt 0.978516 0.5
vt 0.982422 0.5
vt 0.986328 0.5
vt 0.994141 0.5

# verts
v -2.7 2 5.5
v -2.7 2 5.3
v -2.7 2.1 5.5
v -2.7 2.1 5.3
v -2.7 3.3 5.5
v -2.7 3.3 5.3
v -2.7 3.4 5.5
v -2.7 3.4 5.3
v -2.6 2 5.7
v -2.6 2 5.5
v -2.6 2 5.3
v -2.6 2 5.1
v -2.6 2.1 5.7
v -2.6 2.1 5.5
v -2.6 2.1 5.3
v -2.6 2.1 5.1
v -2.6 3.2 5.6
v -2.6 3.2 5.2
v -2.6 3.3 5.6
v -2.6 3.3 5.5
v -2.6 3.3 5.3
v -2.6 3.3 5.2
v -2.6 3.4 5.7
v -2.6 3.4 5.5
v -2.6 3.4 5.3
v -2.6 3.4 5.1
v -2.6 3.5 5.7
v -2.6 3.5 5.1
v -2.5 2 5.8
v -2.5 2 5.7
v -2.5 2 5.1
v -2.5 2 5
v -2.5 2.1 5.8
v -2.5 2.1 5.7
v -2.5 2.1 5.1
v -2.5 2.1 5
v -2.5 3.1 5.7
v -2.5 3.1 5.1
v -2.5 3.2 5.8
v -2.5 3.2 5.7
v -2.5 3.2 5.6
v -2.5 3.2 5.2
v -2.5 3.2 5.1
v -2.5 3.2 5
v -2.5 3.3 5.8
v -2.5 3.3 5.7
v -2.5 3.3 5.6
v -2.5 3.3 5.5
v -2.5 3.3 5.3
v -2.5 3.3 5.2
v -2.5 3.3 5.1
v -2.5 3.3 5
v -2.5 3.4 5.8
v -2.5 3.4 5.7
v -2.5 3.4 5.5
v -2.5 3.4 5.3
v -2.5 3.4 5.1
v -2.5 3.4 5
v -2.5 3.5 5.8
v -2.5 3.5 5.7
v -2.5 3.5 5.1
v -2.5 3.5 5
v -2.4 2 5.9
v -2.4 2 5.8
v -2.4 2 5
v -2.4 2 4.9
v -2.4 2.1 5.9
v -2.4 2.1 5.8
v -2.4 2.1 5
v -2.4 2.1 4.9
v -2.4 2.9 5.7
v -2.4 2.9 5.1
v -2.4 3 5.8
v -2.4 3 5.7
v -2.4 3 5.1
v -2.4 3 5
v -2.4 3.1 5.9
v -2.4 3.1 5.8
v -2.4 3.1 5.7
v -2.4 3.1 5.1
v -2.4 3.1 5
v -2.4 3.1 4.9
v -2.4 3.2 5.9
v -2.4 3.2 5.8
v -2.4 3.2 5.7
v -2.4 3.2 5.1
v -2.4 3.2 5
v -2.4 3.2 4.9
v -2.4 3.4 5.9
v -2.4 3.4 5.8
v -2.4 3.4 5
v -2.4 3.4 4.9
v -2.4 3.5 5.9
v -2.4 3.5 5.8
v -2.4 3.5 5
v -2.4 3.5 4.9
v -2.3 2 6
v -2.3 2 5.9
v -2.3 2 4.9
v -2.3 2 4.8
v -2.3 2.1 6
v -2.3 2.1 5.9
v -2.3 2.1 4.9
v -2.3 2.1 4.8
v -2.3 2.7 5.7
v -2.3 2.7 5.1
v -2.3 2.8 5.8
v -2.3 2.8 5.7
v -2.3 2.8 5.1
v -2.3 2.8 5
v -2.3 2.9 5.9
v -2.3 2.9 5.8
v -2.3 2.9 5.7
v -2.3 2.9 5.1
v -2.3 2.9 5
v -2.3 2.9 4.9
v -2.3 3 6
v -2.3 3 5.9
v -2.3 3 5.8
v -2.3 3 5.7
v -2.3 3 5.1
v -2.3 3 5
v -2.3 3 4.9
v -2.3 3 4.8
v -2.3 3.1 6
v -2.3 3.1 5.9
v -2.3 3.1 5.8
v -2.3 3.1 5
v -2.3 3.1 4.9
v -2.3 3.1 4.8
v -2.3 3.4 6
v -2.3 3.4 5.9
v -2.3 3.4 4.9
v -2.3 3.4 4.8
v -2.3 3.5 6
v -2.3 3.5 5.9
v -2.3 3.5 4.9
v -2.3 3.5 4.8
v -2.2 2 6.1
v -2.2 2 6
v -2.2 2 4.8
v -2.2 2 4.7
v -2.2 2.1 6.1
v -2.2 2.1 6
v -2.2 2.1 4.8
v -2.2 2.1 4.7
v -2.2 2.7 5.8
v -2.2 2.7 5.7
v -2.2 2.7 5.1
v -2.2 2.7 5
v -2.2 2.8 5.9
v -2.2 2.8 5.8
v -2.2 2.8 5.7
v -2.2 2.8 5.1
v -2.2 2.8 5
v -2.2 2.8 4.9
v -2.2 2.9 6
v -2.2 2.9 5.9
v -2.2 2.9 5.8
v -2.2 2.9 5
v -2.2 2.9 4.9
v -2.2 2.9 4.8
v -2.2 3 6.1
v -2.2 3 6
v -2.2 3 5.9
v -2.2 3 4.9
v -2.2 3 4.8
v -2.2 3 4.7
v -2.2 3.1 6.1
v -2.2 3.1 6
v -2.2 3.1 5.9
v -2.2 3.1 4.9
v -2.2 3.1 4.8
v -2.2 3.1 4.7
v -2.2 3.2 6
v -2.2 3.2 5.9
v -2.2 3.2 5.8
v -2.2 3.2 5
v -2.2 3.2 4.9
v -2.2 3.2 4.8
v -2.2 3.3 5.9
v -2.2 3.3 5.8
v -2.2 3.3 5.7
v -2.2 3.3 5.1
v -2.2 3.3 5
v -2.2 3.3 4.9
v -2.2 3.4 5.8
v -2.2 3.4 5.7
v -2.2 3.4 5.1
v -2.2 3.4 5
v -2.1 2 6.2
v -2.1 2 6.1
v -2.1 2 4.7
v -2.1 2 4.6
v -2.1 2.1 6.2
v -2.1 2.1 6.1
v -2.1 2.1 4.7
v -2.1 2.1 4.6
v -2.1 2.6 5.7
v -2.1 2.6 5.1
v -2.1 2.7 5.9
v -2.1 2.7 5.8
v -2.1 2.7 5.7
v -2.1 2.7 5.6
v -2.1 2.7 5.2
v -2.1 2.7 5.1
v -2.1 2.7 5
v -2.1 2.7 4.9
v -2.1 2.8 6
v -2.1 2.8 5.9
v -2.1 2.8 5.8
v -2.1 2.8 5.7
v -2.1 2.8 5.6
v -2.1 2.8 5.2
v -2.1 2.8 5.1
v -2.1 2.8 5
v -2.1 2.8 4.9
v -2.1 2.8 4.8
v -2.1 2.9 6.1
v -2.1 2.9 6
v -2.1 2.9 5.9
v -2.1 2.9 4.9
v -2.1 2.9 4.8
v -2.1 2.9 4.7
v -2.1 3 6.2
v -2.1 3 6.1
v -2.1 3 6
v -2.1 3 4.8
v -2.1 3 4.7
v -2.1 3 4.6
v -2.1 3.1 6.2
v -2.1 3.1 6.1
v -2.1 3.1 6
v -2.1 3.1 4.8
v -2.1 3.1 4.7
v -2.1 3.1 4.6
v -2.1 3.2 6.1
v -2.1 3.2 6
v -2.1 3.2 5.9
v -2.1 3.2 4.9
v -2.1 3.2 4.8
v -2.1 3.2 4.7
v -2.1 3.3 6
v -2.1 3.3 5.9
v -2.1 3.3 5.8
v -2.1 3.3 5
v -2.1 3.3 4.9
v -2.1 3.3 4.8
v -2.1 3.4 5.9
v -2.1 3.4 5.8
v -2.1 3.4 5
v -2.1 3.4 4.9
v -2 2 6.3
v -2 2 6.2
v -2 2 4.6
v -2 2 4.5
v -2 2.1 6.3
v -2 2.1 6.2
v -2 2.1 4.6
v -2 2.1 4.5
v -2 2.5 5.5
v -2 2.5 5.3
v -2 2.6 5.9
v -2 2.6 5.7
v -2 2.6 5.5
v -2 2.6 5.3
v -2 2.6 5.1
v -2 2.6 4.9
v -2 2.7 6
v -2 2.7 5.9
v -2 2.7 5.8
v -2 2.7 5.7
v -2 2.7 5.1
v -2 2.7 5
v -2 2.7 4.9
v -2 2.7 4.8
v -2 2.8 6.1
v -2 2.8 6
v -2 2.8 5.9
v -2 2.8 4.9
v -2 2.8 4.8
v -2 2.8 4.7
v -2 2.9 6.2
v -2 2.9 6.1
v -2 2.9 6
v -2 2.9 4.8
v -2 2.9 4.7
v -2 2.9 4.6
v -2 3 6.3
v -2 3 6.2
v -2 3 6.1
v -2 3 4.7
v -2 3 4.6
v -2 3 4.5
v -2 3.1 6.3
v -2 3.1 6.2
v -2 3.1 6.1
v -2 3.1 4.7
v -2 3.1 4.6
v -2 3.1 4.5
v -2 3.2 6.2
v -2 3.2 6.1
v -2 3.2 6
v -2 3.2 4.8
v -2 3.2 4.7
v -2 3.2 4.6
v -2 3.3 6.1
v -2 3.3 6
v -2 3.3 5.9
v -2 3.3 4.9
v -2 3.3 4.8
v -2 3.3 4.7
v -2 3.4 6
v -2 3.4 5.9
v -2 3.4 4.9
v -2 3.4 4.8
v -1.9 2 6.4
v -1.9 2 6.3
v -1.9 2 4.5
v -1.9 2 4.4
v -1.9 2.1 6.4
v -1.9 2.1 6.3
v -1.9 2.1 4.5
v -1.9 2.1 4.4
v -1.9 2.4 5.5
v -1.9 2.4 5.3
v -1.9 2.5 5.6
v -1.9 2.5 5.5
v -1.9 2.5 5.3
v -1.9 2.5 5.2
v -1.9 2.6 6.1
v -1.9 2.6 6
v -1.9 2.6 5.9
v -1.9 2.6 5.6
v -1.9 2.6 5.5
v -1.9 2.6 5.3
v -1.9 2.6 5.2
v -1.9 2.6 4.9
v -1.9 2.6 4.8
v -1.9 2.6 4.7
v -1.9 2.7 6.2
v -1.9 2.7 6.1
v -1.9 2.7 6
v -1.9 2.7 5.9
v -1.9 2.7 4.9
v -1.9 2.7 4.8
v -1.9 2.7 4.7
v -1.9 2.7 4.6
v -1.9 2.8 6.3
v -1.9 2.8 6.2
v -1.9 2.8 6.1
v -1.9 2.8 6
v -1.9 2.8 4.8
v -1.9 2.8 4.7
v -1.9 2.8 4.6
v -1.9 2.8 4.5
v -1.9 2.9 6.4
v -1.9 2.9 6.3
v -1.9 2.9 6.2
v -1.9 2.9 6.1
v -1.9 2.9 4.7
v -1.9 2.9 4.6
v -1.9 2.9 4.5
v -1.9 2.9 4.4
v -1.9 3 6.4
v -1.9 3 6.3
v -1.9 3 6.2
v -1.9 3 4.6
v -1.9 3 4.5
v -1.9 3 4.4
v -1.8 2 6.5
v -1.8 2 6.4
v -1.8 2 4.4
v -1.8 2 4.3
v -1.8 2.1 6.5
v -1.8 2.1 6.4
v -1.8 2.1 4.4
v -1.8 2.1 4.3
v -1.8 2.3 5.5
v -1.8 2.3 5.3
v -1.8 2.4 5.6
v -1.8 2.4 5.5
v -1.8 2.4 5.3
v -1.8 2.4 5.2
v -1.8 2.5 5.8
v -1.8 2.5 5.6
v -1.8 2.5 5.5
v -1.8 2.5 5.3
v -1.8 2.5 5.2
v -1.8 2.5 5
v -1.8 2.6 6.2
v -1.8 2.6 6.1
v -1.8 2.6 5.8
v -1.8 2.6 5.6
v -1.8 2.6 5.2
v -1.8 2.6 5
v -1.8 2.6 4.7
v -1.8 2.6 4.6
v -1.8 2.7 6.3
v -1.8 2.7 6.2
v -1.8 2.7 6.1
v -1.8 2.7 4.7
v -1.8 2.7 4.6
v -1.8 2.7 4.5
v -1.8 2.8 6.4
v -1.8 2.8 6.3
v -1.8 2.8 6.2
v -1.8 2.8 4.6
v -1.8 2.8 4.5
v -1.8 2.8 4.4
v -1.8 2.9 6.5
v -1.8 2.9 6.4
v -1.8 2.9 6.3
v -1.8 2.9 4.5
v -1.8 2.9 4.4
v -1.8 2.9 4.3
v -1.8 3 6.5
v -1.8 3 6.4
v -1.8 3 6.3
v -1.8 3 4.5
v -1.8 3 4.4
v -1.8 3 4.3
v -1.8 3.1 6.4
v -1.8 3.1 6.3
v -1.8 3.1 6.2
v -1.8 3.1 4.6
v -1.8 3.1 4.5
v -1.8 3.1 4.4
v -1.8 3.2 6.3
v -1.8 3.2 6.2
v -1.8 3.2 6.1
v -1.8 3.2 4.7
v -1.8 3.2 4.6
v -1.8 3.2 4.5
v -1.8 3.3 6.2
v -1.8 3.3 6.1
v -1.8 3.3 4.7
v -1.8 3.3 4.6
v -1.7 2 6.6
v -1.7 2 6.5
v -1.7 2 4.3
v -1.7 2 4.2
v -1.7 2.1 6.6
v -1.7 2.1 6.5
v -1.7 2.1 4.3
v -1.7 2.1 4.2
v -1.7 2.4 5.8
v -1.7 2.4 5.6
v -1.7 2.4 5.2
v -1.7 2.4 5
v -1.7 2.5 6
v -1.7 2.5 5.8
v -1.7 2.5 5.6
v -1.7 2.5 5.2
v -1.7 2.5 5
v -1.7 2.5 4.8
v -1.7 2.6 6.3
v -1.7 2.6 6.2
v -1.7 2.6 6
v -1.7 2.6 5.8
v -1.7 2.6 5
v -1.7 2.6 4.8
v -1.7 2.6 4.6
v -1.7 2.6 4.5
v -1.7 2.7 6.4
v -1.7 2.7 6.3
v -1.7 2.7 6.2
v -1.7 2.7 4.6
v -1.7 2.7 4.5
v -1.7 2.7 4.4
v -1.7 2.8 6.5
v -1.7 2.8 6.4
v -1.7 2.8 6.3
v -1.7 2.8 4.5
v -1.7 2.8 4.4
v -1.7 2.8 4.3
v -1.7 2.9 6.6
v -1.7 2.9 6.5
v -1.7 2.9 6.4
v -1.7 2.9 4.4
v -1.7 2.9 4.3
v -1.7 2.9 4.2
v -1.7 3 6.6
v -1.7 3 6.5
v -1.7 3 6.4
v -1.7 3 4.4
v -1.7 3 4.3
v -1.7 3 4.2
v -1.7 3.1 6.5
v -1.7 3.1 6.4
v -1.7 3.1 6.3
v -1.7 3.1 4.5
v -1.7 3.1 4.4
v -1.7 3.1 4.3
v -1.7 3.2 6.4
v -1.7 3.2 6.3
v -1.7 3.2 6.2
v -1.7 3.2 4.6
v -1.7 3.2 4.5
v -1.7 3.2 4.4
v -1.7 3.3 6.3
v -1.7 3.3 6.2
v -1.7 3.3 4.6
v -1.7 3.3 4.5
v -1.6 2 6.7
v -1.6 2 6.6
v -1.6 2 4.2
v -1.6 2 4.1
v -1.6 2.1 6.7
v -1.6 2.1 6.6
v -1.6 2.1 4.2
v -1.6 2.1 4.1
v -1.6 2.2 5.5
v -1.6 2.2 5.3
v -1.6 2.3 5.7
v -1.6 2.3 5.5
v -1.6 2.3 5.3
v -1.6 2.3 5.1
v -1.6 2.4 5.9
v -1.6 2.4 5.8
v -1.6 2.4 5.7
v -1.6 2.4 5.5
v -1.6 2.4 5.3
v -1.6 2.4 5.1
v -1.6 2.4 5
v -1.6 2.4 4.9
v -1.6 2.5 6.2
v -1.6 2.5 6
v -1.6 2.5 5.9
v -1.6 2.5 5.8
v -1.6 2.5 5
v -1.6 2.5 4.9
v -1.6 2.5 4.8
v -1.6 2.5 4.6
v -1.6 2.6 6.4
v -1.6 2.6 6.3
v -1.6 2.6 6.2
v -1.6 2.6 6
v -1.6 2.6 4.8
v -1.6 2.6 4.6
v -1.6 2.6 4.5
v -1.6 2.6 4.4
v -1.6 2.7 6.5
v -1.6 2.7 6.4
v -1.6 2.7 6.3
v -1.6 2.7 5.6
v -1.6 2.7 5.2
v -1.6 2.7 4.5
v -1.6 2.7 4.4
v -1.6 2.7 4.3
v -1.6 2.8 6.6
v -1.6 2.8 6.5
v -1.6 2.8 6.4
v -1.6 2.8 4.4
v -1.6 2.8 4.3
v -1.6 2.8 4.2
v -1.6 2.9 6.7
v -1.6 2.9 6.6
v -1.6 2.9 6.5
v -1.6 2.9 4.3
v -1.6 2.9 4.2
v -1.6 2.9 4.1
v -1.6 3 6.7
v -1.6 3 6.6
v -1.6 3 6.5
v -1.6 3 4.3
v -1.6 3 4.2
v -1.6 3 4.1
v -1.6 3.1 6.6
v -1.6 3.1 6.5
v -1.6 3.1 6.4
v -1.6 3.1 4.4
v -1.6 3.1 4.3
v -1.6 3.1 4.2
v -1.6 3.2 6.5
v -1.6 3.2 6.4
v -1.6 3.2 6.3
v -1.6 3.2 4.5
v -1.6 3.2 4.4
v -1.6 3.2 4.3
v -1.6 3.3 6.4
v -1.6 3.3 6.3
v -1.6 3.3 4.5
v -1.6 3.3 4.4
v -1.6 3.4 5.6
v -1.6 3.4 5.5
v -1.6 3.4 5.3
v -1.6 3.4 5.2
v -1.5 2.3 5.8
v -1.5 2.3 5.7
v -1.5 2.3 5.1
v -1.5 2.3 5
v -1.5 2.4 6
v -1.5 2.4 5.9
v -1.5 2.4 5.8
v -1.5 2.4 5.7
v -1.5 2.4 5.1
v -1.5 2.4 5
v -1.5 2.4 4.9
v -1.5 2.4 4.8
v -1.5 2.5 6.3
v -1.5 2.5 6.2
v -1.5 2.5 6
v -1.5 2.5 5.9
v -1.5 2.5 4.9
v -1.5 2.5 4.8
v -1.5 2.5 4.6
v -1.5 2.5 4.5
v -1.5 2.6 6.5
v -1.5 2.6 6.4
v -1.5 2.6 6.3
v -1.5 2.6 6.2
v -1.5 2.6 4.6
v -1.5 2.6 4.5
v -1.5 2.6 4.4
v -1.5 2.6 4.3
v -1.5 2.7 6.6
v -1.5 2.7 6.5
v -1.5 2.7 6.4
v -1.5 2.7 6.1
v -1.5 2.7 5.6
v -1.5 2.7 5.2
v -1.5 2.7 4.7
v -1.5 2.7 4.4
v -1.5 2.7 4.3
v -1.5 2.7 4.2
v -1.5 2.8 6.7
v -1.5 2.8 6.6
v -1.5 2.8 6.5
v -1.5 2.8 6.1
v -1.5 2.8 4.7
v -1.5 2.8 4.3
v -1.5 2.8 4.2
v -1.5 2.8 4.1
v -1.5 2.9 6.7
v -1.5 2.9 6.6
v -1.5 2.9 4.2
v -1.5 2.9 4.1
v -1.5 3 6.7
v -1.5 3 6.6
v -1.5 3 6.1
v -1.5 3 5.6
v -1.5 3 5.2
v -1.5 3 4.7
v -1.5 3 4.2
v -1.5 3 4.1
v -1.5 3.1 6.7
v -1.5 3.1 6.6
v -1.5 3.1 6.5
v -1.5 3.1 4.3
v -1.5 3.1 4.2
v -1.5 3.1 4.1
v -1.5 3.2 6.6
v -1.5 3.2 6.5
v -1.5 3.2 6.4
v -1.5 3.2 4.4
v -1.5 3.2 4.3
v -1.5 3.2 4.2
v -1.5 3.3 6.5
v -1.5 3.3 6.4
v -1.5 3.3 4.4
v -1.5 3.3 4.3
v -1.4 2 6.8
v -1.4 2 6.7
v -1.4 2 4.1
v -1.4 2 4
v -1.4 2.1 6.8
v -1.4 2.1 6.7
v -1.4 2.1 5.5
v -1.4 2.1 5.3
v -1.4 2.1 4.1
v -1.4 2.1 4
v -1.4 2.2 5.6
v -1.4 2.2 5.5
v -1.4 2.2 5.3
v -1.4 2.2 5.2
v -1.4 2.3 5.6
v -1.4 2.3 5.5
v -1.4 2.3 5.3
v -1.4 2.3 5.2
v -1.4 2.4 6.1
v -1.4 2.4 6
v -1.4 2.4 4.8
v -1.4 2.4 4.7
v -1.4 2.5 6.5
v -1.4 2.5 6.4
v -1.4 2.5 6.3
v -1.4 2.5 6.1
v -1.4 2.5 6
v -1.4 2.5 4.8
v -1.4 2.5 4.7
v -1.4 2.5 4.5
v -1.4 2.5 4.4
v -1.4 2.5 4.3
v -1.4 2.6 6.6
v -1.4 2.6 6.5
v -1.4 2.6 6.4
v -1.4 2.6 6.3
v -1.4 2.6 4.5
v -1.4 2.6 4.4
v -1.4 2.6 4.3
v -1.4 2.6 4.2
v -1.4 2.7 6.7
v -1.4 2.7 6.6
v -1.4 2.7 6.5
v -1.4 2.7 6.3
v -1.4 2.7 6.2
v -1.4 2.7 6.1
v -1.4 2.7 4.7
v -1.4 2.7 4.6
v -1.4 2.7 4.5
v -1.4 2.7 4.3
v -1.4 2.7 4.2
v -1.4 2.7 4.1
v -1.4 2.8 6.8
v -1.4 2.8 6.7
v -1.4 2.8 6.6
v -1.4 2.8 6.3
v -1.4 2.8 6.2
v -1.4 2.8 4.6
v -1.4 2.8 4.5
v -1.4 2.8 4.2
v -1.4 2.8 4.1
v -1.4 2.8 4
v -1.4 2.9 6.8
v -1.4 2.9 6.7
v -1.4 2.9 6.2
v -1.4 2.9 6.1
v -1.4 2.9 4.7
v -1.4 2.9 4.6
v -1.4 2.9 4.1
v -1.4 2.9 4
v -1.3 2.1 5.6
v -1.3 2.1 5.5
v -1.3 2.1 5.3
v -1.3 2.1 5.2
v -1.3 2.2 5.7
v -1.3 2.2 5.6
v -1.3 2.2 5.5
v -1.3 2.2 5.3
v -1.3 2.2 5.2
v -1.3 2.2 5.1
v -1.3 2.3 5.9
v -1.3 2.3 5.8
v -1.3 2.3 5.7
v -1.3 2.3 5.6
v -1.3 2.3 5.2
v -1.3 2.3 5.1
v -1.3 2.3 5
v -1.3 2.3 4.9
v -1.3 2.4 6.2
v -1.3 2.4 6.1
v -1.3 2.4 5.9
v -1.3 2.4 5.8
v -1.3 2.4 5
v -1.3 2.4 4.9
v -1.3 2.4 4.7
v -1.3 2.4 4.6
v -1.3 2.5 6.2
v -1.3 2.5 6.1
v -1.3 2.5 4.7
v -1.3 2.5 4.6
v -1.2 2.2 5.8
v -1.2 2.2 5.7
v -1.2 2.2 5.1
v -1.2 2.2 5
v -1.2 2.3 6
v -1.2 2.3 5.9
v -1.2 2.3 5.8
v -1.2 2.3 5.7
v -1.2 2.3 5.1
v -1.2 2.3 5
v -1.2 2.3 4.9
v -1.2 2.3 4.8
v -1.2 2.4 6
v -1.2 2.4 5.9
v -1.2 2.4 4.9
v -1.2 2.4 4.8
v -1.1 2.1 5.7
v -1.1 2.1 5.6
v -1.1 2.1 5.2
v -1.1 2.1 5.1
v -1.1 2.2 5.9
v -1.1 2.2 5.8
v -1.1 2.2 5.7
v -1.1 2.2 5.6
v -1.1 2.2 5.2
v -1.1 2.2 5.1
v -1.1 2.2 5
v -1.1 2.2 4.9
v -1.1 2.3 6.1
v -1.1 2.3 6
v -1.1 2.3 5.9
v -1.1 2.3 5.8
v -1.1 2.3 5
v -1.1 2.3 4.9
v -1.1 2.3 4.8
v -1.1 2.3 4.7
v -1.1 2.4 6.3
v -1.1 2.4 6.2
v -1.1 2.4 6.1
v -1.1 2.4 6
v -1.1 2.4 4.8
v -1.1 2.4 4.7
v -1.1 2.4 4.6
v -1.1 2.4 4.5
v -1.1 2.5 6.3
v -1.1 2.5 6.2
v -1.1 2.5 4.6
v -1.1 2.5 4.5
v -1 2.1 5.8
v -1 2.1 5.7
v -1 2.1 5.1
v -1 2.1 5
v -1 2.2 6
v -1 2.2 5.9
v -1 2.2 5.8
v -1 2.2 5.7
v -1 2.2 5.1
v -1 2.2 5
v -1 2.2 4.9
v -1 2.2 4.8
v -1 2.3 6.2
v -1 2.3 6.1
v -1 2.3 6
v -1 2.3 5.9
v -1 2.3 4.9
v -1 2.3 4.8
v -1 2.3 4.7
v -1 2.3 4.6
v -1 2.4 6.2
v -1 2.4 6.1
v -1 2.4 4.7
v -1 2.4 4.6
v -0.9 2.1 6
v -0.9 2.1 5.8
v -0.9 2.1 5
v -0.9 2.1 4.8
v -0.9 2.2 6.2
v -0.9 2.2 6
v -0.9 2.2 5.8
v -0.9 2.2 5
v -0.9 2.2 4.8
v -0.9 2.2 4.6
v -0.9 2.3 6.3
v -0.9 2.3 6.2
v -0.9 2.3 6
v -0.9 2.3 4.8
v -0.9 2.3 4.6
v -0.9 2.3 4.5
v -0.9 2.4 6.5
v -0.9 2.4 6.4
v -0.9 2.4 6.3
v -0.9 2.4 6.2
v -0.9 2.4 4.6
v -0.9 2.4 4.5
v -0.9 2.4 4.4
v -0.9 2.5 6.6
v -0.9 2.5 6.5
v -0.9 2.5 6.4
v -0.9 2.5 6.3
v -0.9 2.5 4.5
v -0.9 2.5 4.4
v -0.9 2.6 6.7
v -0.9 2.6 6.6
v -0.9 2.6 6.5
v -0.9 2.7 6.8
v -0.9 2.7 6.7
v -0.9 2.7 6.6
v -0.9 2.8 6.8
v -0.9 2.8 6.7
v -0.8 2.4 4.4
v -0.8 2.4 4.3
v -0.8 2.5 4.4
v -0.8 2.5 4.3
v -0.8 2.5 4.2
v -0.8 2.6 4.3
v -0.8 2.6 4.2
v -0.8 2.6 4.1
v -0.8 2.7 4.2
v -0.8 2.7 4.1
v -0.8 2.7 4
v -0.8 2.8 4.1
v -0.8 2.8 4
v -0.8 3.1 6.7
v -0.8 3.1 6.5
v -0.8 3.1 6.4
v -0.8 3.1 4.4
v -0.8 3.1 4.2
v -0.8 3.1 4.1
v -0.8 3.2 6.7
v -0.8 3.2 6.4
v -0.8 3.2 4.4
v -0.8 3.2 4.1
v -0.7 3.1 6.8
v -0.7 3.1 6.7
v -0.7 3.1 6.4
v -0.7 3.1 6.3
v -0.7 3.1 4.5
v -0.7 3.1 4.4
v -0.7 3.1 4.1
v -0.7 3.1 4
v -0.7 3.2 6.8
v -0.7 3.2 6.7
v -0.7 3.2 6.4
v -0.7 3.2 6.3
v -0.7 3.2 4.5
v -0.7 3.2 4.4
v -0.7 3.2 4.1
v -0.7 3.2 4
v -0.6 2.7 6.9
v -0.6 2.7 6.8
v -0.6 2.7 4
v -0.6 2.7 3.9
v -0.6 2.8 6.8
v -0.6 2.8 4
v -0.6 3.1 6.8
v -0.6 3.1 6.3
v -0.6 3.1 6.2
v -0.6 3.1 4.6
v -0.6 3.1 4.5
v -0.6 3.1 4
v -0.6 3.2 6.9
v -0.6 3.2 6.8
v -0.6 3.2 6.3
v -0.6 3.2 6.2
v -0.6 3.2 4.6
v -0.6 3.2 4.5
v -0.6 3.2 4
v -0.6 3.2 3.9
v -0.0999999 2.1 6.2
v -0.0999999 2.1 6
v -0.0999999 2.1 4.8
v -0.0999999 2.1 4.6
v -0.0999999 2.2 6.3
v -0.0999999 2.2 6.2
v -0.0999999 2.2 6
v -0.0999999 2.2 4.8
v -0.0999999 2.2 4.6
v -0.0999999 2.2 4.5
v -0.0999999 2.3 6.5
v -0.0999999 2.3 6.4
v -0.0999999 2.3 6.3
v -0.0999999 2.3 6.2
v -0.0999999 2.3 4.6
v -0.0999999 2.3 4.5
v -0.0999999 2.3 4.4
v -0.0999999 2.3 4.3
v -0.0999999 2.4 6.6
v -0.0999999 2.4 6.5
v -0.0999999 2.4 6.4
v -0.0999999 2.4 6.3
v -0.0999999 2.4 4.5
v -0.0999999 2.4 4.4
v -0.0999999 2.4 4.3
v -0.0999999 2.4 4.2
v -0.0999999 2.5 6.7
v -0.0999999 2.5 6.6
v -0.0999999 2.5 6.5
v -0.0999999 2.5 4.3
v -0.0999999 2.5 4.2
v -0.0999999 2.5 4.1
v -0.0999999 2.6 6.8
v -0.0999999 2.6 6.7
v -0.0999999 2.6 6.6
v -0.0999999 2.6 4.2
v -0.0999999 2.6 4.1
v -0.0999999 2.6 4
v -0.0999999 2.7 6.8
v -0.0999999 2.7 6.7
v -0.0999999 2.7 4.1
v -0.0999999 2.7 4
v 1 2.1 6.3
v 1 2.1 6.2
v 1 2.1 4.6
v 1 2.1 4.5
v 1 2.2 6.5
v 1 2.2 6.4
v 1 2.2 6.3
v 1 2.2 6.2
v 1 2.2 4.6
v 1 2.2 4.5
v 1 2.2 4.4
v 1 2.2 4.3
v 1 2.3 6.6
v 1 2.3 6.5
v 1 2.3 6.4
v 1 2.3 6.3
v 1 2.3 4.5
v 1 2.3 4.4
v 1 2.3 4.3
v 1 2.3 4.2
v 1 2.4 6.7
v 1 2.4 6.6
v 1 2.4 6.5
v 1 2.4 4.3
v 1 2.4 4.2
v 1 2.4 4.1
v 1 2.5 6.8
v 1 2.5 6.7
v 1 2.5 6.6
v 1 2.5 4.2
v 1 2.5 4.1
v 1 2.5 4
v 1 2.6 6.8
v 1 2.6 6.7
v 1 2.6 4.1
v 1 2.6 4
v 1 2.9 6.6
v 1 2.9 6.5
v 1 2.9 6.4
v 1 2.9 6.3
v 1 2.9 6.2
v 1 2.9 4.6
v 1 2.9 4.5
v 1 2.9 4.4
v 1 2.9 4.3
v 1 2.9 4.2
v 1 3 6.6
v 1 3 6.5
v 1 3 6.4
v 1 3 6.2
v 1 3 4.6
v 1 3 4.4
v 1 3 4.3
v 1 3 4.2
v 1.1 2.9 6.7
v 1.1 2.9 6.6
v 1.1 2.9 6.1
v 1.1 2.9 6
v 1.1 2.9 4.8
v 1.1 2.9 4.7
v 1.1 2.9 4.2
v 1.1 2.9 4.1
v 1.1 3 6.7
v 1.1 3 6.6
v 1.1 3 6.1
v 1.1 3 6
v 1.1 3 4.8
v 1.1 3 4.7
v 1.1 3 4.2
v 1.1 3 4.1
v 1.2 2.9 6.8
v 1.2 2.9 6.7
v 1.2 2.9 6
v 1.2 2.9 5.9
v 1.2 2.9 4.9
v 1.2 2.9 4.8
v 1.2 2.9 4.1
v 1.2 2.9 4
v 1.2 3 6.8
v 1.2 3 6.7
v 1.2 3 6
v 1.2 3 5.9
v 1.2 3 4.9
v 1.2 3 4.8
v 1.2 3 4.1
v 1.2 3 4
v 1.3 2.9 6.9
v 1.3 2.9 6.8
v 1.3 2.9 5.9
v 1.3 2.9 5.8
v 1.3 2.9 5
v 1.3 2.9 4.9
v 1.3 2.9 4
v 1.3 2.9 3.9
v 1.3 3 6.9
v 1.3 3 6.8
v 1.3 3 5.9
v 1.3 3 5.8
v 1.3 3 5
v 1.3 3 4.9
v 1.3 3 4
v 1.3 3 3.9
v 1.4 2.5 6.9
v 1.4 2.5 6.8
v 1.4 2.5 4
v 1.4 2.5 3.9
v 1.4 2.6 6.8
v 1.4 2.6 4
v 1.4 2.9 6.9
v 1.4 2.9 6.8
v 1.4 2.9 4
v 1.4 2.9 3.9
v 1.5 2.9 5.8
v 1.5 2.9 5
v 1.5 3 5.8
v 1.5 3 5
v 2.1 2.7 6.3
v 2.1 2.7 6.2
v 2.1 2.7 4.6
v 2.1 2.7 4.5
v 2.1 2.8 6.4
v 2.1 2.8 6.3
v 2.1 2.8 4.5
v 2.1 2.8 4.4
v 2.1 2.9 6.4
v 2.1 2.9 6.2
v 2.1 2.9 4.6
v 2.1 2.9 4.4
v 2.1 3 6.4
v 2.1 3 6.2
v 2.1 3 4.6
v 2.1 3 4.4
v 2.1 3.2 6.4
v 2.1 3.2 6.2
v 2.1 3.2 4.6
v 2.1 3.2 4.4
v 2.2 3.2 6.4
v 2.2 3.2 6.2
v 2.2 3.2 4.6
v 2.2 3.2 4.4
v 2.2 3.5 6.4
v 2.2 3.5 6.2
v 2.2 3.5 4.6
v 2.2 3.5 4.4
v 2.3 2 6
v 2.3 2 5.9
v 2.3 2 4.9
v 2.3 2 4.8
v 2.3 2.1 6
v 2.3 2.1 5.9
v 2.3 2.1 4.9
v 2.3 2.1 4.8
v 2.3 3.5 6.4
v 2.3 3.5 6.2
v 2.3 3.5 4.6
v 2.3 3.5 4.4
v 2.3 3.7 6.4
v 2.3 3.7 6.2
v 2.3 3.7 4.6
v 2.3 3.7 4.4
v 2.3 3.8 6.4
v 2.3 3.8 4.4
v 2.5 2.4 6.6
v 2.5 2.4 6.5
v 2.5 2.4 4.3
v 2.5 2.4 4.2
v 2.5 2.5 6.6
v 2.5 2.5 6.5
v 2.5 2.5 4.3
v 2.5 2.5 4.2
v -2.2 2.7 5.7
v -2.2 2.7 5.6
v -2.2 2.7 5.2
v -2.2 2.7 5.1
v -2.2 2.8 5.7
v -2.2 2.8 5.6
v -2.2 2.8 5.2
v -2.2 2.8 5.1
v -2.2 3.3 5.7
v -2.2 3.3 5.1
v -2.2 3.4 5.7
v -2.2 3.4 5.1
v -2.1 2.8 5.7
v -2.1 2.8 5.1
v -2.1 2.9 5.7
v -2.1 2.9 5.1
v -2.1 3.2 5.7
v -2.1 3.2 5.1
v -2.1 3.3 5.8
v -2.1 3.3 5.7
v -2.1 3.3 5.1
v -2.1 3.3 5
v -2.1 3.4 5.8
v -2.1 3.4 5.7
v -2.1 3.4 5.1
v -2.1 3.4 5
v -2 2.7 5.9
v -2 2.7 5.8
v -2 2.7 5
v -2 2.7 4.9
v -2 2.8 5.9
v -2 2.8 5.8
v -2 2.8 5.7
v -2 2.8 5.1
v -2 2.8 5
v -2 2.8 4.9
v -2 2.9 5.8
v -2 2.9 5.7
v -2 2.9 5.1
v -2 2.9 5
v -2 3.2 5.8
v -2 3.2 5.7
v -2 3.2 5.1
v -2 3.2 5
v -2 3.3 5.9
v -2 3.3 5.8
v -2 3.3 5.7
v -2 3.3 5.1
v -2 3.3 5
v -2 3.3 4.9
v -2 3.4 5.9
v -2 3.4 5.8
v -2 3.4 5
v -2 3.4 4.9
v -1.9 2.9 5.8
v -1.9 2.9 5.7
v -1.9 2.9 5.1
v -1.9 2.9 5
v -1.9 3.1 5.9
v -1.9 3.1 5.8
v -1.9 3.1 5
v -1.9 3.1 4.9
v -1.9 3.2 6
v -1.9 3.2 5.9
v -1.9 3.2 5.8
v -1.9 3.2 5.7
v -1.9 3.2 5.1
v -1.9 3.2 5
v -1.9 3.2 4.9
v -1.9 3.2 4.8
v -1.9 3.3 6
v -1.9 3.3 5.9
v -1.9 3.3 5.8
v -1.9 3.3 5
v -1.9 3.3 4.9
v -1.9 3.3 4.8
v -1.9 3.4 6
v -1.9 3.4 5.9
v -1.9 3.4 4.9
v -1.9 3.4 4.8
v -1.8 2.7 6
v -1.8 2.7 5.9
v -1.8 2.7 4.9
v -1.8 2.7 4.8
v -1.8 2.8 6
v -1.8 2.8 5.9
v -1.8 2.8 5.8
v -1.8 2.8 5
v -1.8 2.8 4.9
v -1.8 2.8 4.8
v -1.8 3.1 6
v -1.8 3.1 5.9
v -1.8 3.1 5.8
v -1.8 3.1 5
v -1.8 3.1 4.9
v -1.8 3.1 4.8
v -1.8 3.2 6.1
v -1.8 3.2 6
v -1.8 3.2 5.9
v -1.8 3.2 4.9
v -1.8 3.2 4.8
v -1.8 3.2 4.7
v -1.8 3.3 6.1
v -1.8 3.3 6
v -1.8 3.3 4.8
v -1.8 3.3 4.7
v -1.8 3.4 6
v -1.8 3.4 5.9
v -1.8 3.4 4.9
v -1.8 3.4 4.8
v -1.8 3.5 6
v -1.8 3.5 5.9
v -1.8 3.5 4.9
v -1.8 3.5 4.8
v -1.7 2.7 6.1
v -1.7 2.7 6
v -1.7 2.7 4.8
v -1.7 2.7 4.7
v -1.7 2.8 6.1
v -1.7 2.8 6
v -1.7 2.8 5.9
v -1.7 2.8 4.9
v -1.7 2.8 4.8
v -1.7 2.8 4.7
v -1.7 3.1 6.1
v -1.7 3.1 6
v -1.7 3.1 5.9
v -1.7 3.1 4.9
v -1.7 3.1 4.8
v -1.7 3.1 4.7
v -1.7 3.2 6.2
v -1.7 3.2 6.1
v -1.7 3.2 6
v -1.7 3.2 4.8
v -1.7 3.2 4.7
v -1.7 3.2 4.6
v -1.7 3.3 6.2
v -1.7 3.3 6.1
v -1.7 3.3 4.7
v -1.7 3.3 4.6
v -1.7 3.4 5.9
v -1.7 3.4 5.8
v -1.7 3.4 5
v -1.7 3.4 4.9
v -1.7 3.5 5.9
v -1.7 3.5 5.8
v -1.7 3.5 5
v -1.7 3.5 4.9
v -1.6 2.7 6.2
v -1.6 2.7 6.1
v -1.6 2.7 4.7
v -1.6 2.7 4.6
v -1.6 2.8 6.2
v -1.6 2.8 6.1
v -1.6 2.8 6
v -1.6 2.8 4.8
v -1.6 2.8 4.7
v -1.6 2.8 4.6
v -1.6 3.1 6.2
v -1.6 3.1 6.1
v -1.6 3.1 6
v -1.6 3.1 4.8
v -1.6 3.1 4.7
v -1.6 3.1 4.6
v -1.6 3.2 6.3
v -1.6 3.2 6.2
v -1.6 3.2 6.1
v -1.6 3.2 4.7
v -1.6 3.2 4.6
v -1.6 3.2 4.5
v -1.6 3.3 6.3
v -1.6 3.3 6.2
v -1.6 3.3 4.6
v -1.6 3.3 4.5
v -1.6 3.4 5.8
v -1.6 3.4 5.7
v -1.6 3.4 5.1
v -1.6 3.4 5
v -1.6 3.5 5.8
v -1.6 3.5 5.7
v -1.6 3.5 5.1
v -1.6 3.5 5
v -1.5 2.7 6.3
v -1.5 2.7 6.2
v -1.5 2.7 4.6
v -1.5 2.7 4.5
v -1.5 2.8 6.3
v -1.5 2.8 6.2
v -1.5 2.8 6.1
v -1.5 2.8 4.7
v -1.5 2.8 4.6
v -1.5 2.8 4.5
v -1.5 2.9 6.2
v -1.5 2.9 6.1
v -1.5 2.9 4.7
v -1.5 2.9 4.6
v -1.5 3 6.2
v -1.5 3 6.1
v -1.5 3 5.6
v -1.5 3 5.2
v -1.5 3 4.7
v -1.5 3 4.6
v -1.5 3.1 6.3
v -1.5 3.1 6.2
v -1.5 3.1 6.1
v -1.5 3.1 4.7
v -1.5 3.1 4.6
v -1.5 3.1 4.5
v -1.5 3.2 6.4
v -1.5 3.2 6.3
v -1.5 3.2 6.2
v -1.5 3.2 4.6
v -1.5 3.2 4.5
v -1.5 3.2 4.4
v -1.5 3.3 6.4
v -1.5 3.3 6.3
v -1.5 3.3 4.5
v -1.5 3.3 4.4
v -1.5 3.4 5.7
v -1.5 3.4 5.6
v -1.5 3.4 5.2
v -1.5 3.4 5.1
v -1.5 3.5 5.7
v -1.5 3.5 5.6
v -1.5 3.5 5.2
v -1.5 3.5 5.1
v -1.4 2.9 6.1
v -1.4 2.9 4.7
v -1.4 3 6.7
v -1.4 3 6.6
v -1.4 3 6.3
v -1.4 3 6.2
v -1.4 3 6.1
v -1.4 3 4.7
v -1.4 3 4.6
v -1.4 3 4.5
v -1.4 3 4.2
v -1.4 3 4.1
v -1.4 3.1 6.7
v -1.4 3.1 6.6
v -1.4 3.1 6.5
v -1.4 3.1 6.4
v -1.4 3.1 6.3
v -1.4 3.1 6.2
v -1.4 3.1 4.6
v -1.4 3.1 4.5
v -1.4 3.1 4.4
v -1.4 3.1 4.3
v -1.4 3.1 4.2
v -1.4 3.1 4.1
v -1.4 3.2 6.6
v -1.4 3.2 6.5
v -1.4 3.2 6.4
v -1.4 3.2 6.3
v -1.4 3.2 4.5
v -1.4 3.2 4.4
v -1.4 3.2 4.3
v -1.4 3.2 4.2
v -1.4 3.3 6.5
v -1.4 3.3 6.4
v -1.4 3.3 4.4
v -1.4 3.3 4.3
v -0.9 2.8 6.8
v -0.9 2.8 6.7
v -0.9 2.9 6.8
v -0.9 2.9 6.7
v -0.9 2.9 6.6
v -0.9 2.9 6.3
v -0.9 2.9 6.2
v -0.9 2.9 4.6
v -0.9 2.9 4.5
v -0.9 3 6.7
v -0.9 3 6.6
v -0.9 3 6.5
v -0.9 3 6.4
v -0.9 3 6.3
v -0.9 3 6.2
v -0.9 3 4.6
v -0.9 3 4.5
v -0.9 3 4.4
v -0.9 3.1 6.6
v -0.9 3.1 6.5
v -0.9 3.1 6.4
v -0.9 3.1 6.3
v -0.9 3.1 4.5
v -0.9 3.1 4.4
v -0.9 3.1 4.3
v -0.9 3.2 6.5
v -0.9 3.2 6.4
v -0.9 3.2 4.4
v -0.9 3.2 4.3
v -0.8 2.8 4.1
v -0.8 2.8 4
v -0.8 2.9 4.2
v -0.8 2.9 4.1
v -0.8 2.9 4
v -0.8 3 4.3
v -0.8 3 4.2
v -0.8 3 4.1
v -0.8 3.1 4.3
v -0.8 3.1 4.2
v -0.3 2.7 6.9
v -0.3 2.7 6.8
v -0.3 2.7 4
v -0.3 2.7 3.9
v -0.3 2.8 6.8
v -0.3 2.8 4
v -0.3 3.1 6.8
v -0.3 3.1 6.3
v -0.3 3.1 6.2
v -0.3 3.1 4.6
v -0.3 3.1 4.5
v -0.3 3.1 4
v -0.3 3.2 6.9
v -0.3 3.2 6.8
v -0.3 3.2 6.3
v -0.3 3.2 6.2
v -0.3 3.2 4.6
v -0.3 3.2 4.5
v -0.3 3.2 4
v -0.3 3.2 3.9
v -0.2 3.1 6.8
v -0.2 3.1 6.7
v -0.2 3.1 6.4
v -0.2 3.1 6.3
v -0.2 3.1 4.5
v -0.2 3.1 4.4
v -0.2 3.1 4.1
v -0.2 3.1 4
v -0.2 3.2 6.8
v -0.2 3.2 6.7
v -0.2 3.2 6.4
v -0.2 3.2 6.3
v -0.2 3.2 4.5
v -0.2 3.2 4.4
v -0.2 3.2 4.1
v -0.2 3.2 4
v -0.0999999 2.7 6.8
v -0.0999999 2.7 6.7
v -0.0999999 2.7 4.1
v -0.0999999 2.7 4
v -0.0999999 2.8 6.8
v -0.0999999 2.8 6.7
v -0.0999999 2.8 6.6
v -0.0999999 2.8 6.3
v -0.0999999 2.8 6.2
v -0.0999999 2.8 4.6
v -0.0999999 2.8 4.5
v -0.0999999 2.8 4.2
v -0.0999999 2.8 4.1
v -0.0999999 2.8 4
v -0.0999999 2.9 6.7
v -0.0999999 2.9 6.6
v -0.0999999 2.9 6.5
v -0.0999999 2.9 6.4
v -0.0999999 2.9 6.3
v -0.0999999 2.9 6.2
v -0.0999999 2.9 4.6
v -0.0999999 2.9 4.5
v -0.0999999 2.9 4.4
v -0.0999999 2.9 4.3
v -0.0999999 2.9 4.2
v -0.0999999 2.9 4.1
v -0.0999999 3 6.6
v -0.0999999 3 6.5
v -0.0999999 3 6.4
v -0.0999999 3 6.3
v -0.0999999 3 4.5
v -0.0999999 3 4.4
v -0.0999999 3 4.3
v -0.0999999 3 4.2
v -0.0999999 3.1 6.7
v -0.0999999 3.1 6.5
v -0.0999999 3.1 6.4
v -0.0999999 3.1 4.4
v -0.0999999 3.1 4.3
v -0.0999999 3.1 4.1
v -0.0999999 3.2 6.7
v -0.0999999 3.2 6.4
v -0.0999999 3.2 4.4
v -0.0999999 3.2 4.1
v 1 2.6 6.8
v 1 2.6 6.7
v 1 2.6 4.1
v 1 2.6 4
v 1 2.7 6.8
v 1 2.7 6.7
v 1 2.7 6.6
v 1 2.7 6.3
v 1 2.7 6.2
v 1 2.7 4.6
v 1 2.7 4.5
v 1 2.7 4.2
v 1 2.7 4.1
v 1 2.7 4
v 1 2.8 6.7
v 1 2.8 6.6
v 1 2.8 6.5
v 1 2.8 6.4
v 1 2.8 6.3
v 1 2.8 6.2
v 1 2.8 4.6
v 1 2.8 4.5
v 1 2.8 4.4
v 1 2.8 4.3
v 1 2.8 4.2
v 1 2.8 4.1
v 1 2.9 6.6
v 1 2.9 6.5
v 1 2.9 6.4
v 1 2.9 6.3
v 1 2.9 4.5
v 1 2.9 4.4
v 1 2.9 4.3
v 1 2.9 4.2
v 1.5 2.4 6.2
v 1.5 2.4 6.1
v 1.5 2.4 4.7
v 1.5 2.4 4.6
v 1.5 2.5 6.2
v 1.5 2.5 6.1
v 1.5 2.5 4.7
v 1.5 2.5 4.6
v 1.5 2.6 6.2
v 1.5 2.6 6.1
v 1.5 2.6 4.7
v 1.5 2.6 4.6
v 1.5 2.7 6.2
v 1.5 2.7 4.6
v 1.5 2.9 6.2
v 1.5 2.9 6.1
v 1.5 2.9 4.7
v 1.5 2.9 4.6
v 1.6 2.4 6.1
v 1.6 2.4 4.7
v 1.6 2.5 6.1
v 1.6 2.5 4.7
v 1.6 2.6 6.1
v 1.6 2.6 4.7
v 1.6 2.9 6.1
v 1.6 2.9 6
v 1.6 2.9 5.9
v 1.6 2.9 5.8
v 1.6 2.9 5
v 1.6 2.9 4.9
v 1.6 2.9 4.8
v 1.6 2.9 4.7
v 1.6 3 5.8
v 1.6 3 5
v 1.7 2.5 6.9
v 1.7 2.5 6.8
v 1.7 2.5 4
v 1.7 2.5 3.9
v 1.7 2.6 6.8
v 1.7 2.6 4
v 1.7 2.9 6.9
v 1.7 2.9 6.8
v 1.7 2.9 4
v 1.7 2.9 3.9
v 1.8 2.9 6.9
v 1.8 2.9 6.8
v 1.8 2.9 5.9
v 1.8 2.9 5.8
v 1.8 2.9 5
v 1.8 2.9 4.9
v 1.8 2.9 4
v 1.8 2.9 3.9
v 1.8 3 6.9
v 1.8 3 6.8
v 1.8 3 5.9
v 1.8 3 5.8
v 1.8 3 5
v 1.8 3 4.9
v 1.8 3 4
v 1.8 3 3.9
v 1.9 2.9 6.8
v 1.9 2.9 6.7
v 1.9 2.9 6
v 1.9 2.9 5.9
v 1.9 2.9 4.9
v 1.9 2.9 4.8
v 1.9 2.9 4.1
v 1.9 2.9 4
v 1.9 3 6.8
v 1.9 3 6.7
v 1.9 3 6
v 1.9 3 5.9
v 1.9 3 4.9
v 1.9 3 4.8
v 1.9 3 4.1
v 1.9 3 4
v 2 2.9 6.7
v 2 2.9 6.6
v 2 2.9 6.1
v 2 2.9 6
v 2 2.9 4.8
v 2 2.9 4.7
v 2 2.9 4.2
v 2 2.9 4.1
v 2 3 6.7
v 2 3 6.6
v 2 3 6.1
v 2 3 6
v 2 3 4.8
v 2 3 4.7
v 2 3 4.2
v 2 3 4.1
v 2.1 2 6
v 2.1 2 5.9
v 2.1 2 4.9
v 2.1 2 4.8
v 2.1 2.1 6.3
v 2.1 2.1 6
v 2.1 2.1 5.9
v 2.1 2.1 4.9
v 2.1 2.1 4.8
v 2.1 2.1 4.5
v 2.1 2.2 6.4
v 2.1 2.2 6.3
v 2.1 2.2 4.5
v 2.1 2.2 4.4
v 2.1 2.3 6.4
v 2.1 2.3 6.3
v 2.1 2.3 4.5
v 2.1 2.3 4.4
v 2.1 2.4 6.3
v 2.1 2.4 6.2
v 2.1 2.4 5.9
v 2.1 2.4 4.9
v 2.1 2.4 4.6
v 2.1 2.4 4.5
v 2.1 2.9 6.6
v 2.1 2.9 6.5
v 2.1 2.9 6.4
v 2.1 2.9 6.2
v 2.1 2.9 6.1
v 2.1 2.9 4.7
v 2.1 2.9 4.6
v 2.1 2.9 4.4
v 2.1 2.9 4.3
v 2.1 2.9 4.2
v 2.1 3 6.6
v 2.1 3 6.5
v 2.1 3 6.4
v 2.1 3 6.2
v 2.1 3 6.1
v 2.1 3 4.7
v 2.1 3 4.6
v 2.1 3 4.4
v 2.1 3 4.3
v 2.1 3 4.2
v 2.3 2 6.1
v 2.3 2 6
v 2.3 2 4.8
v 2.3 2 4.7
v 2.3 2.1 6.1
v 2.3 2.1 6
v 2.3 2.1 4.8
v 2.3 2.1 4.7
v 2.4 2 6
v 2.4 2 5.9
v 2.4 2 4.9
v 2.4 2 4.8
v 2.4 2.1 6
v 2.4 2.1 5.9
v 2.4 2.1 4.9
v 2.4 2.1 4.8
v 2.4 2.2 4.4
v 2.4 2.2 4.3
v 2.4 2.3 4.4
v 2.4 2.3 4.3
v 2.4 2.3 4.2
v 2.4 2.4 6.6
v 2.4 2.4 6.5
v 2.4 2.4 5.9
v 2.4 2.4 4.9
v 2.4 2.4 4.2
v 2.4 2.4 4.1
v 2.4 2.5 6.6
v 2.4 2.5 6.5
v 2.4 2.5 4.3
v 2.4 2.5 4.1
v 2.4 2.5 4
v 2.4 2.6 4.1
v 2.4 2.6 4
v 2.5 2 6.8
v 2.5 2 6.7
v 2.5 2 5.9
v 2.5 2 5.8
v 2.5 2 5
v 2.5 2 4.9
v 2.5 2 4.1
v 2.5 2 4
v 2.5 2.1 6.8
v 2.5 2.1 6.7
v 2.5 2.1 5.9
v 2.5 2.1 5.8
v 2.5 2.1 5
v 2.5 2.1 4.9
v 2.5 2.1 4.1
v 2.5 2.1 4
v 2.5 2.2 6.5
v 2.5 2.2 6.4
v 2.5 2.3 6.6
v 2.5 2.3 6.5
v 2.5 2.3 6.4
v 2.5 2.3 6.3
v 2.5 2.3 4.5
v 2.5 2.3 4.4
v 2.5 2.4 6.7
v 2.5 2.4 6.6
v 2.5 2.4 6.5
v 2.5 2.4 6.4
v 2.5 2.4 6.3
v 2.5 2.4 6.2
v 2.5 2.4 4.6
v 2.5 2.4 4.5
v 2.5 2.4 4.4
v 2.5 2.5 6.8
v 2.5 2.5 6.7
v 2.5 2.5 6.6
v 2.5 2.5 6.3
v 2.5 2.5 6.2
v 2.5 2.5 6.1
v 2.5 2.5 4.7
v 2.5 2.5 4.6
v 2.5 2.5 4.5
v 2.5 2.6 6.8
v 2.5 2.6 6.7
v 2.5 2.6 6.6
v 2.5 2.6 6.3
v 2.5 2.6 6.2
v 2.5 2.6 6.1
v 2.5 2.6 4.7
v 2.5 2.6 4.6
v 2.5 2.6 4.5
v 2.5 2.6 4.2
v 2.5 2.6 4.1
v 2.5 2.7 6.7
v 2.5 2.7 6.6
v 2.5 2.7 6.5
v 2.5 2.7 6.4
v 2.5 2.7 6.3
v 2.5 2.7 6.2
v 2.5 2.7 4.6
v 2.5 2.7 4.5
v 2.5 2.7 4.4
v 2.5 2.7 4.3
v 2.5 2.7 4.2
v 2.5 2.7 4.1
v 2.5 2.8 6.6
v 2.5 2.8 6.5
v 2.5 2.8 6.4
v 2.5 2.8 6.3
v 2.5 2.8 4.5
v 2.5 2.8 4.4
v 2.5 2.8 4.3
v 2.5 2.8 4.2
v 2.5 2.9 6.5
v 2.5 2.9 6.4
v 2.5 2.9 4.4
v 2.5 2.9 4.3
v 2.5 3.7 6.4
v 2.5 3.7 6.2
v 2.5 3.7 4.6
v 2.5 3.7 4.4
v 2.6 2 6.7
v 2.6 2 6.6
v 2.6 2 6.3
v 2.6 2 6.1
v 2.6 2 5.8
v 2.6 2 5
v 2.6 2 4.7
v 2.6 2 4.5
v 2.6 2 4.2
v 2.6 2 4.1
v 2.6 2.1 6.7
v 2.6 2.1 6.6
v 2.6 2.1 6.3
v 2.6 2.1 6.1
v 2.6 2.1 5.8
v 2.6 2.1 5
v 2.6 2.1 4.7
v 2.6 2.1 4.5
v 2.6 2.1 4.2
v 2.6 2.1 4.1
v 2.6 2.3 6.5
v 2.6 2.3 6.4
v 2.6 2.3 4.4
v 2.6 2.3 4.3
v 2.6 2.4 6.6
v 2.6 2.4 6.5
v 2.6 2.4 6.4
v 2.6 2.4 6.3
v 2.6 2.4 4.5
v 2.6 2.4 4.4
v 2.6 2.4 4.3
v 2.6 2.4 4.2
v 2.6 2.5 6.7
v 2.6 2.5 6.6
v 2.6 2.5 6.5
v 2.6 2.5 6.4
v 2.6 2.5 6.3
v 2.6 2.5 6.2
v 2.6 2.5 4.6
v 2.6 2.5 4.5
v 2.6 2.5 4.4
v 2.6 2.5 4.3
v 2.6 2.5 4.2
v 2.6 2.5 4.1
v 2.6 2.6 6.7
v 2.6 2.6 6.6
v 2.6 2.6 6.5
v 2.6 2.6 6.4
v 2.6 2.6 6.3
v 2.6 2.6 6.2
v 2.6 2.6 4.6
v 2.6 2.6 4.5
v 2.6 2.6 4.4
v 2.6 2.6 4.3
v 2.6 2.6 4.2
v 2.6 2.6 4.1
v 2.6 2.7 6.6
v 2.6 2.7 6.5
v 2.6 2.7 6.4
v 2.6 2.7 6.3
v 2.6 2.7 4.5
v 2.6 2.7 4.4
v 2.6 2.7 4.3
v 2.6 2.7 4.2
v 2.6 2.8 6.5
v 2.6 2.8 6.4
v 2.6 2.8 4.4
v 2.6 2.8 4.3
v 2.6 3.7 6.4
v 2.6 3.7 6.3
v 2.6 3.7 4.5
v 2.6 3.7 4.4
v 2.6 3.8 6.4
v 2.6 3.8 6.3
v 2.6 3.8 4.5
v 2.6 3.8 4.4
v 2.7 2 6.6
v 2.7 2 6.5
v 2.7 2 6.4
v 2.7 2 6.3
v 2.7 2 4.5
v 2.7 2 4.4
v 2.7 2 4.3
v 2.7 2 4.2
v 2.7 2.1 6.6
v 2.7 2.1 6.5
v 2.7 2.1 6.4
v 2.7 2.1 6.3
v 2.7 2.1 4.5
v 2.7 2.1 4.4
v 2.7 2.1 4.3
v 2.7 2.1 4.2
v 2.7 2.4 6.5
v 2.7 2.4 6.4
v 2.7 2.4 4.4
v 2.7 2.4 4.3
v 2.7 2.5 6.6
v 2.7 2.5 6.5
v 2.7 2.5 6.4
v 2.7 2.5 6.3
v 2.7 2.5 4.5
v 2.7 2.5 4.4
v 2.7 2.5 4.3
v 2.7 2.5 4.2
v 2.7 2.6 6.6
v 2.7 2.6 6.5
v 2.7 2.6 6.4
v 2.7 2.6 6.3
v 2.7 2.6 4.5
v 2.7 2.6 4.4
v 2.7 2.6 4.3
v 2.7 2.6 4.2
v 2.7 2.7 6.5
v 2.7 2.7 6.4
v 2.7 2.7 4.4
v 2.7 2.7 4.3
v 2.7 3.7 6.3
v 2.7 3.7 4.5
v 2.7 3.8 6.3
v 2.7 3.8 4.5
v 2.8 2 6.5
v 2.8 2 6.4
v 2.8 2 4.4
v 2.8 2 4.3
v 2.8 2.1 6.5
v 2.8 2.1 6.4
v 2.8 2.1 4.4
v 2.8 2.1 4.3
v 2.8 2.5 6.5
v 2.8 2.5 6.4
v 2.8 2.5 4.4
v 2.8 2.5 4.3
v 2.8 2.6 6.5
v 2.8 2.6 6.4
v 2.8 2.6 4.4
v 2.8 2.6 4.3
v -0.6 2.7 6.9
v -0.6 3.2 6.9
v -0.3 2.7 6.9
v -0.3 3.2 6.9
v 1.3 2.9 6.9
v 1.3 3 6.9
v 1.4 2.5 6.9
v 1.4 2.9 6.9
v 1.7 2.5 6.9
v 1.7 2.9 6.9
v 1.8 2.9 6.9
v 1.8 3 6.9
v -1.4 2 6.8
v -1.4 2.1 6.8
v -1.4 2.8 6.8
v -1.4 2.9 6.8
v -0.9 2.7 6.8
v -0.9 2.8 6.8
v -0.9 2.9 6.8
v -0.7 3.1 6.8
v -0.7 3.2 6.8
v -0.6 2.7 6.8
v -0.6 2.8 6.8
v -0.6 3.1 6.8
v -0.6 3.2 6.8
v -0.3 2.7 6.8
v -0.3 2.8 6.8
v -0.3 3.1 6.8
v -0.3 3.2 6.8
v -0.2 3.1 6.8
v -0.2 3.2 6.8
v -0.0999999 2.6 6.8
v -0.0999999 2.7 6.8
v -0.0999999 2.8 6.8
v 1 2.5 6.8
v 1 2.6 6.8
v 1 2.7 6.8
v 1.2 2.9 6.8
v 1.2 3 6.8
v 1.3 2.9 6.8
v 1.3 3 6.8
v 1.4 2.5 6.8
v 1.4 2.6 6.8
v 1.7 2.5 6.8
v 1.7 2.6 6.8
v 1.8 2.9 6.8
v 1.8 3 6.8
v 1.9 2.9 6.8
v 1.9 3 6.8
v 2.5 2 6.8
v 2.5 2.1 6.8
v 2.5 2.5 6.8
v 2.5 2.6 6.8
v -1.6 2 6.7
v -1.6 2.1 6.7
v -1.6 2.9 6.7
v -1.6 3 6.7
v -1.5 2.8 6.7
v -1.5 2.9 6.7
v -1.5 3 6.7
v -1.5 3.1 6.7
v -1.4 2 6.7
v -1.4 2.1 6.7
v -1.4 2.7 6.7
v -1.4 2.8 6.7
v -1.4 2.9 6.7
v -1.4 3 6.7
v -1.4 3.1 6.7
v -0.9 2.6 6.7
v -0.9 2.7 6.7
v -0.9 2.8 6.7
v -0.9 2.9 6.7
v -0.9 3 6.7
v -0.8 3.1 6.7
v -0.8 3.2 6.7
v -0.7 3.1 6.7
v -0.7 3.2 6.7
v -0.2 3.1 6.7
v -0.2 3.2 6.7
v -0.0999999 2.5 6.7
v -0.0999999 2.6 6.7
v -0.0999999 2.7 6.7
v -0.0999999 2.8 6.7
v -0.0999999 2.9 6.7
v -0.0999999 3.1 6.7
v -0.0999999 3.2 6.7
v 1 2.4 6.7
v 1 2.5 6.7
v 1 2.6 6.7
v 1 2.7 6.7
v 1 2.8 6.7
v 1.1 2.9 6.7
v 1.1 3 6.7
v 1.2 2.9 6.7
v 1.2 3 6.7
v 1.9 2.9 6.7
v 1.9 3 6.7
v 2 2.9 6.7
v 2 3 6.7
v 2.5 2 6.7
v 2.5 2.1 6.7
v 2.5 2.4 6.7
v 2.5 2.5 6.7
v 2.5 2.6 6.7
v 2.5 2.7 6.7
v 2.6 2 6.7
v 2.6 2.1 6.7
v 2.6 2.5 6.7
v 2.6 2.6 6.7
v -1.7 2 6.6
v -1.7 2.1 6.6
v -1.7 2.9 6.6
v -1.7 3 6.6
v -1.6 2 6.6
v -1.6 2.1 6.6
v -1.6 2.8 6.6
v -1.6 2.9 6.6
v -1.6 3 6.6
v -1.6 3.1 6.6
v -1.5 2.7 6.6
v -1.5 2.8 6.6
v -1.5 2.9 6.6
v -1.5 3 6.6
v -1.5 3.1 6.6
v -1.5 3.2 6.6
v -1.4 2.6 6.6
v -1.4 2.7 6.6
v -1.4 2.8 6.6
v -1.4 3 6.6
v -1.4 3.1 6.6
v -1.4 3.2 6.6
v -0.9 2.5 6.6
v -0.9 2.6 6.6
v -0.9 2.7 6.6
v -0.9 2.9 6.6
v -0.9 3 6.6
v -0.9 3.1 6.6
v -0.0999999 2.4 6.6
v -0.0999999 2.5 6.6
v -0.0999999 2.6 6.6
v -0.0999999 2.8 6.6
v -0.0999999 2.9 6.6
v -0.0999999 3 6.6
v 1 2.3 6.6
v 1 2.4 6.6
v 1 2.5 6.6
v 1 2.7 6.6
v 1 2.8 6.6
v 1 2.9 6.6
v 1 3 6.6
v 1.1 2.9 6.6
v 1.1 3 6.6
v 2 2.9 6.6
v 2 3 6.6
v 2.1 2.9 6.6
v 2.1 3 6.6
v 2.5 2.3 6.6
v 2.5 2.4 6.6
v 2.5 2.5 6.6
v 2.5 2.6 6.6
v 2.5 2.7 6.6
v 2.5 2.8 6.6
v 2.6 2 6.6
v 2.6 2.1 6.6
v 2.6 2.4 6.6
v 2.6 2.5 6.6
v 2.6 2.6 6.6
v 2.6 2.7 6.6
v 2.7 2 6.6
v 2.7 2.1 6.6
v 2.7 2.5 6.6
v 2.7 2.6 6.6
v -1.8 2 6.5
v -1.8 2.1 6.5
v -1.8 2.9 6.5
v -1.8 3 6.5
v -1.7 2 6.5
v -1.7 2.1 6.5
v -1.7 2.8 6.5
v -1.7 2.9 6.5
v -1.7 3 6.5
v -1.7 3.1 6.5
v -1.6 2.7 6.5
v -1.6 2.8 6.5
v -1.6 2.9 6.5
v -1.6 3 6.5
v -1.6 3.1 6.5
v -1.6 3.2 6.5
v -1.5 2.6 6.5
v -1.5 2.7 6.5
v -1.5 2.8 6.5
v -1.5 3.1 6.5
v -1.5 3.2 6.5
v -1.5 3.3 6.5
v -1.4 2.5 6.5
v -1.4 2.6 6.5
v -1.4 2.7 6.5
v -1.4 3.1 6.5
v -1.4 3.2 6.5
v -1.4 3.3 6.5
v -0.9 2.4 6.5
v -0.9 2.5 6.5
v -0.9 2.6 6.5
v -0.9 3 6.5
v -0.9 3.1 6.5
v -0.9 3.2 6.5
v -0.8 3.1 6.5
v -0.7 3.1 6.5
v -0.6 3.1 6.5
v -0.3 3.1 6.5
v -0.2 3.1 6.5
v -0.0999999 2.3 6.5
v -0.0999999 2.4 6.5
v -0.0999999 2.5 6.5
v -0.0999999 2.9 6.5
v -0.0999999 3 6.5
v -0.0999999 3.1 6.5
v 1 2.2 6.5
v 1 2.3 6.5
v 1 2.4 6.5
v 1 2.8 6.5
v 1 2.9 6.5
v 1 3 6.5
v 1.1 2.9 6.5
v 1.2 2.9 6.5
v 1.9 2.9 6.5
v 2 2.9 6.5
v 2.1 2.9 6.5
v 2.4 2.4 6.5
v 2.4 2.5 6.5
v 2.5 2.2 6.5
v 2.5 2.3 6.5
v 2.5 2.4 6.5
v 2.5 2.5 6.5
v 2.5 2.7 6.5
v 2.5 2.8 6.5
v 2.5 2.9 6.5
v 2.6 2.3 6.5
v 2.6 2.4 6.5
v 2.6 2.5 6.5
v 2.6 2.6 6.5
v 2.6 2.7 6.5
v 2.6 2.8 6.5
v 2.7 2 6.5
v 2.7 2.1 6.5
v 2.7 2.4 6.5
v 2.7 2.5 6.5
v 2.7 2.6 6.5
v 2.7 2.7 6.5
v 2.8 2 6.5
v 2.8 2.1 6.5
v 2.8 2.5 6.5
v 2.8 2.6 6.5
v -1.9 2 6.4
v -1.9 2.1 6.4
v -1.9 2.9 6.4
v -1.9 3 6.4
v -1.8 2 6.4
v -1.8 2.1 6.4
v -1.8 2.8 6.4
v -1.8 2.9 6.4
v -1.8 3 6.4
v -1.8 3.1 6.4
v -1.7 2.7 6.4
v -1.7 2.8 6.4
v -1.7 2.9 6.4
v -1.7 3 6.4
v -1.7 3.1 6.4
v -1.7 3.2 6.4
v -1.6 2.6 6.4
v -1.6 2.7 6.4
v -1.6 2.8 6.4
v -1.6 3.1 6.4
v -1.6 3.2 6.4
v -1.6 3.3 6.4
v -1.5 2.6 6.4
v -1.5 2.7 6.4
v -1.5 3.2 6.4
v -1.5 3.3 6.4
v 2.1 2.9 6.4
v 2.1 3 6.4
v 2.1 3.2 6.4
v 2.2 3.2 6.4
v 2.2 3.5 6.4
v 2.3 3.5 6.4
v 2.3 3.7 6.4
v 2.3 3.8 6.4
v 2.5 2.9 6.4
v 2.5 3.7 6.4
v 2.6 3.7 6.4
v 2.6 3.8 6.4
v -2 2 6.3
v -2 2.1 6.3
v -2 3 6.3
v -2 3.1 6.3
v -1.9 2 6.3
v -1.9 2.1 6.3
v -1.9 2.8 6.3
v -1.9 2.9 6.3
v -1.9 3 6.3
v -1.8 2.7 6.3
v -1.8 2.8 6.3
v -1.8 2.9 6.3
v -1.8 3 6.3
v -1.8 3.1 6.3
v -1.8 3.2 6.3
v -1.7 2.6 6.3
v -1.7 2.7 6.3
v -1.7 2.8 6.3
v -1.7 3.1 6.3
v -1.7 3.2 6.3
v -1.7 3.3 6.3
v -1.6 2.6 6.3
v -1.6 2.7 6.3
v -1.6 3.2 6.3
v -1.6 3.3 6.3
v -1.5 2.5 6.3
v -1.5 2.6 6.3
v -1.4 2.5 6.3
v -1.4 2.6 6.3
v -1.1 2.4 6.3
v -1.1 2.5 6.3
v -0.9 2.3 6.3
v -0.9 2.4 6.3
v -0.9 2.5 6.3
v -0.0999999 2.2 6.3
v -0.0999999 2.3 6.3
v -0.0999999 2.4 6.3
v 1 2.1 6.3
v 1 2.2 6.3
v 1 2.3 6.3
v 2.1 2.1 6.3
v 2.1 2.2 6.3
v 2.6 3.7 6.3
v 2.6 3.8 6.3
v 2.7 3.7 6.3
v 2.7 3.8 6.3
v -2.1 2 6.2
v -2.1 2.1 6.2
v -2.1 3 6.2
v -2.1 3.1 6.2
v -2 2 6.2
v -2 2.1 6.2
v -2 2.9 6.2
v -2 3 6.2
v -2 3.1 6.2
v -2 3.2 6.2
v -1.9 2.7 6.2
v -1.9 2.8 6.2
v -1.9 2.9 6.2
v -1.9 3 6.2
v -1.8 2.6 6.2
v -1.8 2.7 6.2
v -1.8 2.8 6.2
v -1.8 3.1 6.2
v -1.8 3.2 6.2
v -1.8 3.3 6.2
v -1.7 2.6 6.2
v -1.7 2.7 6.2
v -1.7 3.2 6.2
v -1.7 3.3 6.2
v -1.6 2.5 6.2
v -1.6 2.6 6.2
v -1.5 2.5 6.2
v -1.5 2.6 6.2
v -1.3 2.4 6.2
v -1.3 2.5 6.2
v -1.1 2.4 6.2
v -1.1 2.5 6.2
v -1 2.3 6.2
v -1 2.4 6.2
v -0.9 2.2 6.2
v -0.9 2.3 6.2
v -0.9 2.4 6.2
v -0.9 2.9 6.2
v -0.9 3 6.2
v -0.0999999 2.1 6.2
v -0.0999999 2.2 6.2
v -0.0999999 2.3 6.2
v -0.0999999 2.8 6.2
v -0.0999999 2.9 6.2
v 1 2.1 6.2
v 1 2.2 6.2
v 1 2.7 6.2
v 1 2.8 6.2
v 1 2.9 6.2
v 1 3 6.2
v 1.1 2.9 6.2
v 1.2 2.9 6.2
v 1.5 2.7 6.2
v 1.5 2.9 6.2
v -2.2 2 6.1
v -2.2 2.1 6.1
v -2.2 3 6.1
v -2.2 3.1 6.1
v -2.1 2 6.1
v -2.1 2.1 6.1
v -2.1 2.9 6.1
v -2.1 3 6.1
v -2.1 3.1 6.1
v -2.1 3.2 6.1
v -2 2.8 6.1
v -2 2.9 6.1
v -2 3 6.1
v -2 3.1 6.1
v -2 3.2 6.1
v -2 3.3 6.1
v -1.9 2.6 6.1
v -1.9 2.7 6.1
v -1.9 2.8 6.1
v -1.9 2.9 6.1
v -1.8 2.6 6.1
v -1.8 2.7 6.1
v -1.8 3.2 6.1
v -1.8 3.3 6.1
v -1.5 2.7 6.1
v -1.5 2.8 6.1
v -1.5 2.9 6.1
v -1.4 2.4 6.1
v -1.4 2.5 6.1
v -1.4 2.7 6.1
v -1.4 2.9 6.1
v -1.3 2.4 6.1
v -1.3 2.5 6.1
v -1.1 2.3 6.1
v -1.1 2.4 6.1
v -1 2.3 6.1
v -1 2.4 6.1
v 1.5 2.4 6.1
v 1.5 2.5 6.1
v 1.5 2.6 6.1
v 1.5 2.9 6.1
v 1.6 2.4 6.1
v 1.6 2.5 6.1
v 1.6 2.6 6.1
v 1.6 2.9 6.1
v -2.3 2 6
v -2.3 2.1 6
v -2.3 3 6
v -2.3 3.1 6
v -2.3 3.4 6
v -2.3 3.5 6
v -2.2 2 6
v -2.2 2.1 6
v -2.2 2.9 6
v -2.2 3 6
v -2.2 3.1 6
v -2.2 3.2 6
v -2.2 3.4 6
v -2.2 3.5 6
v -2.1 2.8 6
v -2.1 2.9 6
v -2.1 3 6
v -2.1 3.1 6
v -2.1 3.2 6
v -2.1 3.3 6
v -2 2.7 6
v -2 2.8 6
v -2 2.9 6
v -2 3.2 6
v -2 3.3 6
v -2 3.4 6
v -1.9 2.7 6
v -1.9 2.8 6
v -1.9 3.3 6
v -1.9 3.4 6
v -1.9 3.5 6
v -1.8 3.4 6
v -1.8 3.5 6
v -1.7 2.5 6
v -1.7 2.6 6
v -1.6 2.5 6
v -1.6 2.6 6
v -1.5 2.4 6
v -1.5 2.5 6
v -1.4 2.4 6
v -1.4 2.5 6
v -1.2 2.3 6
v -1.2 2.4 6
v -1.1 2.3 6
v -1.1 2.4 6
v -1 2.2 6
v -1 2.3 6
v -0.9 2.1 6
v -0.9 2.2 6
v -0.9 2.3 6
v -0.0999999 2.1 6
v -0.0999999 2.2 6
v 2.3 2 6
v 2.3 2.1 6
v 2.4 2 6
v 2.4 2.1 6
v -2.4 2 5.9
v -2.4 2.1 5.9
v -2.4 3.1 5.9
v -2.4 3.2 5.9
v -2.4 3.4 5.9
v -2.4 3.5 5.9
v -2.3 2 5.9
v -2.3 2.1 5.9
v -2.3 2.9 5.9
v -2.3 3 5.9
v -2.3 3.1 5.9
v -2.3 3.4 5.9
v -2.3 3.5 5.9
v -2.2 2.8 5.9
v -2.2 2.9 5.9
v -2.2 3 5.9
v -2.2 3.1 5.9
v -2.2 3.2 5.9
v -2.2 3.3 5.9
v -2.1 2.7 5.9
v -2.1 2.8 5.9
v -2.1 2.9 5.9
v -2.1 3.2 5.9
v -2.1 3.3 5.9
v -2.1 3.4 5.9
v -2 2.6 5.9
v -2 2.7 5.9
v -2 2.8 5.9
v -2 3.3 5.9
v -2 3.4 5.9
v -1.9 2.6 5.9
v -1.9 2.7 5.9
v -1.8 3.4 5.9
v -1.8 3.5 5.9
v -1.7 3.4 5.9
v -1.7 3.5 5.9
v -1.6 2.4 5.9
v -1.6 2.5 5.9
v -1.5 2.4 5.9
v -1.5 2.5 5.9
v -1.3 2.3 5.9
v -1.3 2.4 5.9
v -1.2 2.3 5.9
v -1.2 2.4 5.9
v -1.1 2.2 5.9
v -1.1 2.3 5.9
v -1 2.2 5.9
v -1 2.3 5.9
v 2.1 2 5.9
v 2.1 2.1 5.9
v 2.1 2.4 5.9
v 2.3 2 5.9
v 2.3 2.1 5.9
v 2.4 2 5.9
v 2.4 2.1 5.9
v 2.4 2.4 5.9
v 2.5 2 5.9
v 2.5 2.1 5.9
v -2.5 2 5.8
v -2.5 2.1 5.8
v -2.5 3.2 5.8
v -2.5 3.3 5.8
v -2.5 3.4 5.8
v -2.5 3.5 5.8
v -2.4 2 5.8
v -2.4 2.1 5.8
v -2.4 3 5.8
v -2.4 3.1 5.8
v -2.4 3.2 5.8
v -2.4 3.4 5.8
v -2.4 3.5 5.8
v -2.3 2.8 5.8
v -2.3 2.9 5.8
v -2.3 3 5.8
v -2.3 3.1 5.8
v -2.2 2.7 5.8
v -2.2 2.8 5.8
v -2.2 2.9 5.8
v -2.2 3.2 5.8
v -2.2 3.3 5.8
v -2.2 3.4 5.8
v -2.1 2.7 5.8
v -2.1 2.8 5.8
v -2.1 3.3 5.8
v -2.1 3.4 5.8
v -1.8 2.5 5.8
v -1.8 2.6 5.8
v -1.7 2.4 5.8
v -1.7 2.5 5.8
v -1.7 2.6 5.8
v -1.7 3.4 5.8
v -1.7 3.5 5.8
v -1.6 2.4 5.8
v -1.6 2.5 5.8
v -1.6 3.4 5.8
v -1.6 3.5 5.8
v -1.5 2.3 5.8
v -1.5 2.4 5.8
v -1.3 2.3 5.8
v -1.3 2.4 5.8
v -1.2 2.2 5.8
v -1.2 2.3 5.8
v -1.1 2.2 5.8
v -1.1 2.3 5.8
v -1 2.1 5.8
v -1 2.2 5.8
v -0.9 2.1 5.8
v -0.9 2.2 5.8
v 2.5 2 5.8
v 2.5 2.1 5.8
v 2.6 2 5.8
v 2.6 2.1 5.8
v -2.6 2 5.7
v -2.6 2.1 5.7
v -2.6 3.4 5.7
v -2.6 3.5 5.7
v -2.5 2 5.7
v -2.5 2.1 5.7
v -2.5 3.1 5.7
v -2.5 3.2 5.7
v -2.5 3.3 5.7
v -2.5 3.4 5.7
v -2.5 3.5 5.7
v -2.4 2.9 5.7
v -2.4 3 5.7
v -2.4 3.1 5.7
v -2.4 3.2 5.7
v -2.4 3.4 5.7
v -2.3 2.7 5.7
v -2.3 2.8 5.7
v -2.3 2.9 5.7
v -2.3 3 5.7
v -2.3 3.4 5.7
v -2.2 2.7 5.7
v -2.2 2.8 5.7
v -2.2 3.3 5.7
v -2.2 3.4 5.7
v -2.1 2.6 5.7
v -2.1 2.7 5.7
v -2 2.6 5.7
v -2 2.7 5.7
v -1.6 2.3 5.7
v -1.6 2.4 5.7
v -1.6 3.4 5.7
v -1.6 3.5 5.7
v -1.5 2.3 5.7
v -1.5 2.4 5.7
v -1.5 3.4 5.7
v -1.5 3.5 5.7
v -1.3 2.2 5.7
v -1.3 2.3 5.7
v -1.2 2.2 5.7
v -1.2 2.3 5.7
v -1.1 2.1 5.7
v -1.1 2.2 5.7
v -1 2.1 5.7
v -1 2.2 5.7
v -2.6 3.2 5.6
v -2.6 3.3 5.6
v -2.5 3.2 5.6
v -2.5 3.3 5.6
v -2.2 2.7 5.6
v -2.2 2.8 5.6
v -2.1 2.7 5.6
v -2.1 2.8 5.6
v -1.9 2.5 5.6
v -1.9 2.6 5.6
v -1.8 2.4 5.6
v -1.8 2.5 5.6
v -1.8 2.6 5.6
v -1.7 2.4 5.6
v -1.7 2.5 5.6
v -1.6 2.7 5.6
v -1.6 3.4 5.6
v -1.5 2.7 5.6
v -1.5 3 5.6
v -1.5 3.4 5.6
v -1.4 2.2 5.6
v -1.4 2.3 5.6
v -1.3 2.1 5.6
v -1.3 2.2 5.6
v -1.3 2.3 5.6
v -1.1 2.1 5.6
v -1.1 2.2 5.6
v -2.7 2 5.5
v -2.7 2.1 5.5
v -2.7 3.3 5.5
v -2.7 3.4 5.5
v -2.6 2 5.5
v -2.6 2.1 5.5
v -2.6 3.3 5.5
v -2.6 3.4 5.5
v -2.5 3.3 5.5
v -2.5 3.4 5.5
v -2 2.5 5.5
v -2 2.6 5.5
v -1.9 2.4 5.5
v -1.9 2.5 5.5
v -1.9 2.6 5.5
v -1.8 2.3 5.5
v -1.8 2.4 5.5
v -1.8 2.5 5.5
v -1.6 2.2 5.5
v -1.6 2.3 5.5
v -1.6 2.4 5.5
v -1.4 2.1 5.5
v -1.4 2.2 5.5
v -1.4 2.3 5.5
v -1.3 2.1 5.5
v -1.3 2.2 5.5
v -2.2 2.7 5.1
v -2.2 2.8 5.1
v -2.2 3.3 5.1
v -2.2 3.4 5.1
v -2.1 2.7 5.1
v -2.1 2.8 5.1
v -2.1 2.9 5.1
v -2.1 3.2 5.1
v -2.1 3.3 5.1
v -2.1 3.4 5.1
v -2 2.8 5.1
v -2 2.9 5.1
v -2 3.2 5.1
v -2 3.3 5.1
v -1.9 2.9 5.1
v -1.9 3.2 5.1
v -2.1 3.3 5
v -2.1 3.4 5
v -2 2.8 5
v -2 2.9 5
v -2 3.2 5
v -2 3.3 5
v -2 3.4 5
v -1.9 2.9 5
v -1.9 3.1 5
v -1.9 3.2 5
v -1.9 3.3 5
v -1.8 2.8 5
v -1.8 3.1 5
v 1.3 2.9 5
v 1.3 3 5
v 1.4 2.9 5
v 1.4 3 5
v 1.5 2.9 5
v 1.5 3 5
v 1.6 2.9 5
v 1.6 3 5
v 1.7 2.9 5
v 1.7 3 5
v 1.8 2.9 5
v 1.8 3 5
v -2 2.7 4.9
v -2 2.8 4.9
v -2 3.3 4.9
v -2 3.4 4.9
v -1.9 3.1 4.9
v -1.9 3.2 4.9
v -1.9 3.3 4.9
v -1.9 3.4 4.9
v -1.8 2.7 4.9
v -1.8 2.8 4.9
v -1.8 3.1 4.9
v -1.8 3.2 4.9
v -1.7 2.8 4.9
v -1.7 3.1 4.9
v 1.2 2.9 4.9
v 1.2 3 4.9
v 1.3 2.9 4.9
v 1.3 3 4.9
v 1.8 2.9 4.9
v 1.8 3 4.9
v 1.9 2.9 4.9
v 1.9 3 4.9
v -1.9 3.2 4.8
v -1.9 3.3 4.8
v -1.8 2.7 4.8
v -1.8 2.8 4.8
v -1.8 3.1 4.8
v -1.8 3.2 4.8
v -1.8 3.3 4.8
v -1.7 2.7 4.8
v -1.7 2.8 4.8
v -1.7 3.1 4.8
v -1.7 3.2 4.8
v -1.6 2.8 4.8
v -1.6 3.1 4.8
v 1.1 2.9 4.8
v 1.1 3 4.8
v 1.2 2.9 4.8
v 1.2 3 4.8
v 1.9 2.9 4.8
v 1.9 3 4.8
v 2 2.9 4.8
v 2 3 4.8
v 2.1 2 4.8
v 2.1 2.1 4.8
v 2.3 2 4.8
v 2.3 2.1 4.8
v -1.8 3.2 4.7
v -1.8 3.3 4.7
v -1.7 2.7 4.7
v -1.7 2.8 4.7
v -1.7 3.1 4.7
v -1.7 3.2 4.7
v -1.7 3.3 4.7
v -1.6 2.7 4.7
v -1.6 2.8 4.7
v -1.6 3.1 4.7
v -1.6 3.2 4.7
v -1.5 2.8 4.7
v -1.5 3 4.7
v -1.5 3.1 4.7
v -1.4 2.9 4.7
v -1.4 3 4.7
v 1 2.9 4.7
v 1 3 4.7
v 1.1 2.9 4.7
v 1.1 3 4.7
v 1.6 2.5 4.7
v 1.6 2.6 4.7
v 2 2.9 4.7
v 2 3 4.7
v 2.1 2.9 4.7
v 2.1 3 4.7
v 2.3 2 4.7
v 2.3 2.1 4.7
v 2.5 2.5 4.7
v 2.5 2.6 4.7
v 2.6 2 4.7
v 2.6 2.1 4.7
v -1.7 3.2 4.6
v -1.7 3.3 4.6
v -1.6 2.7 4.6
v -1.6 2.8 4.6
v -1.6 3.1 4.6
v -1.6 3.2 4.6
v -1.6 3.3 4.6
v -1.5 2.7 4.6
v -1.5 2.8 4.6
v -1.5 2.9 4.6
v -1.5 3 4.6
v -1.5 3.1 4.6
v -1.5 3.2 4.6
v -1.4 2.8 4.6
v -1.4 2.9 4.6
v -1.4 3 4.6
v -1.4 3.1 4.6
v -0.6 3.1 4.6
v -0.6 3.2 4.6
v -0.3 3.1 4.6
v -0.3 3.2 4.6
v 1.5 2.4 4.6
v 1.5 2.5 4.6
v 1.5 2.6 4.6
v 1.5 2.7 4.6
v 1.6 2.5 4.6
v 1.6 2.6 4.6
v 2.1 2.4 4.6
v 2.1 2.7 4.6
v 2.1 2.9 4.6
v 2.1 3 4.6
v 2.1 3.2 4.6
v 2.2 3.2 4.6
v 2.2 3.5 4.6
v 2.3 3.5 4.6
v 2.3 3.7 4.6
v 2.5 2.4 4.6
v 2.5 2.5 4.6
v 2.5 2.6 4.6
v 2.5 2.7 4.6
v 2.5 3.7 4.6
v 2.6 2.5 4.6
v 2.6 2.6 4.6
v -1.6 3.2 4.5
v -1.6 3.3 4.5
v -1.5 2.7 4.5
v -1.5 2.8 4.5
v -1.5 3.1 4.5
v -1.5 3.2 4.5
v -1.5 3.3 4.5
v -1.4 2.7 4.5
v -1.4 2.8 4.5
v -1.4 3 4.5
v -1.4 3.1 4.5
v -1.4 3.2 4.5
v -0.9 2.9 4.5
v -0.9 3 4.5
v -0.9 3.1 4.5
v -0.7 3.1 4.5
v -0.7 3.2 4.5
v -0.6 3.1 4.5
v -0.6 3.2 4.5
v -0.3 3.1 4.5
v -0.3 3.2 4.5
v -0.2 3.1 4.5
v -0.2 3.2 4.5
v -0.0999999 2.8 4.5
v -0.0999999 2.9 4.5
v -0.0999999 3 4.5
v 1 2.7 4.5
v 1 2.8 4.5
v 1 2.9 4.5
v 2.1 2.3 4.5
v 2.1 2.4 4.5
v 2.1 2.7 4.5
v 2.1 2.8 4.5
v 2.5 2.3 4.5
v 2.5 2.4 4.5
v 2.5 2.5 4.5
v 2.5 2.6 4.5
v 2.5 2.7 4.5
v 2.6 2 4.5
v 2.6 2.1 4.5
v 2.6 2.4 4.5
v 2.6 2.5 4.5
v 2.6 2.6 4.5
v 2.6 2.7 4.5
v 2.7 2 4.5
v 2.7 2.1 4.5
v 2.7 2.5 4.5
v 2.7 2.6 4.5
v -1.5 3.2 4.4
v -1.5 3.3 4.4
v -1.4 3.1 4.4
v -1.4 3.2 4.4
v -1.4 3.3 4.4
v -0.9 3 4.4
v -0.9 3.1 4.4
v -0.9 3.2 4.4
v -0.8 3.1 4.4
v -0.8 3.2 4.4
v -0.7 3.1 4.4
v -0.7 3.2 4.4
v -0.6 3.1 4.4
v -0.5 3.1 4.4
v -0.4 3.1 4.4
v -0.3 3.1 4.4
v -0.2 3.1 4.4
v -0.2 3.2 4.4
v -0.0999999 2.9 4.4
v -0.0999999 3 4.4
v -0.0999999 3.1 4.4
v -0.0999999 3.2 4.4
v 1 2.8 4.4
v 1 2.9 4.4
v 1 3 4.4
v 1.1 2.9 4.4
v 1.2 2.9 4.4
v 1.9 2.9 4.4
v 2 2.9 4.4
v 2.1 2.2 4.4
v 2.1 2.3 4.4
v 2.1 2.8 4.4
v 2.1 2.9 4.4
v 2.4 2.2 4.4
v 2.4 2.3 4.4
v 2.5 2.3 4.4
v 2.5 2.4 4.4
v 2.5 2.7 4.4
v 2.5 2.8 4.4
v 2.6 2.3 4.4
v 2.6 2.4 4.4
v 2.6 2.5 4.4
v 2.6 2.6 4.4
v 2.6 2.7 4.4
v 2.6 2.8 4.4
v 2.7 2 4.4
v 2.7 2.1 4.4
v 2.7 2.4 4.4
v 2.7 2.5 4.4
v 2.7 2.6 4.4
v 2.7 2.7 4.4
v 2.8 2 4.4
v 2.8 2.1 4.4
v 2.8 2.5 4.4
v 2.8 2.6 4.4
v -0.6 2.8 4
v -0.6 3.1 4
v -0.5 3.1 4
v -0.4 3.1 4
v -0.3 2.8 4
v -0.3 3.1 4
v 1.4 2.6 4
v 1.4 2.9 4
v 1.5 2.9 4
v 1.6 2.9 4
v 1.7 2.6 4
v 1.7 2.9 4
v -0.6 2.8 6.8
v -0.6 3.1 6.8
v -0.5 3.1 6.8
v -0.4 3.1 6.8
v -0.3 2.8 6.8
v -0.3 3.1 6.8
v 1.4 2.6 6.8
v 1.4 2.9 6.8
v 1.5 2.9 6.8
v 1.6 2.9 6.8
v 1.7 2.6 6.8
v 1.7 2.9 6.8
v 2.4 2.4 6.6
v 2.4 2.5 6.6
v 2.5 2.4 6.6
v 2.5 2.5 6.6
v -1.5 3.2 6.4
v -1.5 3.3 6.4
v -1.4 3.1 6.4
v -1.4 3.2 6.4
v -1.4 3.3 6.4
v -0.9 3 6.4
v -0.9 3.1 6.4
v -0.9 3.2 6.4
v -0.8 3.1 6.4
v -0.8 3.2 6.4
v -0.7 3.1 6.4
v -0.7 3.2 6.4
v -0.6 3.1 6.4
v -0.5 3.1 6.4
v -0.4 3.1 6.4
v -0.3 3.1 6.4
v -0.2 3.1 6.4
v -0.2 3.2 6.4
v -0.0999999 2.9 6.4
v -0.0999999 3 6.4
v -0.0999999 3.1 6.4
v -0.0999999 3.2 6.4
v 1 2.8 6.4
v 1 2.9 6.4
v 1 3 6.4
v 1.1 2.9 6.4
v 1.2 2.9 6.4
v 1.9 2.9 6.4
v 2 2.9 6.4
v 2.1 2.2 6.4
v 2.1 2.3 6.4
v 2.1 2.8 6.4
v 2.1 2.9 6.4
v 2.5 2.2 6.4
v 2.5 2.3 6.4
v 2.5 2.4 6.4
v 2.5 2.7 6.4
v 2.5 2.8 6.4
v 2.6 2.3 6.4
v 2.6 2.4 6.4
v 2.6 2.5 6.4
v 2.6 2.6 6.4
v 2.6 2.7 6.4
v 2.6 2.8 6.4
v 2.7 2 6.4
v 2.7 2.1 6.4
v 2.7 2.4 6.4
v 2.7 2.5 6.4
v 2.7 2.6 6.4
v 2.7 2.7 6.4
v 2.8 2 6.4
v 2.8 2.1 6.4
v 2.8 2.5 6.4
v 2.8 2.6 6.4
v -1.6 3.2 6.3
v -1.6 3.3 6.3
v -1.5 2.7 6.3
v -1.5 2.8 6.3
v -1.5 3.1 6.3
v -1.5 3.2 6.3
v -1.5 3.3 6.3
v -1.4 2.7 6.3
v -1.4 2.8 6.3
v -1.4 3 6.3
v -1.4 3.1 6.3
v -1.4 3.2 6.3
v -0.9 2.9 6.3
v -0.9 3 6.3
v -0.9 3.1 6.3
v -0.7 3.1 6.3
v -0.7 3.2 6.3
v -0.6 3.1 6.3
v -0.6 3.2 6.3
v -0.3 3.1 6.3
v -0.3 3.2 6.3
v -0.2 3.1 6.3
v -0.2 3.2 6.3
v -0.0999999 2.8 6.3
v -0.0999999 2.9 6.3
v -0.0999999 3 6.3
v 1 2.7 6.3
v 1 2.8 6.3
v 1 2.9 6.3
v 2.1 2.3 6.3
v 2.1 2.4 6.3
v 2.1 2.7 6.3
v 2.1 2.8 6.3
v 2.5 2.3 6.3
v 2.5 2.4 6.3
v 2.5 2.5 6.3
v 2.5 2.6 6.3
v 2.5 2.7 6.3
v 2.6 2 6.3
v 2.6 2.1 6.3
v 2.6 2.4 6.3
v 2.6 2.5 6.3
v 2.6 2.6 6.3
v 2.6 2.7 6.3
v 2.7 2 6.3
v 2.7 2.1 6.3
v 2.7 2.5 6.3
v 2.7 2.6 6.3
v -1.7 3.2 6.2
v -1.7 3.3 6.2
v -1.6 2.7 6.2
v -1.6 2.8 6.2
v -1.6 3.1 6.2
v -1.6 3.2 6.2
v -1.6 3.3 6.2
v -1.5 2.7 6.2
v -1.5 2.8 6.2
v -1.5 2.9 6.2
v -1.5 3 6.2
v -1.5 3.1 6.2
v -1.5 3.2 6.2
v -1.4 2.8 6.2
v -1.4 2.9 6.2
v -1.4 3 6.2
v -1.4 3.1 6.2
v -0.6 3.1 6.2
v -0.6 3.2 6.2
v -0.3 3.1 6.2
v -0.3 3.2 6.2
v 1.5 2.4 6.2
v 1.5 2.5 6.2
v 1.5 2.6 6.2
v 1.5 2.7 6.2
v 1.6 2.5 6.2
v 1.6 2.6 6.2
v 2.1 2.4 6.2
v 2.1 2.7 6.2
v 2.1 2.9 6.2
v 2.1 3 6.2
v 2.1 3.2 6.2
v 2.2 3.2 6.2
v 2.2 3.5 6.2
v 2.3 3.5 6.2
v 2.3 3.7 6.2
v 2.5 2.4 6.2
v 2.5 2.5 6.2
v 2.5 2.6 6.2
v 2.5 2.7 6.2
v 2.5 3.7 6.2
v 2.6 2.5 6.2
v 2.6 2.6 6.2
v -1.8 3.2 6.1
v -1.8 3.3 6.1
v -1.7 2.7 6.1
v -1.7 2.8 6.1
v -1.7 3.1 6.1
v -1.7 3.2 6.1
v -1.7 3.3 6.1
v -1.6 2.7 6.1
v -1.6 2.8 6.1
v -1.6 3.1 6.1
v -1.6 3.2 6.1
v -1.5 2.8 6.1
v -1.5 3 6.1
v -1.5 3.1 6.1
v -1.4 2.9 6.1
v -1.4 3 6.1
v 1 2.9 6.1
v 1 3 6.1
v 1.1 2.9 6.1
v 1.1 3 6.1
v 1.6 2.5 6.1
v 1.6 2.6 6.1
v 2 2.9 6.1
v 2 3 6.1
v 2.1 2.9 6.1
v 2.1 3 6.1
v 2.3 2 6.1
v 2.3 2.1 6.1
v 2.5 2.5 6.1
v 2.5 2.6 6.1
v 2.6 2 6.1
v 2.6 2.1 6.1
v -1.9 3.2 6
v -1.9 3.3 6
v -1.8 2.7 6
v -1.8 2.8 6
v -1.8 3.1 6
v -1.8 3.2 6
v -1.8 3.3 6
v -1.7 2.7 6
v -1.7 2.8 6
v -1.7 3.1 6
v -1.7 3.2 6
v -1.6 2.8 6
v -1.6 3.1 6
v 1.1 2.9 6
v 1.1 3 6
v 1.2 2.9 6
v 1.2 3 6
v 1.9 2.9 6
v 1.9 3 6
v 2 2.9 6
v 2 3 6
v 2.1 2 6
v 2.1 2.1 6
v 2.3 2 6
v 2.3 2.1 6
v -2 2.7 5.9
v -2 2.8 5.9
v -2 3.3 5.9
v -2 3.4 5.9
v -1.9 3.1 5.9
v -1.9 3.2 5.9
v -1.9 3.3 5.9
v -1.9 3.4 5.9
v -1.8 2.7 5.9
v -1.8 2.8 5.9
v -1.8 3.1 5.9
v -1.8 3.2 5.9
v -1.7 2.8 5.9
v -1.7 3.1 5.9
v 1.2 2.9 5.9
v 1.2 3 5.9
v 1.3 2.9 5.9
v 1.3 3 5.9
v 1.8 2.9 5.9
v 1.8 3 5.9
v 1.9 2.9 5.9
v 1.9 3 5.9
v -2.1 3.3 5.8
v -2.1 3.4 5.8
v -2 2.8 5.8
v -2 2.9 5.8
v -2 3.2 5.8
v -2 3.3 5.8
v -2 3.4 5.8
v -1.9 2.9 5.8
v -1.9 3.1 5.8
v -1.9 3.2 5.8
v -1.9 3.3 5.8
v -1.8 2.8 5.8
v -1.8 3.1 5.8
v 1.3 2.9 5.8
v 1.3 3 5.8
v 1.4 2.9 5.8
v 1.4 3 5.8
v 1.5 2.9 5.8
v 1.5 3 5.8
v 1.6 2.9 5.8
v 1.6 3 5.8
v 1.7 2.9 5.8
v 1.7 3 5.8
v 1.8 2.9 5.8
v 1.8 3 5.8
v -2.2 2.7 5.7
v -2.2 2.8 5.7
v -2.2 3.3 5.7
v -2.2 3.4 5.7
v -2.1 2.7 5.7
v -2.1 2.8 5.7
v -2.1 2.9 5.7
v -2.1 3.2 5.7
v -2.1 3.3 5.7
v -2.1 3.4 5.7
v -2 2.8 5.7
v -2 2.9 5.7
v -2 3.2 5.7
v -2 3.3 5.7
v -1.9 2.9 5.7
v -1.9 3.2 5.7
v -2.7 2 5.3
v -2.7 2.1 5.3
v -2.7 3.3 5.3
v -2.7 3.4 5.3
v -2.6 2 5.3
v -2.6 2.1 5.3
v -2.6 3.3 5.3
v -2.6 3.4 5.3
v -2.5 3.3 5.3
v -2.5 3.4 5.3
v -2 2.5 5.3
v -2 2.6 5.3
v -1.9 2.4 5.3
v -1.9 2.5 5.3
v -1.9 2.6 5.3
v -1.8 2.3 5.3
v -1.8 2.4 5.3
v -1.8 2.5 5.3
v -1.6 2.2 5.3
v -1.6 2.3 5.3
v -1.6 2.4 5.3
v -1.4 2.1 5.3
v -1.4 2.2 5.3
v -1.4 2.3 5.3
v -1.3 2.1 5.3
v -1.3 2.2 5.3
v -2.6 3.2 5.2
v -2.6 3.3 5.2
v -2.5 3.2 5.2
v -2.5 3.3 5.2
v -2.2 2.7 5.2
v -2.2 2.8 5.2
v -2.1 2.7 5.2
v -2.1 2.8 5.2
v -1.9 2.5 5.2
v -1.9 2.6 5.2
v -1.8 2.4 5.2
v -1.8 2.5 5.2
v -1.8 2.6 5.2
v -1.7 2.4 5.2
v -1.7 2.5 5.2
v -1.6 2.7 5.2
v -1.6 3.4 5.2
v -1.5 2.7 5.2
v -1.5 3 5.2
v -1.5 3.4 5.2
v -1.4 2.2 5.2
v -1.4 2.3 5.2
v -1.3 2.1 5.2
v -1.3 2.2 5.2
v -1.3 2.3 5.2
v -1.1 2.1 5.2
v -1.1 2.2 5.2
v -2.6 2 5.1
v -2.6 2.1 5.1
v -2.6 3.4 5.1
v -2.6 3.5 5.1
v -2.5 2 5.1
v -2.5 2.1 5.1
v -2.5 3.1 5.1
v -2.5 3.2 5.1
v -2.5 3.3 5.1
v -2.5 3.4 5.1
v -2.5 3.5 5.1
v -2.4 2.9 5.1
v -2.4 3 5.1
v -2.4 3.1 5.1
v -2.4 3.2 5.1
v -2.4 3.4 5.1
v -2.3 2.7 5.1
v -2.3 2.8 5.1
v -2.3 2.9 5.1
v -2.3 3 5.1
v -2.3 3.4 5.1
v -2.2 2.7 5.1
v -2.2 2.8 5.1
v -2.2 3.3 5.1
v -2.2 3.4 5.1
v -2.1 2.6 5.1
v -2.1 2.7 5.1
v -2 2.6 5.1
v -2 2.7 5.1
v -1.6 2.3 5.1
v -1.6 2.4 5.1
v -1.6 3.4 5.1
v -1.6 3.5 5.1
v -1.5 2.3 5.1
v -1.5 2.4 5.1
v -1.5 3.4 5.1
v -1.5 3.5 5.1
v -1.3 2.2 5.1
v -1.3 2.3 5.1
v -1.2 2.2 5.1
v -1.2 2.3 5.1
v -1.1 2.1 5.1
v -1.1 2.2 5.1
v -1 2.1 5.1
v -1 2.2 5.1
v -2.5 2 5
v -2.5 2.1 5
v -2.5 3.2 5
v -2.5 3.3 5
v -2.5 3.4 5
v -2.5 3.5 5
v -2.4 2 5
v -2.4 2.1 5
v -2.4 3 5
v -2.4 3.1 5
v -2.4 3.2 5
v -2.4 3.4 5
v -2.4 3.5 5
v -2.3 2.8 5
v -2.3 2.9 5
v -2.3 3 5
v -2.3 3.1 5
v -2.2 2.7 5
v -2.2 2.8 5
v -2.2 2.9 5
v -2.2 3.2 5
v -2.2 3.3 5
v -2.2 3.4 5
v -2.1 2.7 5
v -2.1 2.8 5
v -2.1 3.3 5
v -2.1 3.4 5
v -1.8 2.5 5
v -1.8 2.6 5
v -1.7 2.4 5
v -1.7 2.5 5
v -1.7 2.6 5
v -1.7 3.4 5
v -1.7 3.5 5
v -1.6 2.4 5
v -1.6 2.5 5
v -1.6 3.4 5
v -1.6 3.5 5
v -1.5 2.3 5
v -1.5 2.4 5
v -1.3 2.3 5
v -1.3 2.4 5
v -1.2 2.2 5
v -1.2 2.3 5
v -1.1 2.2 5
v -1.1 2.3 5
v -1 2.1 5
v -1 2.2 5
v -0.9 2.1 5
v -0.9 2.2 5
v 2.5 2 5
v 2.5 2.1 5
v 2.6 2 5
v 2.6 2.1 5
v -2.4 2 4.9
v -2.4 2.1 4.9
v -2.4 3.1 4.9
v -2.4 3.2 4.9
v -2.4 3.4 4.9
v -2.4 3.5 4.9
v -2.3 2 4.9
v -2.3 2.1 4.9
v -2.3 2.9 4.9
v -2.3 3 4.9
v -2.3 3.1 4.9
v -2.3 3.4 4.9
v -2.3 3.5 4.9
v -2.2 2.8 4.9
v -2.2 2.9 4.9
v -2.2 3 4.9
v -2.2 3.1 4.9
v -2.2 3.2 4.9
v -2.2 3.3 4.9
v -2.1 2.7 4.9
v -2.1 2.8 4.9
v -2.1 2.9 4.9
v -2.1 3.2 4.9
v -2.1 3.3 4.9
v -2.1 3.4 4.9
v -2 2.6 4.9
v -2 2.7 4.9
v -2 2.8 4.9
v -2 3.3 4.9
v -2 3.4 4.9
v -1.9 2.6 4.9
v -1.9 2.7 4.9
v -1.8 3.4 4.9
v -1.8 3.5 4.9
v -1.7 3.4 4.9
v -1.7 3.5 4.9
v -1.6 2.4 4.9
v -1.6 2.5 4.9
v -1.5 2.4 4.9
v -1.5 2.5 4.9
v -1.3 2.3 4.9
v -1.3 2.4 4.9
v -1.2 2.3 4.9
v -1.2 2.4 4.9
v -1.1 2.2 4.9
v -1.1 2.3 4.9
v -1 2.2 4.9
v -1 2.3 4.9
v 2.1 2 4.9
v 2.1 2.1 4.9
v 2.1 2.4 4.9
v 2.3 2 4.9
v 2.3 2.1 4.9
v 2.4 2 4.9
v 2.4 2.1 4.9
v 2.4 2.4 4.9
v 2.5 2 4.9
v 2.5 2.1 4.9
v -2.3 2 4.8
v -2.3 2.1 4.8
v -2.3 3 4.8
v -2.3 3.1 4.8
v -2.3 3.4 4.8
v -2.3 3.5 4.8
v -2.2 2 4.8
v -2.2 2.1 4.8
v -2.2 2.9 4.8
v -2.2 3 4.8
v -2.2 3.1 4.8
v -2.2 3.2 4.8
v -2.2 3.4 4.8
v -2.2 3.5 4.8
v -2.1 2.8 4.8
v -2.1 2.9 4.8
v -2.1 3 4.8
v -2.1 3.1 4.8
v -2.1 3.2 4.8
v -2.1 3.3 4.8
v -2 2.7 4.8
v -2 2.8 4.8
v -2 2.9 4.8
v -2 3.2 4.8
v -2 3.3 4.8
v -2 3.4 4.8
v -1.9 2.7 4.8
v -1.9 2.8 4.8
v -1.9 3.3 4.8
v -1.9 3.4 4.8
v -1.9 3.5 4.8
v -1.8 3.4 4.8
v -1.8 3.5 4.8
v -1.7 2.5 4.8
v -1.7 2.6 4.8
v -1.6 2.5 4.8
v -1.6 2.6 4.8
v -1.5 2.4 4.8
v -1.5 2.5 4.8
v -1.4 2.4 4.8
v -1.4 2.5 4.8
v -1.2 2.3 4.8
v -1.2 2.4 4.8
v -1.1 2.3 4.8
v -1.1 2.4 4.8
v -1 2.2 4.8
v -1 2.3 4.8
v -0.9 2.1 4.8
v -0.9 2.2 4.8
v -0.9 2.3 4.8
v -0.0999999 2.1 4.8
v -0.0999999 2.2 4.8
v 2.3 2 4.8
v 2.3 2.1 4.8
v 2.4 2 4.8
v 2.4 2.1 4.8
v -2.2 2 4.7
v -2.2 2.1 4.7
v -2.2 3 4.7
v -2.2 3.1 4.7
v -2.1 2 4.7
v -2.1 2.1 4.7
v -2.1 2.9 4.7
v -2.1 3 4.7
v -2.1 3.1 4.7
v -2.1 3.2 4.7
v -2 2.8 4.7
v -2 2.9 4.7
v -2 3 4.7
v -2 3.1 4.7
v -2 3.2 4.7
v -2 3.3 4.7
v -1.9 2.6 4.7
v -1.9 2.7 4.7
v -1.9 2.8 4.7
v -1.9 2.9 4.7
v -1.8 2.6 4.7
v -1.8 2.7 4.7
v -1.8 3.2 4.7
v -1.8 3.3 4.7
v -1.5 2.7 4.7
v -1.5 2.8 4.7
v -1.5 2.9 4.7
v -1.4 2.4 4.7
v -1.4 2.5 4.7
v -1.4 2.7 4.7
v -1.4 2.9 4.7
v -1.3 2.4 4.7
v -1.3 2.5 4.7
v -1.1 2.3 4.7
v -1.1 2.4 4.7
v -1 2.3 4.7
v -1 2.4 4.7
v 1.5 2.4 4.7
v 1.5 2.5 4.7
v 1.5 2.6 4.7
v 1.5 2.9 4.7
v 1.6 2.4 4.7
v 1.6 2.5 4.7
v 1.6 2.6 4.7
v 1.6 2.9 4.7
v -2.1 2 4.6
v -2.1 2.1 4.6
v -2.1 3 4.6
v -2.1 3.1 4.6
v -2 2 4.6
v -2 2.1 4.6
v -2 2.9 4.6
v -2 3 4.6
v -2 3.1 4.6
v -2 3.2 4.6
v -1.9 2.7 4.6
v -1.9 2.8 4.6
v -1.9 2.9 4.6
v -1.9 3 4.6
v -1.8 2.6 4.6
v -1.8 2.7 4.6
v -1.8 2.8 4.6
v -1.8 3.1 4.6
v -1.8 3.2 4.6
v -1.8 3.3 4.6
v -1.7 2.6 4.6
v -1.7 2.7 4.6
v -1.7 3.2 4.6
v -1.7 3.3 4.6
v -1.6 2.5 4.6
v -1.6 2.6 4.6
v -1.5 2.5 4.6
v -1.5 2.6 4.6
v -1.3 2.4 4.6
v -1.3 2.5 4.6
v -1.1 2.4 4.6
v -1.1 2.5 4.6
v -1 2.3 4.6
v -1 2.4 4.6
v -0.9 2.2 4.6
v -0.9 2.3 4.6
v -0.9 2.4 4.6
v -0.9 2.9 4.6
v -0.9 3 4.6
v -0.0999999 2.1 4.6
v -0.0999999 2.2 4.6
v -0.0999999 2.3 4.6
v -0.0999999 2.8 4.6
v -0.0999999 2.9 4.6
v 1 2.1 4.6
v 1 2.2 4.6
v 1 2.7 4.6
v 1 2.8 4.6
v 1 2.9 4.6
v 1 3 4.6
v 1.1 2.9 4.6
v 1.2 2.9 4.6
v 1.5 2.7 4.6
v 1.5 2.9 4.6
v -2 2 4.5
v -2 2.1 4.5
v -2 3 4.5
v -2 3.1 4.5
v -1.9 2 4.5
v -1.9 2.1 4.5
v -1.9 2.8 4.5
v -1.9 2.9 4.5
v -1.9 3 4.5
v -1.8 2.7 4.5
v -1.8 2.8 4.5
v -1.8 2.9 4.5
v -1.8 3 4.5
v -1.8 3.1 4.5
v -1.8 3.2 4.5
v -1.7 2.6 4.5
v -1.7 2.7 4.5
v -1.7 2.8 4.5
v -1.7 3.1 4.5
v -1.7 3.2 4.5
v -1.7 3.3 4.5
v -1.6 2.6 4.5
v -1.6 2.7 4.5
v -1.6 3.2 4.5
v -1.6 3.3 4.5
v -1.5 2.5 4.5
v -1.5 2.6 4.5
v -1.4 2.5 4.5
v -1.4 2.6 4.5
v -1.1 2.4 4.5
v -1.1 2.5 4.5
v -0.9 2.3 4.5
v -0.9 2.4 4.5
v -0.9 2.5 4.5
v -0.0999999 2.2 4.5
v -0.0999999 2.3 4.5
v -0.0999999 2.4 4.5
v 1 2.1 4.5
v 1 2.2 4.5
v 1 2.3 4.5
v 2.1 2.1 4.5
v 2.1 2.2 4.5
v 2.6 3.7 4.5
v 2.6 3.8 4.5
v 2.7 3.7 4.5
v 2.7 3.8 4.5
v -1.9 2 4.4
v -1.9 2.1 4.4
v -1.9 2.9 4.4
v -1.9 3 4.4
v -1.8 2 4.4
v -1.8 2.1 4.4
v -1.8 2.8 4.4
v -1.8 2.9 4.4
v -1.8 3 4.4
v -1.8 3.1 4.4
v -1.7 2.7 4.4
v -1.7 2.8 4.4
v -1.7 2.9 4.4
v -1.7 3 4.4
v -1.7 3.1 4.4
v -1.7 3.2 4.4
v -1.6 2.6 4.4
v -1.6 2.7 4.4
v -1.6 2.8 4.4
v -1.6 3.1 4.4
v -1.6 3.2 4.4
v -1.6 3.3 4.4
v -1.5 2.6 4.4
v -1.5 2.7 4.4
v -1.5 3.2 4.4
v -1.5 3.3 4.4
v -0.9 2.4 4.4
v -0.9 2.5 4.4
v -0.8 2.4 4.4
v -0.8 2.5 4.4
v 2.1 2.9 4.4
v 2.1 3 4.4
v 2.1 3.2 4.4
v 2.2 3.2 4.4
v 2.2 3.5 4.4
v 2.3 3.5 4.4
v 2.3 3.7 4.4
v 2.3 3.8 4.4
v 2.5 2.9 4.4
v 2.5 3.7 4.4
v 2.6 3.7 4.4
v 2.6 3.8 4.4
v -1.8 2 4.3
v -1.8 2.1 4.3
v -1.8 2.9 4.3
v -1.8 3 4.3
v -1.7 2 4.3
v -1.7 2.1 4.3
v -1.7 2.8 4.3
v -1.7 2.9 4.3
v -1.7 3 4.3
v -1.7 3.1 4.3
v -1.6 2.7 4.3
v -1.6 2.8 4.3
v -1.6 2.9 4.3
v -1.6 3 4.3
v -1.6 3.1 4.3
v -1.6 3.2 4.3
v -1.5 2.6 4.3
v -1.5 2.7 4.3
v -1.5 2.8 4.3
v -1.5 3.1 4.3
v -1.5 3.2 4.3
v -1.5 3.3 4.3
v -1.4 2.5 4.3
v -1.4 2.6 4.3
v -1.4 2.7 4.3
v -1.4 3.1 4.3
v -1.4 3.2 4.3
v -1.4 3.3 4.3
v -0.9 3.1 4.3
v -0.9 3.2 4.3
v -0.8 2.4 4.3
v -0.8 2.5 4.3
v -0.8 2.6 4.3
v -0.8 3 4.3
v -0.8 3.1 4.3
v -0.7 3.1 4.3
v -0.6 3.1 4.3
v -0.3 3.1 4.3
v -0.2 3.1 4.3
v -0.0999999 2.3 4.3
v -0.0999999 2.4 4.3
v -0.0999999 2.5 4.3
v -0.0999999 2.9 4.3
v -0.0999999 3 4.3
v -0.0999999 3.1 4.3
v 1 2.2 4.3
v 1 2.3 4.3
v 1 2.4 4.3
v 1 2.8 4.3
v 1 2.9 4.3
v 1 3 4.3
v 1.1 2.9 4.3
v 1.2 2.9 4.3
v 1.9 2.9 4.3
v 2 2.9 4.3
v 2.1 2.9 4.3
v 2.4 2.2 4.3
v 2.4 2.3 4.3
v 2.4 2.5 4.3
v 2.5 2.4 4.3
v 2.5 2.5 4.3
v 2.5 2.7 4.3
v 2.5 2.8 4.3
v 2.5 2.9 4.3
v 2.6 2.3 4.3
v 2.6 2.4 4.3
v 2.6 2.5 4.3
v 2.6 2.6 4.3
v 2.6 2.7 4.3
v 2.6 2.8 4.3
v 2.7 2 4.3
v 2.7 2.1 4.3
v 2.7 2.4 4.3
v 2.7 2.5 4.3
v 2.7 2.6 4.3
v 2.7 2.7 4.3
v 2.8 2 4.3
v 2.8 2.1 4.3
v 2.8 2.5 4.3
v 2.8 2.6 4.3
v -1.7 2 4.2
v -1.7 2.1 4.2
v -1.7 2.9 4.2
v -1.7 3 4.2
v -1.6 2 4.2
v -1.6 2.1 4.2
v -1.6 2.8 4.2
v -1.6 2.9 4.2
v -1.6 3 4.2
v -1.6 3.1 4.2
v -1.5 2.7 4.2
v -1.5 2.8 4.2
v -1.5 2.9 4.2
v -1.5 3 4.2
v -1.5 3.1 4.2
v -1.5 3.2 4.2
v -1.4 2.6 4.2
v -1.4 2.7 4.2
v -1.4 2.8 4.2
v -1.4 3 4.2
v -1.4 3.1 4.2
v -1.4 3.2 4.2
v -0.8 2.5 4.2
v -0.8 2.6 4.2
v -0.8 2.7 4.2
v -0.8 2.9 4.2
v -0.8 3 4.2
v -0.8 3.1 4.2
v -0.0999999 2.4 4.2
v -0.0999999 2.5 4.2
v -0.0999999 2.6 4.2
v -0.0999999 2.8 4.2
v -0.0999999 2.9 4.2
v -0.0999999 3 4.2
v 1 2.3 4.2
v 1 2.4 4.2
v 1 2.5 4.2
v 1 2.7 4.2
v 1 2.8 4.2
v 1 2.9 4.2
v 1 3 4.2
v 1.1 2.9 4.2
v 1.1 3 4.2
v 2 2.9 4.2
v 2 3 4.2
v 2.1 2.9 4.2
v 2.1 3 4.2
v 2.4 2.3 4.2
v 2.4 2.4 4.2
v 2.5 2.4 4.2
v 2.5 2.5 4.2
v 2.5 2.6 4.2
v 2.5 2.7 4.2
v 2.5 2.8 4.2
v 2.6 2 4.2
v 2.6 2.1 4.2
v 2.6 2.4 4.2
v 2.6 2.5 4.2
v 2.6 2.6 4.2
v 2.6 2.7 4.2
v 2.7 2 4.2
v 2.7 2.1 4.2
v 2.7 2.5 4.2
v 2.7 2.6 4.2
v -1.6 2 4.1
v -1.6 2.1 4.1
v -1.6 2.9 4.1
v -1.6 3 4.1
v -1.5 2.8 4.1
v -1.5 2.9 4.1
v -1.5 3 4.1
v -1.5 3.1 4.1
v -1.4 2 4.1
v -1.4 2.1 4.1
v -1.4 2.7 4.1
v -1.4 2.8 4.1
v -1.4 2.9 4.1
v -1.4 3 4.1
v -1.4 3.1 4.1
v -0.8 2.6 4.1
v -0.8 2.7 4.1
v -0.8 2.8 4.1
v -0.8 2.9 4.1
v -0.8 3 4.1
v -0.8 3.1 4.1
v -0.8 3.2 4.1
v -0.7 3.1 4.1
v -0.7 3.2 4.1
v -0.2 3.1 4.1
v -0.2 3.2 4.1
v -0.0999999 2.5 4.1
v -0.0999999 2.6 4.1
v -0.0999999 2.7 4.1
v -0.0999999 2.8 4.1
v -0.0999999 2.9 4.1
v -0.0999999 3.1 4.1
v -0.0999999 3.2 4.1
v 1 2.4 4.1
v 1 2.5 4.1
v 1 2.6 4.1
v 1 2.7 4.1
v 1 2.8 4.1
v 1.1 2.9 4.1
v 1.1 3 4.1
v 1.2 2.9 4.1
v 1.2 3 4.1
v 1.9 2.9 4.1
v 1.9 3 4.1
v 2 2.9 4.1
v 2 3 4.1
v 2.4 2.4 4.1
v 2.4 2.5 4.1
v 2.4 2.6 4.1
v 2.5 2 4.1
v 2.5 2.1 4.1
v 2.5 2.6 4.1
v 2.5 2.7 4.1
v 2.6 2 4.1
v 2.6 2.1 4.1
v 2.6 2.5 4.1
v 2.6 2.6 4.1
v -1.4 2 4
v -1.4 2.1 4
v -1.4 2.8 4
v -1.4 2.9 4
v -0.8 2.7 4
v -0.8 2.8 4
v -0.8 2.9 4
v -0.7 3.1 4
v -0.7 3.2 4
v -0.6 2.7 4
v -0.6 2.8 4
v -0.6 3.1 4
v -0.6 3.2 4
v -0.3 2.7 4
v -0.3 2.8 4
v -0.3 3.1 4
v -0.3 3.2 4
v -0.2 3.1 4
v -0.2 3.2 4
v -0.0999999 2.6 4
v -0.0999999 2.7 4
v -0.0999999 2.8 4
v 1 2.5 4
v 1 2.6 4
v 1 2.7 4
v 1.2 2.9 4
v 1.2 3 4
v 1.3 2.9 4
v 1.3 3 4
v 1.4 2.5 4
v 1.4 2.6 4
v 1.7 2.5 4
v 1.7 2.6 4
v 1.8 2.9 4
v 1.8 3 4
v 1.9 2.9 4
v 1.9 3 4
v 2.4 2.5 4
v 2.4 2.6 4
v 2.5 2 4
v 2.5 2.1 4
v -0.6 2.7 3.9
v -0.6 3.2 3.9
v -0.3 2.7 3.9
v -0.3 3.2 3.9
v 1.3 2.9 3.9
v 1.3 3 3.9
v 1.4 2.5 3.9
v 1.4 2.9 3.9
v 1.7 2.5 3.9
v 1.7 2.9 3.9
v 1.8 2.9 3.9
v 1.8 3 3.9
v -1.4 2 6.8
v 2.5 2 6.8
v -1.6 2 6.7
v -1.4 2 6.7
v 2.5 2 6.7
v 2.6 2 6.7
v -1.7 2 6.6
v -1.6 2 6.6
v 2.6 2 6.6
v 2.7 2 6.6
v -1.8 2 6.5
v -1.7 2 6.5
v 2.7 2 6.5
v 2.8 2 6.5
v -1.9 2 6.4
v -1.8 2 6.4
v 2.7 2 6.4
v 2.8 2 6.4
v -2 2 6.3
v -1.9 2 6.3
v 2.6 2 6.3
v 2.7 2 6.3
v -2.1 2 6.2
v -2 2 6.2
v -2.2 2 6.1
v -2.1 2 6.1
v 2.3 2 6.1
v 2.6 2 6.1
v -2.3 2 6
v -2.2 2 6
v 2.1 2 6
v 2.3 2 6
v 2.4 2 6
v -2.4 2 5.9
v -2.3 2 5.9
v 2.1 2 5.9
v 2.3 2 5.9
v 2.4 2 5.9
v 2.5 2 5.9
v -2.5 2 5.8
v -2.4 2 5.8
v 2.5 2 5.8
v 2.6 2 5.8
v -2.6 2 5.7
v -2.5 2 5.7
v -2.7 2 5.5
v -2.6 2 5.5
v -2.7 2 5.3
v -2.6 2 5.3
v -2.6 2 5.1
v -2.5 2 5.1
v -2.5 2 5
v -2.4 2 5
v 2.5 2 5
v 2.6 2 5
v -2.4 2 4.9
v -2.3 2 4.9
v 2.1 2 4.9
v 2.3 2 4.9
v 2.4 2 4.9
v 2.5 2 4.9
v -2.3 2 4.8
v -2.2 2 4.8
v 2.1 2 4.8
v 2.3 2 4.8
v 2.4 2 4.8
v -2.2 2 4.7
v -2.1 2 4.7
v 2.3 2 4.7
v 2.6 2 4.7
v -2.1 2 4.6
v -2 2 4.6
v -2 2 4.5
v -1.9 2 4.5
v 2.6 2 4.5
v 2.7 2 4.5
v -1.9 2 4.4
v -1.8 2 4.4
v 2.7 2 4.4
v 2.8 2 4.4
v -1.8 2 4.3
v -1.7 2 4.3
v 2.7 2 4.3
v 2.8 2 4.3
v -1.7 2 4.2
v -1.6 2 4.2
v 2.6 2 4.2
v 2.7 2 4.2
v -1.6 2 4.1
v -1.4 2 4.1
v 2.5 2 4.1
v 2.6 2 4.1
v -1.4 2 4
v 2.5 2 4
v 1 2.2 6.5
v 2.5 2.2 6.5
v 1 2.2 6.4
v 2.1 2.2 6.4
v 2.5 2.2 6.4
v -0.0999999 2.2 6.3
v 1 2.2 6.3
v 2.1 2.2 6.3
v -0.9 2.2 6.2
v -0.0999999 2.2 6.2
v 1 2.2 6.2
v -1 2.2 6
v -0.9 2.2 6
v -0.0999999 2.2 6
v -1.1 2.2 5.9
v -1 2.2 5.9
v -1.2 2.2 5.8
v -1.1 2.2 5.8
v -1 2.2 5.8
v -0.9 2.2 5.8
v -1.3 2.2 5.7
v -1.2 2.2 5.7
v -1.1 2.2 5.7
v -1 2.2 5.7
v -1.4 2.2 5.6
v -1.3 2.2 5.6
v -1.1 2.2 5.6
v -1.6 2.2 5.5
v -1.4 2.2 5.5
v -1.3 2.2 5.5
v -1.6 2.2 5.3
v -1.4 2.2 5.3
v -1.3 2.2 5.3
v -1.4 2.2 5.2
v -1.3 2.2 5.2
v -1.1 2.2 5.2
v -1.3 2.2 5.1
v -1.2 2.2 5.1
v -1.1 2.2 5.1
v -1 2.2 5.1
v -1.2 2.2 5
v -1.1 2.2 5
v -1 2.2 5
v -0.9 2.2 5
v -1.1 2.2 4.9
v -1 2.2 4.9
v -1 2.2 4.8
v -0.9 2.2 4.8
v -0.0999999 2.2 4.8
v -0.9 2.2 4.6
v -0.0999999 2.2 4.6
v 1 2.2 4.6
v -0.0999999 2.2 4.5
v 1 2.2 4.5
v 2.1 2.2 4.5
v 1 2.2 4.4
v 2.1 2.2 4.4
v 2.4 2.2 4.4
v 1 2.2 4.3
v 2.4 2.2 4.3
v 1 2.3 6.6
v 2.5 2.3 6.6
v -0.0999999 2.3 6.5
v 1 2.3 6.5
v 2.5 2.3 6.5
v 2.6 2.3 6.5
v -0.0999999 2.3 6.4
v 1 2.3 6.4
v 2.1 2.3 6.4
v 2.5 2.3 6.4
v 2.6 2.3 6.4
v -0.9 2.3 6.3
v -0.0999999 2.3 6.3
v 1 2.3 6.3
v 2.1 2.3 6.3
v 2.5 2.3 6.3
v -1 2.3 6.2
v -0.9 2.3 6.2
v -0.0999999 2.3 6.2
v -1.1 2.3 6.1
v -1 2.3 6.1
v -1.2 2.3 6
v -1.1 2.3 6
v -1 2.3 6
v -0.9 2.3 6
v -1.3 2.3 5.9
v -1.2 2.3 5.9
v -1.1 2.3 5.9
v -1 2.3 5.9
v -1.5 2.3 5.8
v -1.3 2.3 5.8
v -1.2 2.3 5.8
v -1.1 2.3 5.8
v -1.6 2.3 5.7
v -1.5 2.3 5.7
v -1.3 2.3 5.7
v -1.2 2.3 5.7
v -1.4 2.3 5.6
v -1.3 2.3 5.6
v -1.8 2.3 5.5
v -1.6 2.3 5.5
v -1.4 2.3 5.5
v -1.8 2.3 5.3
v -1.6 2.3 5.3
v -1.4 2.3 5.3
v -1.4 2.3 5.2
v -1.3 2.3 5.2
v -1.6 2.3 5.1
v -1.5 2.3 5.1
v -1.3 2.3 5.1
v -1.2 2.3 5.1
v -1.5 2.3 5
v -1.3 2.3 5
v -1.2 2.3 5
v -1.1 2.3 5
v -1.3 2.3 4.9
v -1.2 2.3 4.9
v -1.1 2.3 4.9
v -1 2.3 4.9
v -1.2 2.3 4.8
v -1.1 2.3 4.8
v -1 2.3 4.8
v -0.9 2.3 4.8
v -1.1 2.3 4.7
v -1 2.3 4.7
v -1 2.3 4.6
v -0.9 2.3 4.6
v -0.0999999 2.3 4.6
v -0.9 2.3 4.5
v -0.0999999 2.3 4.5
v 1 2.3 4.5
v 2.1 2.3 4.5
v 2.5 2.3 4.5
v -0.0999999 2.3 4.4
v 1 2.3 4.4
v 2.1 2.3 4.4
v 2.4 2.3 4.4
v 2.5 2.3 4.4
v 2.6 2.3 4.4
v -0.0999999 2.3 4.3
v 1 2.3 4.3
v 2.4 2.3 4.3
v 2.6 2.3 4.3
v 1 2.3 4.2
v 2.4 2.3 4.2
v 1 2.4 6.7
v 2.5 2.4 6.7
v -0.0999999 2.4 6.6
v 1 2.4 6.6
v 2.5 2.4 6.6
v 2.6 2.4 6.6
v -0.9 2.4 6.5
v -0.0999999 2.4 6.5
v 1 2.4 6.5
v 2.5 2.4 6.5
v 2.6 2.4 6.5
v 2.7 2.4 6.5
v -0.9 2.4 6.4
v -0.0999999 2.4 6.4
v 2.5 2.4 6.4
v 2.6 2.4 6.4
v 2.7 2.4 6.4
v -1.1 2.4 6.3
v -0.9 2.4 6.3
v -0.0999999 2.4 6.3
v 2.1 2.4 6.3
v 2.5 2.4 6.3
v 2.6 2.4 6.3
v -1.3 2.4 6.2
v -1.1 2.4 6.2
v -1 2.4 6.2
v -0.9 2.4 6.2
v 2.1 2.4 6.2
v 2.5 2.4 6.2
v -1.4 2.4 6.1
v -1.3 2.4 6.1
v -1.1 2.4 6.1
v -1 2.4 6.1
v -1.5 2.4 6
v -1.4 2.4 6
v -1.2 2.4 6
v -1.1 2.4 6
v -1.6 2.4 5.9
v -1.5 2.4 5.9
v -1.3 2.4 5.9
v -1.2 2.4 5.9
v -1.7 2.4 5.8
v -1.6 2.4 5.8
v -1.5 2.4 5.8
v -1.3 2.4 5.8
v -1.6 2.4 5.7
v -1.5 2.4 5.7
v -1.8 2.4 5.6
v -1.7 2.4 5.6
v -1.9 2.4 5.5
v -1.8 2.4 5.5
v -1.6 2.4 5.5
v -1.9 2.4 5.3
v -1.8 2.4 5.3
v -1.6 2.4 5.3
v -1.8 2.4 5.2
v -1.7 2.4 5.2
v -1.6 2.4 5.1
v -1.5 2.4 5.1
v -1.7 2.4 5
v -1.6 2.4 5
v -1.5 2.4 5
v -1.3 2.4 5
v -1.6 2.4 4.9
v -1.5 2.4 4.9
v -1.3 2.4 4.9
v -1.2 2.4 4.9
v -1.5 2.4 4.8
v -1.4 2.4 4.8
v -1.2 2.4 4.8
v -1.1 2.4 4.8
v -1.4 2.4 4.7
v -1.3 2.4 4.7
v -1.1 2.4 4.7
v -1 2.4 4.7
v -1.3 2.4 4.6
v -1.1 2.4 4.6
v -1 2.4 4.6
v -0.9 2.4 4.6
v 2.1 2.4 4.6
v 2.5 2.4 4.6
v -1.1 2.4 4.5
v -0.9 2.4 4.5
v -0.0999999 2.4 4.5
v 2.1 2.4 4.5
v 2.5 2.4 4.5
v 2.6 2.4 4.5
v -0.9 2.4 4.4
v -0.8 2.4 4.4
v -0.0999999 2.4 4.4
v 2.5 2.4 4.4
v 2.6 2.4 4.4
v 2.7 2.4 4.4
v -0.8 2.4 4.3
v -0.0999999 2.4 4.3
v 1 2.4 4.3
v 2.5 2.4 4.3
v 2.6 2.4 4.3
v 2.7 2.4 4.3
v -0.0999999 2.4 4.2
v 1 2.4 4.2
v 2.4 2.4 4.2
v 2.5 2.4 4.2
v 2.6 2.4 4.2
v 1 2.4 4.1
v 2.4 2.4 4.1
v 1.4 2.5 6.9
v 1.7 2.5 6.9
v 1 2.5 6.8
v 1.4 2.5 6.8
v 1.7 2.5 6.8
v 2.5 2.5 6.8
v -0.0999999 2.5 6.7
v 1 2.5 6.7
v 2.5 2.5 6.7
v 2.6 2.5 6.7
v -0.9 2.5 6.6
v -0.0999999 2.5 6.6
v 1 2.5 6.6
v 2.4 2.5 6.6
v 2.5 2.5 6.6
v 2.6 2.5 6.6
v 2.7 2.5 6.6
v -1.4 2.5 6.5
v -0.9 2.5 6.5
v -0.0999999 2.5 6.5
v 2.4 2.5 6.5
v 2.5 2.5 6.5
v 2.6 2.5 6.5
v 2.7 2.5 6.5
v 2.8 2.5 6.5
v -1.4 2.5 6.4
v -0.9 2.5 6.4
v 2.6 2.5 6.4
v 2.7 2.5 6.4
v 2.8 2.5 6.4
v -1.5 2.5 6.3
v -1.4 2.5 6.3
v -1.1 2.5 6.3
v -0.9 2.5 6.3
v 2.5 2.5 6.3
v 2.6 2.5 6.3
v 2.7 2.5 6.3
v -1.6 2.5 6.2
v -1.5 2.5 6.2
v -1.3 2.5 6.2
v -1.1 2.5 6.2
v 1.5 2.5 6.2
v 1.6 2.5 6.2
v 2.5 2.5 6.2
v 2.6 2.5 6.2
v -1.4 2.5 6.1
v -1.3 2.5 6.1
v 1.5 2.5 6.1
v 1.6 2.5 6.1
v 2.5 2.5 6.1
v -1.7 2.5 6
v -1.6 2.5 6
v -1.5 2.5 6
v -1.4 2.5 6
v -1.6 2.5 5.9
v -1.5 2.5 5.9
v -1.8 2.5 5.8
v -1.7 2.5 5.8
v -1.6 2.5 5.8
v -1.9 2.5 5.6
v -1.8 2.5 5.6
v -1.7 2.5 5.6
v -2 2.5 5.5
v -1.9 2.5 5.5
v -1.8 2.5 5.5
v -2 2.5 5.3
v -1.9 2.5 5.3
v -1.8 2.5 5.3
v -1.9 2.5 5.2
v -1.8 2.5 5.2
v -1.7 2.5 5.2
v -1.8 2.5 5
v -1.7 2.5 5
v -1.6 2.5 5
v -1.6 2.5 4.9
v -1.5 2.5 4.9
v -1.7 2.5 4.8
v -1.6 2.5 4.8
v -1.5 2.5 4.8
v -1.4 2.5 4.8
v -1.4 2.5 4.7
v -1.3 2.5 4.7
v 1.5 2.5 4.7
v 1.6 2.5 4.7
v 2.5 2.5 4.7
v -1.6 2.5 4.6
v -1.5 2.5 4.6
v -1.3 2.5 4.6
v -1.1 2.5 4.6
v 1.5 2.5 4.6
v 1.6 2.5 4.6
v 2.5 2.5 4.6
v 2.6 2.5 4.6
v -1.5 2.5 4.5
v -1.4 2.5 4.5
v -1.1 2.5 4.5
v -0.9 2.5 4.5
v 2.5 2.5 4.5
v 2.6 2.5 4.5
v 2.7 2.5 4.5
v -1.4 2.5 4.4
v -0.9 2.5 4.4
v -0.8 2.5 4.4
v 2.6 2.5 4.4
v 2.7 2.5 4.4
v 2.8 2.5 4.4
v -1.4 2.5 4.3
v -0.8 2.5 4.3
v -0.0999999 2.5 4.3
v 2.4 2.5 4.3
v 2.5 2.5 4.3
v 2.6 2.5 4.3
v 2.7 2.5 4.3
v 2.8 2.5 4.3
v -0.8 2.5 4.2
v -0.0999999 2.5 4.2
v 1 2.5 4.2
v 2.5 2.5 4.2
v 2.6 2.5 4.2
v 2.7 2.5 4.2
v -0.0999999 2.5 4.1
v 1 2.5 4.1
v 2.4 2.5 4.1
v 2.6 2.5 4.1
v 1 2.5 4
v 1.4 2.5 4
v 1.7 2.5 4
v 2.4 2.5 4
v 1.4 2.5 3.9
v 1.7 2.5 3.9
v -0.0999999 2.6 6.8
v 1 2.6 6.8
v -0.9 2.6 6.7
v -0.0999999 2.6 6.7
v 1 2.6 6.7
v -1.4 2.6 6.6
v -0.9 2.6 6.6
v -0.0999999 2.6 6.6
v -1.5 2.6 6.5
v -1.4 2.6 6.5
v -0.9 2.6 6.5
v -1.6 2.6 6.4
v -1.5 2.6 6.4
v -1.4 2.6 6.4
v -1.7 2.6 6.3
v -1.6 2.6 6.3
v -1.5 2.6 6.3
v -1.4 2.6 6.3
v -1.8 2.6 6.2
v -1.7 2.6 6.2
v -1.6 2.6 6.2
v -1.5 2.6 6.2
v -1.9 2.6 6.1
v -1.8 2.6 6.1
v -1.7 2.6 6.1
v -1.9 2.6 6
v -1.8 2.6 6
v -1.7 2.6 6
v -1.6 2.6 6
v -2 2.6 5.9
v -1.9 2.6 5.9
v -1.8 2.6 5.8
v -1.7 2.6 5.8
v -2.1 2.6 5.7
v -2 2.6 5.7
v -1.9 2.6 5.6
v -1.8 2.6 5.6
v -2 2.6 5.5
v -1.9 2.6 5.5
v -2 2.6 5.3
v -1.9 2.6 5.3
v -1.9 2.6 5.2
v -1.8 2.6 5.2
v -2.1 2.6 5.1
v -2 2.6 5.1
v -1.8 2.6 5
v -1.7 2.6 5
v -2 2.6 4.9
v -1.9 2.6 4.9
v -1.9 2.6 4.8
v -1.8 2.6 4.8
v -1.7 2.6 4.8
v -1.6 2.6 4.8
v -1.9 2.6 4.7
v -1.8 2.6 4.7
v -1.7 2.6 4.7
v -1.8 2.6 4.6
v -1.7 2.6 4.6
v -1.6 2.6 4.6
v -1.5 2.6 4.6
v -1.7 2.6 4.5
v -1.6 2.6 4.5
v -1.5 2.6 4.5
v -1.4 2.6 4.5
v -1.6 2.6 4.4
v -1.5 2.6 4.4
v -1.4 2.6 4.4
v -1.5 2.6 4.3
v -1.4 2.6 4.3
v -0.8 2.6 4.3
v -1.4 2.6 4.2
v -0.8 2.6 4.2
v -0.0999999 2.6 4.2
v -0.8 2.6 4.1
v -0.0999999 2.6 4.1
v 1 2.6 4.1
v -0.0999999 2.6 4
v 1 2.6 4
v -0.6 2.7 6.9
v -0.3 2.7 6.9
v -0.9 2.7 6.8
v -0.6 2.7 6.8
v -0.3 2.7 6.8
v -0.0999999 2.7 6.8
v -1.4 2.7 6.7
v -0.9 2.7 6.7
v -0.0999999 2.7 6.7
v -1.5 2.7 6.6
v -1.4 2.7 6.6
v -0.9 2.7 6.6
v -1.6 2.7 6.5
v -1.5 2.7 6.5
v -1.4 2.7 6.5
v -1.7 2.7 6.4
v -1.6 2.7 6.4
v -1.5 2.7 6.4
v -1.8 2.7 6.3
v -1.7 2.7 6.3
v -1.6 2.7 6.3
v -1.9 2.7 6.2
v -1.8 2.7 6.2
v -1.7 2.7 6.2
v -1.9 2.7 6.1
v -1.8 2.7 6.1
v -2 2.7 6
v -1.9 2.7 6
v -2.1 2.7 5.9
v -2 2.7 5.9
v -1.9 2.7 5.9
v -2.2 2.7 5.8
v -2.1 2.7 5.8
v -2 2.7 5.8
v -2.3 2.7 5.7
v -2.2 2.7 5.7
v -2.1 2.7 5.7
v -2 2.7 5.7
v -2.2 2.7 5.6
v -2.1 2.7 5.6
v -2.2 2.7 5.2
v -2.1 2.7 5.2
v -2.3 2.7 5.1
v -2.2 2.7 5.1
v -2.1 2.7 5.1
v -2 2.7 5.1
v -2.2 2.7 5
v -2.1 2.7 5
v -2 2.7 5
v -2.1 2.7 4.9
v -2 2.7 4.9
v -1.9 2.7 4.9
v -2 2.7 4.8
v -1.9 2.7 4.8
v -1.9 2.7 4.7
v -1.8 2.7 4.7
v -1.9 2.7 4.6
v -1.8 2.7 4.6
v -1.7 2.7 4.6
v -1.8 2.7 4.5
v -1.7 2.7 4.5
v -1.6 2.7 4.5
v -1.7 2.7 4.4
v -1.6 2.7 4.4
v -1.5 2.7 4.4
v -1.6 2.7 4.3
v -1.5 2.7 4.3
v -1.4 2.7 4.3
v -1.5 2.7 4.2
v -1.4 2.7 4.2
v -0.8 2.7 4.2
v -1.4 2.7 4.1
v -0.8 2.7 4.1
v -0.0999999 2.7 4.1
v -0.8 2.7 4
v -0.6 2.7 4
v -0.3 2.7 4
v -0.0999999 2.7 4
v -0.6 2.7 3.9
v -0.3 2.7 3.9
v -1.4 2.8 6.8
v -0.9 2.8 6.8
v -1.5 2.8 6.7
v -1.4 2.8 6.7
v -0.9 2.8 6.7
v -1.6 2.8 6.6
v -1.5 2.8 6.6
v -1.4 2.8 6.6
v -1.7 2.8 6.5
v -1.6 2.8 6.5
v -1.5 2.8 6.5
v -1.8 2.8 6.4
v -1.7 2.8 6.4
v -1.6 2.8 6.4
v -1.9 2.8 6.3
v -1.8 2.8 6.3
v -1.7 2.8 6.3
v -1.5 2.8 6.3
v -1.4 2.8 6.3
v -1.9 2.8 6.2
v -1.8 2.8 6.2
v -1.6 2.8 6.2
v -1.5 2.8 6.2
v -1.4 2.8 6.2
v -2 2.8 6.1
v -1.9 2.8 6.1
v -1.7 2.8 6.1
v -1.6 2.8 6.1
v -1.5 2.8 6.1
v -2.1 2.8 6
v -2 2.8 6
v -1.9 2.8 6
v -1.8 2.8 6
v -1.7 2.8 6
v -1.6 2.8 6
v -2.2 2.8 5.9
v -2.1 2.8 5.9
v -2 2.8 5.9
v -1.8 2.8 5.9
v -1.7 2.8 5.9
v -2.3 2.8 5.8
v -2.2 2.8 5.8
v -2.1 2.8 5.8
v -2 2.8 5.8
v -1.8 2.8 5.8
v -2.3 2.8 5.7
v -2.2 2.8 5.7
v -2.1 2.8 5.7
v -2.2 2.8 5.6
v -2.1 2.8 5.6
v -2.2 2.8 5.2
v -2.1 2.8 5.2
v -2.3 2.8 5.1
v -2.2 2.8 5.1
v -2.1 2.8 5.1
v -2.3 2.8 5
v -2.2 2.8 5
v -2.1 2.8 5
v -2 2.8 5
v -1.8 2.8 5
v -2.2 2.8 4.9
v -2.1 2.8 4.9
v -2 2.8 4.9
v -1.8 2.8 4.9
v -1.7 2.8 4.9
v -2.1 2.8 4.8
v -2 2.8 4.8
v -1.9 2.8 4.8
v -1.8 2.8 4.8
v -1.7 2.8 4.8
v -1.6 2.8 4.8
v -2 2.8 4.7
v -1.9 2.8 4.7
v -1.7 2.8 4.7
v -1.6 2.8 4.7
v -1.5 2.8 4.7
v -1.9 2.8 4.6
v -1.8 2.8 4.6
v -1.6 2.8 4.6
v -1.5 2.8 4.6
v -1.4 2.8 4.6
v -1.9 2.8 4.5
v -1.8 2.8 4.5
v -1.7 2.8 4.5
v -1.5 2.8 4.5
v -1.4 2.8 4.5
v -1.8 2.8 4.4
v -1.7 2.8 4.4
v -1.6 2.8 4.4
v -1.7 2.8 4.3
v -1.6 2.8 4.3
v -1.5 2.8 4.3
v -1.6 2.8 4.2
v -1.5 2.8 4.2
v -1.4 2.8 4.2
v -1.5 2.8 4.1
v -1.4 2.8 4.1
v -0.8 2.8 4.1
v -1.4 2.8 4
v -0.8 2.8 4
v 1.3 2.9 6.9
v 1.4 2.9 6.9
v 1.7 2.9 6.9
v 1.8 2.9 6.9
v 1.2 2.9 6.8
v 1.3 2.9 6.8
v 1.4 2.9 6.8
v 1.5 2.9 6.8
v 1.6 2.9 6.8
v 1.7 2.9 6.8
v 1.8 2.9 6.8
v 1.9 2.9 6.8
v -1.6 2.9 6.7
v -1.5 2.9 6.7
v 1.1 2.9 6.7
v 1.2 2.9 6.7
v 1.3 2.9 6.7
v 1.4 2.9 6.7
v 1.5 2.9 6.7
v 1.6 2.9 6.7
v 1.7 2.9 6.7
v 1.8 2.9 6.7
v 1.9 2.9 6.7
v 2 2.9 6.7
v -1.7 2.9 6.6
v -1.6 2.9 6.6
v -1.5 2.9 6.6
v 1 2.9 6.6
v 1.1 2.9 6.6
v 1.2 2.9 6.6
v 1.3 2.9 6.6
v 1.8 2.9 6.6
v 1.9 2.9 6.6
v 2 2.9 6.6
v 2.1 2.9 6.6
v -1.8 2.9 6.5
v -1.7 2.9 6.5
v -1.6 2.9 6.5
v 1 2.9 6.5
v 1.1 2.9 6.5
v 1.2 2.9 6.5
v 1.9 2.9 6.5
v 2 2.9 6.5
v 2.1 2.9 6.5
v -1.9 2.9 6.4
v -1.8 2.9 6.4
v -1.7 2.9 6.4
v 1 2.9 6.4
v 1.1 2.9 6.4
v 1.2 2.9 6.4
v 1.9 2.9 6.4
v 2 2.9 6.4
v 2.1 2.9 6.4
v -1.9 2.9 6.3
v -1.8 2.9 6.3
v 1 2.9 6.3
v 1.1 2.9 6.3
v 1.2 2.9 6.3
v 1.9 2.9 6.3
v 2 2.9 6.3
v -2 2.9 6.2
v -1.9 2.9 6.2
v -1.5 2.9 6.2
v -1.4 2.9 6.2
v 1 2.9 6.2
v 1.1 2.9 6.2
v 1.2 2.9 6.2
v 1.5 2.9 6.2
v 1.9 2.9 6.2
v 2 2.9 6.2
v 2.1 2.9 6.2
v -2.1 2.9 6.1
v -2 2.9 6.1
v -1.9 2.9 6.1
v -1.5 2.9 6.1
v -1.4 2.9 6.1
v 1.5 2.9 6.1
v 1.6 2.9 6.1
v 1.8 2.9 6.1
v 1.9 2.9 6.1
v 2 2.9 6.1
v 2.1 2.9 6.1
v -2.2 2.9 6
v -2.1 2.9 6
v -2 2.9 6
v 1.6 2.9 6
v 1.7 2.9 6
v 1.8 2.9 6
v 1.9 2.9 6
v 2 2.9 6
v -2.3 2.9 5.9
v -2.2 2.9 5.9
v -2.1 2.9 5.9
v 1.6 2.9 5.9
v 1.7 2.9 5.9
v 1.8 2.9 5.9
v 1.9 2.9 5.9
v -2.3 2.9 5.8
v -2.2 2.9 5.8
v -2 2.9 5.8
v -1.9 2.9 5.8
v 1.6 2.9 5.8
v 1.7 2.9 5.8
v 1.8 2.9 5.8
v -2.4 2.9 5.7
v -2.3 2.9 5.7
v -2.1 2.9 5.7
v -2 2.9 5.7
v -1.9 2.9 5.7
v -2.4 2.9 5.1
v -2.3 2.9 5.1
v -2.1 2.9 5.1
v -2 2.9 5.1
v -1.9 2.9 5.1
v -2.3 2.9 5
v -2.2 2.9 5
v -2 2.9 5
v -1.9 2.9 5
v 1.6 2.9 5
v 1.7 2.9 5
v 1.8 2.9 5
v -2.3 2.9 4.9
v -2.2 2.9 4.9
v -2.1 2.9 4.9
v 1.6 2.9 4.9
v 1.7 2.9 4.9
v 1.8 2.9 4.9
v 1.9 2.9 4.9
v -2.2 2.9 4.8
v -2.1 2.9 4.8
v -2 2.9 4.8
v 1.6 2.9 4.8
v 1.7 2.9 4.8
v 1.8 2.9 4.8
v 1.9 2.9 4.8
v 2 2.9 4.8
v -2.1 2.9 4.7
v -2 2.9 4.7
v -1.9 2.9 4.7
v -1.5 2.9 4.7
v -1.4 2.9 4.7
v 1.5 2.9 4.7
v 1.6 2.9 4.7
v 1.8 2.9 4.7
v 1.9 2.9 4.7
v 2 2.9 4.7
v 2.1 2.9 4.7
v -2 2.9 4.6
v -1.9 2.9 4.6
v -1.5 2.9 4.6
v -1.4 2.9 4.6
v 1 2.9 4.6
v 1.1 2.9 4.6
v 1.2 2.9 4.6
v 1.5 2.9 4.6
v 1.9 2.9 4.6
v 2 2.9 4.6
v 2.1 2.9 4.6
v -1.9 2.9 4.5
v -1.8 2.9 4.5
v 1 2.9 4.5
v 1.1 2.9 4.5
v 1.2 2.9 4.5
v 1.9 2.9 4.5
v 2 2.9 4.5
v -1.9 2.9 4.4
v -1.8 2.9 4.4
v -1.7 2.9 4.4
v 1 2.9 4.4
v 1.1 2.9 4.4
v 1.2 2.9 4.4
v 1.9 2.9 4.4
v 2 2.9 4.4
v 2.1 2.9 4.4
v -1.8 2.9 4.3
v -1.7 2.9 4.3
v -1.6 2.9 4.3
v 1 2.9 4.3
v 1.1 2.9 4.3
v 1.2 2.9 4.3
v 1.9 2.9 4.3
v 2 2.9 4.3
v 2.1 2.9 4.3
v -1.7 2.9 4.2
v -1.6 2.9 4.2
v -1.5 2.9 4.2
v 1 2.9 4.2
v 1.1 2.9 4.2
v 1.2 2.9 4.2
v 1.3 2.9 4.2
v 1.8 2.9 4.2
v 1.9 2.9 4.2
v 2 2.9 4.2
v 2.1 2.9 4.2
v -1.6 2.9 4.1
v -1.5 2.9 4.1
v 1.1 2.9 4.1
v 1.2 2.9 4.1
v 1.3 2.9 4.1
v 1.4 2.9 4.1
v 1.5 2.9 4.1
v 1.6 2.9 4.1
v 1.7 2.9 4.1
v 1.8 2.9 4.1
v 1.9 2.9 4.1
v 2 2.9 4.1
v 1.2 2.9 4
v 1.3 2.9 4
v 1.4 2.9 4
v 1.5 2.9 4
v 1.6 2.9 4
v 1.7 2.9 4
v 1.8 2.9 4
v 1.9 2.9 4
v 1.3 2.9 3.9
v 1.4 2.9 3.9
v 1.7 2.9 3.9
v 1.8 2.9 3.9
v -2 3 6.3
v -1.9 3 6.3
v -2.1 3 6.2
v -2 3 6.2
v -1.9 3 6.2
v -2.2 3 6.1
v -2.1 3 6.1
v -2 3 6.1
v -2.3 3 6
v -2.2 3 6
v -2.1 3 6
v -2.3 3 5.9
v -2.2 3 5.9
v -2.4 3 5.8
v -2.3 3 5.8
v -2.4 3 5.7
v -2.3 3 5.7
v -2.4 3 5.1
v -2.3 3 5.1
v -2.4 3 5
v -2.3 3 5
v -2.3 3 4.9
v -2.2 3 4.9
v -2.3 3 4.8
v -2.2 3 4.8
v -2.1 3 4.8
v -2.2 3 4.7
v -2.1 3 4.7
v -2 3 4.7
v -2.1 3 4.6
v -2 3 4.6
v -1.9 3 4.6
v -2 3 4.5
v -1.9 3 4.5
v -0.7 3.1 6.8
v -0.6 3.1 6.8
v -0.5 3.1 6.8
v -0.4 3.1 6.8
v -0.3 3.1 6.8
v -0.2 3.1 6.8
v -0.8 3.1 6.7
v -0.7 3.1 6.7
v -0.6 3.1 6.7
v -0.5 3.1 6.7
v -0.4 3.1 6.7
v -0.3 3.1 6.7
v -0.2 3.1 6.7
v -0.0999999 3.1 6.7
v -0.7 3.1 6.6
v -0.6 3.1 6.6
v -0.3 3.1 6.6
v -0.2 3.1 6.6
v -0.8 3.1 6.5
v -0.7 3.1 6.5
v -0.6 3.1 6.5
v -0.3 3.1 6.5
v -0.2 3.1 6.5
v -0.0999999 3.1 6.5
v -0.7 3.1 6.4
v -0.6 3.1 6.4
v -0.5 3.1 6.4
v -0.4 3.1 6.4
v -0.3 3.1 6.4
v -0.2 3.1 6.4
v -0.7 3.1 6.3
v -0.6 3.1 6.3
v -0.5 3.1 6.3
v -0.4 3.1 6.3
v -0.3 3.1 6.3
v -0.2 3.1 6.3
v -0.6 3.1 6.2
v -0.3 3.1 6.2
v -2.4 3.1 5.9
v -2.3 3.1 5.9
v -2.4 3.1 5.8
v -2.3 3.1 5.8
v -2.5 3.1 5.7
v -2.4 3.1 5.7
v -2.5 3.1 5.1
v -2.4 3.1 5.1
v -2.4 3.1 5
v -2.3 3.1 5
v -2.4 3.1 4.9
v -2.3 3.1 4.9
v -0.6 3.1 4.6
v -0.3 3.1 4.6
v -0.7 3.1 4.5
v -0.6 3.1 4.5
v -0.5 3.1 4.5
v -0.4 3.1 4.5
v -0.3 3.1 4.5
v -0.2 3.1 4.5
v -0.7 3.1 4.4
v -0.6 3.1 4.4
v -0.5 3.1 4.4
v -0.4 3.1 4.4
v -0.3 3.1 4.4
v -0.2 3.1 4.4
v -0.8 3.1 4.3
v -0.7 3.1 4.3
v -0.6 3.1 4.3
v -0.3 3.1 4.3
v -0.2 3.1 4.3
v -0.0999999 3.1 4.3
v -0.8 3.1 4.2
v -0.7 3.1 4.2
v -0.6 3.1 4.2
v -0.3 3.1 4.2
v -0.2 3.1 4.2
v -0.8 3.1 4.1
v -0.7 3.1 4.1
v -0.6 3.1 4.1
v -0.5 3.1 4.1
v -0.4 3.1 4.1
v -0.3 3.1 4.1
v -0.2 3.1 4.1
v -0.0999999 3.1 4.1
v -0.7 3.1 4
v -0.6 3.1 4
v -0.5 3.1 4
v -0.4 3.1 4
v -0.3 3.1 4
v -0.2 3.1 4
v -2.5 3.2 5.8
v -2.4 3.2 5.8
v -2.5 3.2 5.7
v -2.4 3.2 5.7
v -2.6 3.2 5.6
v -2.5 3.2 5.6
v -2.6 3.2 5.2
v -2.5 3.2 5.2
v -2.5 3.2 5.1
v -2.4 3.2 5.1
v -2.5 3.2 5
v -2.4 3.2 5
v -2.7 3.3 5.5
v -2.6 3.3 5.5
v -2.7 3.3 5.3
v -2.6 3.3 5.3
v -2.3 3.4 6
v -2.2 3.4 6
v -2 3.4 6
v -1.9 3.4 6
v -1.8 3.4 6
v -2.4 3.4 5.9
v -2.3 3.4 5.9
v -2.2 3.4 5.9
v -2.1 3.4 5.9
v -2 3.4 5.9
v -1.9 3.4 5.9
v -1.8 3.4 5.9
v -1.7 3.4 5.9
v -2.5 3.4 5.8
v -2.4 3.4 5.8
v -2.3 3.4 5.8
v -2.2 3.4 5.8
v -2.1 3.4 5.8
v -2 3.4 5.8
v -1.9 3.4 5.8
v -1.8 3.4 5.8
v -1.7 3.4 5.8
v -1.6 3.4 5.8
v -2.6 3.4 5.7
v -2.5 3.4 5.7
v -2.4 3.4 5.7
v -2.3 3.4 5.7
v -2.2 3.4 5.7
v -2.1 3.4 5.7
v -1.8 3.4 5.7
v -1.7 3.4 5.7
v -1.6 3.4 5.7
v -1.5 3.4 5.7
v -1.7 3.4 5.6
v -1.6 3.4 5.6
v -1.5 3.4 5.6
v -2.6 3.4 5.5
v -2.5 3.4 5.5
v -1.7 3.4 5.5
v -1.6 3.4 5.5
v -2.6 3.4 5.3
v -2.5 3.4 5.3
v -1.7 3.4 5.3
v -1.6 3.4 5.3
v -1.7 3.4 5.2
v -1.6 3.4 5.2
v -1.5 3.4 5.2
v -2.6 3.4 5.1
v -2.5 3.4 5.1
v -2.4 3.4 5.1
v -2.3 3.4 5.1
v -2.2 3.4 5.1
v -2.1 3.4 5.1
v -1.8 3.4 5.1
v -1.7 3.4 5.1
v -1.6 3.4 5.1
v -1.5 3.4 5.1
v -2.5 3.4 5
v -2.4 3.4 5
v -2.3 3.4 5
v -2.2 3.4 5
v -2.1 3.4 5
v -2 3.4 5
v -1.9 3.4 5
v -1.8 3.4 5
v -1.7 3.4 5
v -1.6 3.4 5
v -2.4 3.4 4.9
v -2.3 3.4 4.9
v -2.2 3.4 4.9
v -2.1 3.4 4.9
v -2 3.4 4.9
v -1.9 3.4 4.9
v -1.8 3.4 4.9
v -1.7 3.4 4.9
v -2.3 3.4 4.8
v -2.2 3.4 4.8
v -2 3.4 4.8
v -1.9 3.4 4.8
v -1.8 3.4 4.8
v 2.5 3.7 6.4
v 2.6 3.7 6.4
v 2.6 3.7 6.3
v 2.7 3.7 6.3
v 2.3 3.7 6.2
v 2.5 3.7 6.2
v 2.3 3.7 4.6
v 2.5 3.7 4.6
v 2.6 3.7 4.5
v 2.7 3.7 4.5
v 2.5 3.7 4.4
v 2.6 3.7 4.4
v -1.4 2.1 6.8
v 2.5 2.1 6.8
v -1.6 2.1 6.7
v -1.4 2.1 6.7
v 2.5 2.1 6.7
v 2.6 2.1 6.7
v -1.7 2.1 6.6
v -1.6 2.1 6.6
v 2.6 2.1 6.6
v 2.7 2.1 6.6
v -1.8 2.1 6.5
v -1.7 2.1 6.5
v 2.7 2.1 6.5
v 2.8 2.1 6.5
v -1.9 2.1 6.4
v -1.8 2.1 6.4
v 2.7 2.1 6.4
v 2.8 2.1 6.4
v -2 2.1 6.3
v -1.9 2.1 6.3
v 1 2.1 6.3
v 2.1 2.1 6.3
v 2.6 2.1 6.3
v 2.7 2.1 6.3
v -2.1 2.1 6.2
v -2 2.1 6.2
v -0.0999999 2.1 6.2
v 1 2.1 6.2
v -2.2 2.1 6.1
v -2.1 2.1 6.1
v 2.3 2.1 6.1
v 2.6 2.1 6.1
v -2.3 2.1 6
v -2.2 2.1 6
v -0.9 2.1 6
v -0.0999999 2.1 6
v 2.1 2.1 6
v 2.3 2.1 6
v 2.4 2.1 6
v -2.4 2.1 5.9
v -2.3 2.1 5.9
v 2.3 2.1 5.9
v 2.4 2.1 5.9
v 2.5 2.1 5.9
v -2.5 2.1 5.8
v -2.4 2.1 5.8
v -1 2.1 5.8
v -0.9 2.1 5.8
v 2.5 2.1 5.8
v 2.6 2.1 5.8
v -2.6 2.1 5.7
v -2.5 2.1 5.7
v -1.1 2.1 5.7
v -1 2.1 5.7
v -1.3 2.1 5.6
v -1.1 2.1 5.6
v -2.7 2.1 5.5
v -2.6 2.1 5.5
v -1.4 2.1 5.5
v -1.3 2.1 5.5
v -2.7 2.1 5.3
v -2.6 2.1 5.3
v -1.4 2.1 5.3
v -1.3 2.1 5.3
v -1.3 2.1 5.2
v -1.1 2.1 5.2
v -2.6 2.1 5.1
v -2.5 2.1 5.1
v -1.1 2.1 5.1
v -1 2.1 5.1
v -2.5 2.1 5
v -2.4 2.1 5
v -1 2.1 5
v -0.9 2.1 5
v 2.5 2.1 5
v 2.6 2.1 5
v -2.4 2.1 4.9
v -2.3 2.1 4.9
v 2.3 2.1 4.9
v 2.4 2.1 4.9
v 2.5 2.1 4.9
v -2.3 2.1 4.8
v -2.2 2.1 4.8
v -0.9 2.1 4.8
v -0.0999999 2.1 4.8
v 2.1 2.1 4.8
v 2.3 2.1 4.8
v 2.4 2.1 4.8
v -2.2 2.1 4.7
v -2.1 2.1 4.7
v 2.3 2.1 4.7
v 2.6 2.1 4.7
v -2.1 2.1 4.6
v -2 2.1 4.6
v -0.0999999 2.1 4.6
v 1 2.1 4.6
v -2 2.1 4.5
v -1.9 2.1 4.5
v 1 2.1 4.5
v 2.1 2.1 4.5
v 2.6 2.1 4.5
v 2.7 2.1 4.5
v -1.9 2.1 4.4
v -1.8 2.1 4.4
v 2.7 2.1 4.4
v 2.8 2.1 4.4
v -1.8 2.1 4.3
v -1.7 2.1 4.3
v 2.7 2.1 4.3
v 2.8 2.1 4.3
v -1.7 2.1 4.2
v -1.6 2.1 4.2
v 2.6 2.1 4.2
v 2.7 2.1 4.2
v -1.6 2.1 4.1
v -1.4 2.1 4.1
v 2.5 2.1 4.1
v 2.6 2.1 4.1
v -1.4 2.1 4
v 2.5 2.1 4
v 2.4 2.4 6.6
v 2.5 2.4 6.6
v 2.4 2.4 6.5
v 2.5 2.4 6.5
v 1.5 2.4 6.2
v 2.1 2.4 6.2
v 1.5 2.4 6.1
v 1.6 2.4 6.1
v 2.1 2.4 5.9
v 2.4 2.4 5.9
v 2.1 2.4 4.9
v 2.4 2.4 4.9
v 1.5 2.4 4.7
v 1.6 2.4 4.7
v 1.5 2.4 4.6
v 2.1 2.4 4.6
v 1 2.6 6.8
v 1.4 2.6 6.8
v 1.7 2.6 6.8
v 2.5 2.6 6.8
v 1 2.6 6.7
v 2.5 2.6 6.7
v 2.6 2.6 6.7
v 2.5 2.6 6.6
v 2.6 2.6 6.6
v 2.7 2.6 6.6
v 2.6 2.6 6.5
v 2.7 2.6 6.5
v 2.8 2.6 6.5
v 2.6 2.6 6.4
v 2.7 2.6 6.4
v 2.8 2.6 6.4
v 2.5 2.6 6.3
v 2.6 2.6 6.3
v 2.7 2.6 6.3
v 1.5 2.6 6.2
v 1.6 2.6 6.2
v 2.5 2.6 6.2
v 2.6 2.6 6.2
v 1.5 2.6 6.1
v 1.6 2.6 6.1
v 2.5 2.6 6.1
v 1.5 2.6 4.7
v 1.6 2.6 4.7
v 2.5 2.6 4.7
v 1.5 2.6 4.6
v 1.6 2.6 4.6
v 2.5 2.6 4.6
v 2.6 2.6 4.6
v 2.5 2.6 4.5
v 2.6 2.6 4.5
v 2.7 2.6 4.5
v 2.6 2.6 4.4
v 2.7 2.6 4.4
v 2.8 2.6 4.4
v 2.6 2.6 4.3
v 2.7 2.6 4.3
v 2.8 2.6 4.3
v 2.5 2.6 4.2
v 2.6 2.6 4.2
v 2.7 2.6 4.2
v 1 2.6 4.1
v 2.4 2.6 4.1
v 2.5 2.6 4.1
v 2.6 2.6 4.1
v 1 2.6 4
v 1.4 2.6 4
v 1.7 2.6 4
v 2.4 2.6 4
v -0.0999999 2.7 6.8
v 1 2.7 6.8
v -0.0999999 2.7 6.7
v 1 2.7 6.7
v 2.5 2.7 6.7
v 1 2.7 6.6
v 2.5 2.7 6.6
v 2.6 2.7 6.6
v 2.5 2.7 6.5
v 2.6 2.7 6.5
v 2.7 2.7 6.5
v 2.5 2.7 6.4
v 2.6 2.7 6.4
v 2.7 2.7 6.4
v -1.5 2.7 6.3
v -1.4 2.7 6.3
v 1 2.7 6.3
v 2.1 2.7 6.3
v 2.5 2.7 6.3
v 2.6 2.7 6.3
v -1.6 2.7 6.2
v -1.5 2.7 6.2
v -1.4 2.7 6.2
v 1 2.7 6.2
v 1.5 2.7 6.2
v 2.1 2.7 6.2
v -1.7 2.7 6.1
v -1.6 2.7 6.1
v -1.5 2.7 6.1
v -1.4 2.7 6.1
v -1.8 2.7 6
v -1.7 2.7 6
v -2 2.7 5.9
v -1.8 2.7 5.9
v -2 2.7 5.8
v -1.6 2.7 5.6
v -1.5 2.7 5.6
v -1.6 2.7 5.2
v -1.5 2.7 5.2
v -2 2.7 5
v -2 2.7 4.9
v -1.8 2.7 4.9
v -1.8 2.7 4.8
v -1.7 2.7 4.8
v -1.7 2.7 4.7
v -1.6 2.7 4.7
v -1.5 2.7 4.7
v -1.4 2.7 4.7
v -1.6 2.7 4.6
v -1.5 2.7 4.6
v -1.4 2.7 4.6
v 1 2.7 4.6
v 1.5 2.7 4.6
v 2.1 2.7 4.6
v -1.5 2.7 4.5
v -1.4 2.7 4.5
v 1 2.7 4.5
v 2.1 2.7 4.5
v 2.5 2.7 4.5
v 2.6 2.7 4.5
v 2.5 2.7 4.4
v 2.6 2.7 4.4
v 2.7 2.7 4.4
v 2.5 2.7 4.3
v 2.6 2.7 4.3
v 2.7 2.7 4.3
v 1 2.7 4.2
v 2.5 2.7 4.2
v 2.6 2.7 4.2
v -0.0999999 2.7 4.1
v 1 2.7 4.1
v 2.5 2.7 4.1
v -0.0999999 2.7 4
v 1 2.7 4
v -0.9 2.8 6.8
v -0.6 2.8 6.8
v -0.3 2.8 6.8
v -0.0999999 2.8 6.8
v -0.9 2.8 6.7
v -0.0999999 2.8 6.7
v 1 2.8 6.7
v -0.0999999 2.8 6.6
v 1 2.8 6.6
v 2.5 2.8 6.6
v 1 2.8 6.5
v 2.5 2.8 6.5
v 2.6 2.8 6.5
v 1 2.8 6.4
v 2.1 2.8 6.4
v 2.5 2.8 6.4
v 2.6 2.8 6.4
v -0.0999999 2.8 6.3
v 1 2.8 6.3
v 2.1 2.8 6.3
v -0.0999999 2.8 6.2
v 1 2.8 6.2
v -2.1 2.8 5.7
v -2 2.8 5.7
v -2.1 2.8 5.1
v -2 2.8 5.1
v -0.0999999 2.8 4.6
v 1 2.8 4.6
v -0.0999999 2.8 4.5
v 1 2.8 4.5
v 2.1 2.8 4.5
v 1 2.8 4.4
v 2.1 2.8 4.4
v 2.5 2.8 4.4
v 2.6 2.8 4.4
v 1 2.8 4.3
v 2.5 2.8 4.3
v 2.6 2.8 4.3
v -0.0999999 2.8 4.2
v 1 2.8 4.2
v 2.5 2.8 4.2
v -0.8 2.8 4.1
v -0.0999999 2.8 4.1
v 1 2.8 4.1
v -0.8 2.8 4
v -0.6 2.8 4
v -0.3 2.8 4
v -0.0999999 2.8 4
v -1.4 2.9 6.8
v -0.9 2.9 6.8
v -1.4 2.9 6.7
v -0.9 2.9 6.7
v -0.0999999 2.9 6.7
v -0.9 2.9 6.6
v -0.0999999 2.9 6.6
v 1 2.9 6.6
v -0.0999999 2.9 6.5
v 1 2.9 6.5
v 2.1 2.9 6.5
v 2.5 2.9 6.5
v -0.0999999 2.9 6.4
v 1 2.9 6.4
v 2.1 2.9 6.4
v 2.5 2.9 6.4
v -0.9 2.9 6.3
v -0.0999999 2.9 6.3
v 1 2.9 6.3
v -0.9 2.9 6.2
v -0.0999999 2.9 6.2
v -1.4 2.9 6.1
v 1 2.9 6.1
v 1.1 2.9 6.1
v 1.1 2.9 6
v 1.2 2.9 6
v 1.2 2.9 5.9
v 1.3 2.9 5.9
v 1.3 2.9 5.8
v 1.4 2.9 5.8
v 1.5 2.9 5.8
v 1.3 2.9 5
v 1.4 2.9 5
v 1.5 2.9 5
v 1.2 2.9 4.9
v 1.3 2.9 4.9
v 1.1 2.9 4.8
v 1.2 2.9 4.8
v -1.4 2.9 4.7
v 1 2.9 4.7
v 1.1 2.9 4.7
v -0.9 2.9 4.6
v -0.0999999 2.9 4.6
v -0.9 2.9 4.5
v -0.0999999 2.9 4.5
v 1 2.9 4.5
v -0.0999999 2.9 4.4
v 1 2.9 4.4
v 2.1 2.9 4.4
v 2.5 2.9 4.4
v -0.0999999 2.9 4.3
v 1 2.9 4.3
v 2.1 2.9 4.3
v 2.5 2.9 4.3
v -0.8 2.9 4.2
v -0.0999999 2.9 4.2
v 1 2.9 4.2
v -1.4 2.9 4.1
v -0.8 2.9 4.1
v -0.0999999 2.9 4.1
v -1.4 2.9 4
v -0.8 2.9 4
v 1.3 3 6.9
v 1.8 3 6.9
v 1.2 3 6.8
v 1.3 3 6.8
v 1.4 3 6.8
v 1.5 3 6.8
v 1.6 3 6.8
v 1.7 3 6.8
v 1.8 3 6.8
v 1.9 3 6.8
v -1.6 3 6.7
v -1.5 3 6.7
v -1.4 3 6.7
v -0.9 3 6.7
v 1.1 3 6.7
v 1.2 3 6.7
v 1.3 3 6.7
v 1.4 3 6.7
v 1.5 3 6.7
v 1.6 3 6.7
v 1.7 3 6.7
v 1.8 3 6.7
v 1.9 3 6.7
v 2 3 6.7
v -1.7 3 6.6
v -1.6 3 6.6
v -1.5 3 6.6
v -1.4 3 6.6
v -0.9 3 6.6
v -0.0999999 3 6.6
v 1 3 6.6
v 1.1 3 6.6
v 1.2 3 6.6
v 1.3 3 6.6
v 1.8 3 6.6
v 1.9 3 6.6
v 2 3 6.6
v 2.1 3 6.6
v -1.8 3 6.5
v -1.7 3 6.5
v -1.6 3 6.5
v -0.9 3 6.5
v -0.0999999 3 6.5
v 1 3 6.5
v 1.1 3 6.5
v 1.2 3 6.5
v 1.9 3 6.5
v 2 3 6.5
v 2.1 3 6.5
v -1.9 3 6.4
v -1.8 3 6.4
v -1.7 3 6.4
v -0.9 3 6.4
v -0.0999999 3 6.4
v 1 3 6.4
v 1.1 3 6.4
v 1.2 3 6.4
v 1.9 3 6.4
v 2 3 6.4
v 2.1 3 6.4
v -1.9 3 6.3
v -1.8 3 6.3
v -1.4 3 6.3
v -0.9 3 6.3
v -0.0999999 3 6.3
v 1.1 3 6.3
v 1.2 3 6.3
v 1.9 3 6.3
v 2 3 6.3
v -1.5 3 6.2
v -1.4 3 6.2
v -0.9 3 6.2
v 1 3 6.2
v 1.1 3 6.2
v 1.2 3 6.2
v 1.9 3 6.2
v 2 3 6.2
v 2.1 3 6.2
v -1.5 3 6.1
v -1.4 3 6.1
v 1 3 6.1
v 1.1 3 6.1
v 1.2 3 6.1
v 1.3 3 6.1
v 1.8 3 6.1
v 1.9 3 6.1
v 2 3 6.1
v 2.1 3 6.1
v 1.1 3 6
v 1.2 3 6
v 1.3 3 6
v 1.4 3 6
v 1.5 3 6
v 1.6 3 6
v 1.7 3 6
v 1.8 3 6
v 1.9 3 6
v 2 3 6
v 1.2 3 5.9
v 1.3 3 5.9
v 1.4 3 5.9
v 1.5 3 5.9
v 1.6 3 5.9
v 1.7 3 5.9
v 1.8 3 5.9
v 1.9 3 5.9
v 1.3 3 5.8
v 1.4 3 5.8
v 1.5 3 5.8
v 1.6 3 5.8
v 1.7 3 5.8
v 1.8 3 5.8
v -1.5 3 5.6
v -1.5 3 5.2
v 1.3 3 5
v 1.4 3 5
v 1.5 3 5
v 1.6 3 5
v 1.7 3 5
v 1.8 3 5
v 1.2 3 4.9
v 1.3 3 4.9
v 1.4 3 4.9
v 1.5 3 4.9
v 1.6 3 4.9
v 1.7 3 4.9
v 1.8 3 4.9
v 1.9 3 4.9
v 1.1 3 4.8
v 1.2 3 4.8
v 1.3 3 4.8
v 1.4 3 4.8
v 1.5 3 4.8
v 1.6 3 4.8
v 1.7 3 4.8
v 1.8 3 4.8
v 1.9 3 4.8
v 2 3 4.8
v -1.5 3 4.7
v -1.4 3 4.7
v 1 3 4.7
v 1.1 3 4.7
v 1.2 3 4.7
v 1.3 3 4.7
v 1.8 3 4.7
v 1.9 3 4.7
v 2 3 4.7
v 2.1 3 4.7
v -1.5 3 4.6
v -1.4 3 4.6
v -0.9 3 4.6
v 1 3 4.6
v 1.1 3 4.6
v 1.2 3 4.6
v 1.9 3 4.6
v 2 3 4.6
v 2.1 3 4.6
v -1.9 3 4.5
v -1.8 3 4.5
v -1.4 3 4.5
v -0.9 3 4.5
v -0.0999999 3 4.5
v 1.1 3 4.5
v 1.2 3 4.5
v 1.9 3 4.5
v 2 3 4.5
v -1.9 3 4.4
v -1.8 3 4.4
v -1.7 3 4.4
v -0.9 3 4.4
v -0.0999999 3 4.4
v 1 3 4.4
v 1.1 3 4.4
v 1.2 3 4.4
v 1.9 3 4.4
v 2 3 4.4
v 2.1 3 4.4
v -1.8 3 4.3
v -1.7 3 4.3
v -1.6 3 4.3
v -0.8 3 4.3
v -0.0999999 3 4.3
v 1 3 4.3
v 1.1 3 4.3
v 1.2 3 4.3
v 1.9 3 4.3
v 2 3 4.3
v 2.1 3 4.3
v -1.7 3 4.2
v -1.6 3 4.2
v -1.5 3 4.2
v -1.4 3 4.2
v -0.8 3 4.2
v -0.0999999 3 4.2
v 1 3 4.2
v 1.1 3 4.2
v 1.2 3 4.2
v 1.3 3 4.2
v 1.8 3 4.2
v 1.9 3 4.2
v 2 3 4.2
v 2.1 3 4.2
v -1.6 3 4.1
v -1.5 3 4.1
v -1.4 3 4.1
v -0.8 3 4.1
v 1.1 3 4.1
v 1.2 3 4.1
v 1.3 3 4.1
v 1.4 3 4.1
v 1.5 3 4.1
v 1.6 3 4.1
v 1.7 3 4.1
v 1.8 3 4.1
v 1.9 3 4.1
v 2 3 4.1
v 1.2 3 4
v 1.3 3 4
v 1.4 3 4
v 1.5 3 4
v 1.6 3 4
v 1.7 3 4
v 1.8 3 4
v 1.9 3 4
v 1.3 3 3.9
v 1.8 3 3.9
v -1.5 3.1 6.7
v -1.4 3.1 6.7
v -1.6 3.1 6.6
v -1.5 3.1 6.6
v -1.4 3.1 6.6
v -0.9 3.1 6.6
v -1.7 3.1 6.5
v -1.6 3.1 6.5
v -1.5 3.1 6.5
v -1.4 3.1 6.5
v -0.9 3.1 6.5
v -0.8 3.1 6.5
v -1.8 3.1 6.4
v -1.7 3.1 6.4
v -1.6 3.1 6.4
v -1.4 3.1 6.4
v -0.9 3.1 6.4
v -0.8 3.1 6.4
v -2 3.1 6.3
v -1.8 3.1 6.3
v -1.7 3.1 6.3
v -1.5 3.1 6.3
v -1.4 3.1 6.3
v -0.9 3.1 6.3
v -2.1 3.1 6.2
v -2 3.1 6.2
v -1.8 3.1 6.2
v -1.6 3.1 6.2
v -1.5 3.1 6.2
v -1.4 3.1 6.2
v -2.2 3.1 6.1
v -2.1 3.1 6.1
v -2 3.1 6.1
v -1.7 3.1 6.1
v -1.6 3.1 6.1
v -1.5 3.1 6.1
v -2.3 3.1 6
v -2.2 3.1 6
v -2.1 3.1 6
v -1.8 3.1 6
v -1.7 3.1 6
v -1.6 3.1 6
v -2.3 3.1 5.9
v -2.2 3.1 5.9
v -1.9 3.1 5.9
v -1.8 3.1 5.9
v -1.7 3.1 5.9
v -1.9 3.1 5.8
v -1.8 3.1 5.8
v -1.9 3.1 5
v -1.8 3.1 5
v -2.3 3.1 4.9
v -2.2 3.1 4.9
v -1.9 3.1 4.9
v -1.8 3.1 4.9
v -1.7 3.1 4.9
v -2.3 3.1 4.8
v -2.2 3.1 4.8
v -2.1 3.1 4.8
v -1.8 3.1 4.8
v -1.7 3.1 4.8
v -1.6 3.1 4.8
v -2.2 3.1 4.7
v -2.1 3.1 4.7
v -2 3.1 4.7
v -1.7 3.1 4.7
v -1.6 3.1 4.7
v -1.5 3.1 4.7
v -2.1 3.1 4.6
v -2 3.1 4.6
v -1.8 3.1 4.6
v -1.6 3.1 4.6
v -1.5 3.1 4.6
v -1.4 3.1 4.6
v -2 3.1 4.5
v -1.8 3.1 4.5
v -1.7 3.1 4.5
v -1.5 3.1 4.5
v -1.4 3.1 4.5
v -0.9 3.1 4.5
v -1.8 3.1 4.4
v -1.7 3.1 4.4
v -1.6 3.1 4.4
v -1.4 3.1 4.4
v -0.9 3.1 4.4
v -0.8 3.1 4.4
v -1.7 3.1 4.3
v -1.6 3.1 4.3
v -1.5 3.1 4.3
v -1.4 3.1 4.3
v -0.9 3.1 4.3
v -1.6 3.1 4.2
v -1.5 3.1 4.2
v -1.4 3.1 4.2
v -0.8 3.1 4.2
v -1.5 3.1 4.1
v -1.4 3.1 4.1
v -0.6 3.2 6.9
v -0.3 3.2 6.9
v -0.7 3.2 6.8
v -0.6 3.2 6.8
v -0.5 3.2 6.8
v -0.4 3.2 6.8
v -0.3 3.2 6.8
v -0.2 3.2 6.8
v -0.8 3.2 6.7
v -0.7 3.2 6.7
v -0.6 3.2 6.7
v -0.5 3.2 6.7
v -0.4 3.2 6.7
v -0.3 3.2 6.7
v -0.2 3.2 6.7
v -0.0999999 3.2 6.7
v -1.5 3.2 6.6
v -1.4 3.2 6.6
v -0.7 3.2 6.6
v -0.6 3.2 6.6
v -0.3 3.2 6.6
v -0.2 3.2 6.6
v -1.6 3.2 6.5
v -1.5 3.2 6.5
v -1.4 3.2 6.5
v -0.9 3.2 6.5
v -0.7 3.2 6.5
v -0.6 3.2 6.5
v -0.3 3.2 6.5
v -0.2 3.2 6.5
v -1.7 3.2 6.4
v -1.6 3.2 6.4
v -1.5 3.2 6.4
v -1.4 3.2 6.4
v -0.9 3.2 6.4
v -0.8 3.2 6.4
v -0.7 3.2 6.4
v -0.6 3.2 6.4
v -0.5 3.2 6.4
v -0.4 3.2 6.4
v -0.3 3.2 6.4
v -0.2 3.2 6.4
v -0.0999999 3.2 6.4
v 2.1 3.2 6.4
v 2.2 3.2 6.4
v -1.8 3.2 6.3
v -1.7 3.2 6.3
v -1.6 3.2 6.3
v -1.5 3.2 6.3
v -1.4 3.2 6.3
v -0.7 3.2 6.3
v -0.6 3.2 6.3
v -0.5 3.2 6.3
v -0.4 3.2 6.3
v -0.3 3.2 6.3
v -0.2 3.2 6.3
v -2 3.2 6.2
v -1.8 3.2 6.2
v -1.7 3.2 6.2
v -1.6 3.2 6.2
v -1.5 3.2 6.2
v -0.6 3.2 6.2
v -0.3 3.2 6.2
v 2.1 3.2 6.2
v 2.2 3.2 6.2
v -2.1 3.2 6.1
v -2 3.2 6.1
v -1.8 3.2 6.1
v -1.7 3.2 6.1
v -1.6 3.2 6.1
v -2.2 3.2 6
v -2.1 3.2 6
v -2 3.2 6
v -1.9 3.2 6
v -1.8 3.2 6
v -1.7 3.2 6
v -2.4 3.2 5.9
v -2.2 3.2 5.9
v -2.1 3.2 5.9
v -1.9 3.2 5.9
v -1.8 3.2 5.9
v -2.4 3.2 5.8
v -2.2 3.2 5.8
v -2 3.2 5.8
v -1.9 3.2 5.8
v -2.1 3.2 5.7
v -2 3.2 5.7
v -1.9 3.2 5.7
v -2.1 3.2 5.1
v -2 3.2 5.1
v -1.9 3.2 5.1
v -2.4 3.2 5
v -2.2 3.2 5
v -2 3.2 5
v -1.9 3.2 5
v -2.4 3.2 4.9
v -2.2 3.2 4.9
v -2.1 3.2 4.9
v -1.9 3.2 4.9
v -1.8 3.2 4.9
v -2.2 3.2 4.8
v -2.1 3.2 4.8
v -2 3.2 4.8
v -1.9 3.2 4.8
v -1.8 3.2 4.8
v -1.7 3.2 4.8
v -2.1 3.2 4.7
v -2 3.2 4.7
v -1.8 3.2 4.7
v -1.7 3.2 4.7
v -1.6 3.2 4.7
v -2 3.2 4.6
v -1.8 3.2 4.6
v -1.7 3.2 4.6
v -1.6 3.2 4.6
v -1.5 3.2 4.6
v -0.6 3.2 4.6
v -0.3 3.2 4.6
v 2.1 3.2 4.6
v 2.2 3.2 4.6
v -1.8 3.2 4.5
v -1.7 3.2 4.5
v -1.6 3.2 4.5
v -1.5 3.2 4.5
v -1.4 3.2 4.5
v -0.7 3.2 4.5
v -0.6 3.2 4.5
v -0.5 3.2 4.5
v -0.4 3.2 4.5
v -0.3 3.2 4.5
v -0.2 3.2 4.5
v -1.7 3.2 4.4
v -1.6 3.2 4.4
v -1.5 3.2 4.4
v -1.4 3.2 4.4
v -0.9 3.2 4.4
v -0.8 3.2 4.4
v -0.7 3.2 4.4
v -0.6 3.2 4.4
v -0.5 3.2 4.4
v -0.4 3.2 4.4
v -0.3 3.2 4.4
v -0.2 3.2 4.4
v -0.0999999 3.2 4.4
v 2.1 3.2 4.4
v 2.2 3.2 4.4
v -1.6 3.2 4.3
v -1.5 3.2 4.3
v -1.4 3.2 4.3
v -0.9 3.2 4.3
v -0.7 3.2 4.3
v -0.6 3.2 4.3
v -0.3 3.2 4.3
v -0.2 3.2 4.3
v -1.5 3.2 4.2
v -1.4 3.2 4.2
v -0.7 3.2 4.2
v -0.6 3.2 4.2
v -0.3 3.2 4.2
v -0.2 3.2 4.2
v -0.8 3.2 4.1
v -0.7 3.2 4.1
v -0.6 3.2 4.1
v -0.5 3.2 4.1
v -0.4 3.2 4.1
v -0.3 3.2 4.1
v -0.2 3.2 4.1
v -0.0999999 3.2 4.1
v -0.7 3.2 4
v -0.6 3.2 4
v -0.5 3.2 4
v -0.4 3.2 4
v -0.3 3.2 4
v -0.2 3.2 4
v -0.6 3.2 3.9
v -0.3 3.2 3.9
v -1.5 3.3 6.5
v -1.4 3.3 6.5
v -1.6 3.3 6.4
v -1.5 3.3 6.4
v -1.4 3.3 6.4
v -1.7 3.3 6.3
v -1.6 3.3 6.3
v -1.5 3.3 6.3
v -1.8 3.3 6.2
v -1.7 3.3 6.2
v -1.6 3.3 6.2
v -2 3.3 6.1
v -1.8 3.3 6.1
v -1.7 3.3 6.1
v -2.1 3.3 6
v -2 3.3 6
v -1.9 3.3 6
v -1.8 3.3 6
v -2.2 3.3 5.9
v -2.1 3.3 5.9
v -2 3.3 5.9
v -1.9 3.3 5.9
v -2.5 3.3 5.8
v -2.2 3.3 5.8
v -2.1 3.3 5.8
v -2 3.3 5.8
v -1.9 3.3 5.8
v -2.5 3.3 5.7
v -2.2 3.3 5.7
v -2.1 3.3 5.7
v -2 3.3 5.7
v -2.6 3.3 5.6
v -2.5 3.3 5.6
v -2.6 3.3 5.5
v -2.5 3.3 5.5
v -2.6 3.3 5.3
v -2.5 3.3 5.3
v -2.6 3.3 5.2
v -2.5 3.3 5.2
v -2.5 3.3 5.1
v -2.2 3.3 5.1
v -2.1 3.3 5.1
v -2 3.3 5.1
v -2.5 3.3 5
v -2.2 3.3 5
v -2.1 3.3 5
v -2 3.3 5
v -1.9 3.3 5
v -2.2 3.3 4.9
v -2.1 3.3 4.9
v -2 3.3 4.9
v -1.9 3.3 4.9
v -2.1 3.3 4.8
v -2 3.3 4.8
v -1.9 3.3 4.8
v -1.8 3.3 4.8
v -2 3.3 4.7
v -1.8 3.3 4.7
v -1.7 3.3 4.7
v -1.8 3.3 4.6
v -1.7 3.3 4.6
v -1.6 3.3 4.6
v -1.7 3.3 4.5
v -1.6 3.3 4.5
v -1.5 3.3 4.5
v -1.6 3.3 4.4
v -1.5 3.3 4.4
v -1.4 3.3 4.4
v -1.5 3.3 4.3
v -1.4 3.3 4.3
v -2.7 3.4 5.5
v -2.6 3.4 5.5
v -2.7 3.4 5.3
v -2.6 3.4 5.3
v 2.2 3.5 6.4
v 2.3 3.5 6.4
v 2.2 3.5 6.2
v 2.3 3.5 6.2
v -2.3 3.5 6
v -2.2 3.5 6
v -1.9 3.5 6
v -1.8 3.5 6
v -2.4 3.5 5.9
v -2.3 3.5 5.9
v -2.2 3.5 5.9
v -2.1 3.5 5.9
v -2 3.5 5.9
v -1.9 3.5 5.9
v -1.8 3.5 5.9
v -1.7 3.5 5.9
v -2.5 3.5 5.8
v -2.4 3.5 5.8
v -2.3 3.5 5.8
v -2.2 3.5 5.8
v -2.1 3.5 5.8
v -2 3.5 5.8
v -1.9 3.5 5.8
v -1.8 3.5 5.8
v -1.7 3.5 5.8
v -1.6 3.5 5.8
v -2.6 3.5 5.7
v -2.5 3.5 5.7
v -2.4 3.5 5.7
v -2.3 3.5 5.7
v -1.8 3.5 5.7
v -1.7 3.5 5.7
v -1.6 3.5 5.7
v -1.5 3.5 5.7
v -2.5 3.5 5.6
v -2.4 3.5 5.6
v -1.7 3.5 5.6
v -1.6 3.5 5.6
v -1.5 3.5 5.6
v -2.5 3.5 5.5
v -2.4 3.5 5.5
v -1.7 3.5 5.5
v -1.6 3.5 5.5
v -2.5 3.5 5.3
v -2.4 3.5 5.3
v -1.7 3.5 5.3
v -1.6 3.5 5.3
v -2.5 3.5 5.2
v -2.4 3.5 5.2
v -1.7 3.5 5.2
v -1.6 3.5 5.2
v -1.5 3.5 5.2
v -2.6 3.5 5.1
v -2.5 3.5 5.1
v -2.4 3.5 5.1
v -2.3 3.5 5.1
v -1.8 3.5 5.1
v -1.7 3.5 5.1
v -1.6 3.5 5.1
v -1.5 3.5 5.1
v -2.5 3.5 5
v -2.4 3.5 5
v -2.3 3.5 5
v -2.2 3.5 5
v -2.1 3.5 5
v -2 3.5 5
v -1.9 3.5 5
v -1.8 3.5 5
v -1.7 3.5 5
v -1.6 3.5 5
v -2.4 3.5 4.9
v -2.3 3.5 4.9
v -2.2 3.5 4.9
v -2.1 3.5 4.9
v -2 3.5 4.9
v -1.9 3.5 4.9
v -1.8 3.5 4.9
v -1.7 3.5 4.9
v -2.3 3.5 4.8
v -2.2 3.5 4.8
v -1.9 3.5 4.8
v -1.8 3.5 4.8
v 2.2 3.5 4.6
v 2.3 3.5 4.6
v 2.2 3.5 4.4
v 2.3 3.5 4.4
v 2.3 3.8 6.4
v 2.6 3.8 6.4
v 2.6 3.8 6.3
v 2.7 3.8 6.3
v 2.6 3.8 4.5
v 2.7 3.8 4.5
v 2.3 3.8 4.4
v 2.6 3.8 4.4

# faces
f 3/13/1 2/13/1 1/13/1
f 4/13/1 2/13/1 3/13/1
f 7/1/1 6/1/1 5/1/1
f 8/1/1 6/1/1 7/1/1
f 13/13/1 10/13/1 9/13/1
f 14/13/1 10/13/1 13/13/1
f 15/13/1 12/13/1 11/13/1
f 16/13/1 12/13/1 15/13/1
f 19/1/1 18/1/1 17/1/1
f 20/1/1 18/1/1 19/1/1
f 21/1/1 18/1/1 20/1/1
f 22/1/1 18/1/1 21/1/1
f 27/6/1 25/6/1 24/6/1
f 27/6/1 26/6/1 25/6/1
f 27/6/1 24/6/1 23/6/1
f 28/6/1 26/6/1 27/6/1
f 33/13/1 30/13/1 29/13/1
f 34/13/1 30/13/1 33/13/1
f 35/13/1 32/13/1 31/13/1
f 36/13/1 32/13/1 35/13/1
f 40/1/1 38/1/1 37/1/1
f 41/1/1 38/1/1 40/1/1
f 42/1/1 38/1/1 41/1/1
f 43/1/1 38/1/1 42/1/1
f 45/1/1 40/1/1 39/1/1
f 45/1/1 41/1/1 40/1/1
f 46/1/1 41/1/1 45/1/1
f 47/1/1 41/1/1 46/1/1
f 50/1/1 44/1/1 43/1/1
f 50/1/1 43/1/1 42/1/1
f 51/1/1 44/1/1 50/1/1
f 52/1/1 44/1/1 51/1/1
f 54/1/1 48/1/1 47/1/1
f 54/1/1 47/1/1 46/1/1
f 55/1/1 48/1/1 54/1/1
f 56/1/1 51/1/1 50/1/1
f 56/1/1 50/1/1 49/1/1
f 57/1/1 51/1/1 56/1/1
f 59/6/1 54/6/1 53/6/1
f 60/6/1 54/6/1 59/6/1
f 61/6/1 58/6/1 57/6/1
f 62/6/1 58/6/1 61/6/1
f 67/13/1 64/13/1 63/13/1
f 68/13/1 64/13/1 67/13/1
f 69/13/1 66/13/1 65/13/1
f 70/13/1 66/13/1 69/13/1
f 74/1/1 72/1/1 71/1/1
f 75/1/1 72/1/1 74/1/1
f 78/1/1 74/1/1 73/1/1
f 78/1/1 76/1/1 75/1/1
f 78/1/1 75/1/1 74/1/1
f 79/1/1 76/1/1 78/1/1
f 80/1/1 76/1/1 79/1/1
f 81/1/1 76/1/1 80/1/1
f 83/1/1 78/1/1 77/1/1
f 83/1/1 79/1/1 78/1/1
f 84/1/1 79/1/1 83/1/1
f 85/1/1 79/1/1 84/1/1
f 86/1/1 82/1/1 81/1/1
f 86/1/1 81/1/1 80/1/1
f 87/1/1 82/1/1 86/1/1
f 88/1/1 82/1/1 87/1/1
f 93/6/1 90/6/1 89/6/1
f 94/6/1 90/6/1 93/6/1
f 95/6/1 92/6/1 91/6/1
f 96/6/1 92/6/1 95/6/1
f 101/13/1 98/13/1 97/13/1
f 102/13/1 98/13/1 101/13/1
f 103/13/1 100/13/1 99/13/1
f 104/13/1 100/13/1 103/13/1
f 108/1/1 106/1/1 105/1/1
f 109/1/1 106/1/1 108/1/1
f 112/1/1 108/1/1 107/1/1
f 112/1/1 110/1/1 109/1/1
f 112/1/1 109/1/1 108/1/1
f 113/1/1 110/1/1 112/1/1
f 114/1/1 110/1/1 113/1/1
f 115/1/1 110/1/1 114/1/1
f 118/1/1 112/1/1 111/1/1
f 118/1/1 113/1/1 112/1/1
f 119/1/1 113/1/1 118/1/1
f 120/1/1 113/1/1 119/1/1
f 121/1/1 115/1/1 114/1/1
f 121/1/1 116/1/1 115/1/1
f 122/1/1 116/1/1 121/1/1
f 123/1/1 116/1/1 122/1/1
f 125/1/1 119/1/1 118/1/1
f 125/1/1 118/1/1 117/1/1
f 126/1/1 119/1/1 125/1/1
f 127/1/1 119/1/1 126/1/1
f 128/1/1 124/1/1 123/1/1
f 128/1/1 123/1/1 122/1/1
f 129/1/1 124/1/1 128/1/1
f 130/1/1 124/1/1 129/1/1
f 135/12/1 132/12/1 131/12/1
f 136/12/1 132/12/1 135/12/1
f 137/12/1 134/12/1 133/12/1
f 138/12/1 134/12/1 137/12/1
f 143/13/1 140/13/1 139/13/1
f 144/13/1 140/13/1 143/13/1
f 145/13/1 142/13/1 141/13/1
f 146/13/1 142/13/1 145/13/1
f 152/1/1 148/1/1 147/1/1
f 153/1/1 148/1/1 152/1/1
f 154/1/1 150/1/1 149/1/1
f 155/1/1 150/1/1 154/1/1
f 158/1/1 152/1/1 151/1/1
f 159/1/1 152/1/1 158/1/1
f 160/1/1 156/1/1 155/1/1
f 161/1/1 156/1/1 160/1/1
f 164/1/1 158/1/1 157/1/1
f 165/1/1 158/1/1 164/1/1
f 166/1/1 162/1/1 161/1/1
f 167/1/1 162/1/1 166/1/1
f 169/1/1 164/1/1 163/1/1
f 170/1/1 164/1/1 169/1/1
f 173/1/1 168/1/1 167/1/1
f 174/1/1 168/1/1 173/1/1
f 175/1/1 171/1/1 170/1/1
f 176/1/1 171/1/1 175/1/1
f 179/1/1 173/1/1 172/1/1
f 180/1/1 173/1/1 179/1/1
f 181/1/1 177/1/1 176/1/1
f 182/1/1 177/1/1 181/1/1
f 185/1/1 179/1/1 178/1/1
f 186/1/1 179/1/1 185/1/1
f 187/1/1 183/1/1 182/1/1
f 188/1/1 183/1/1 187/1/1
f 189/1/1 185/1/1 184/1/1
f 190/1/1 185/1/1 189/1/1
f 195/13/1 192/13/1 191/13/1
f 196/13/1 192/13/1 195/13/1
f 197/13/1 194/13/1 193/13/1
f 198/13/1 194/13/1 197/13/1
f 203/11/1 200/11/1 199/11/1
f 204/11/1 200/11/1 203/11/1
f 205/11/1 200/11/1 204/11/1
f 206/11/1 200/11/1 205/11/1
f 210/1/1 202/1/1 201/1/1
f 211/1/1 202/1/1 210/1/1
f 212/11/1 204/11/1 203/11/1
f 213/11/1 204/11/1 212/11/1
f 214/11/1 206/11/1 205/11/1
f 215/11/1 206/11/1 214/11/1
f 216/1/1 208/1/1 207/1/1
f 217/1/1 208/1/1 216/1/1
f 220/1/1 210/1/1 209/1/1
f 221/1/1 210/1/1 220/1/1
f 222/1/1 218/1/1 217/1/1
f 223/1/1 218/1/1 222/1/1
f 226/1/1 220/1/1 219/1/1
f 227/1/1 220/1/1 226/1/1
f 228/1/1 224/1/1 223/1/1
f 229/1/1 224/1/1 228/1/1
f 231/1/1 226/1/1 225/1/1
f 232/1/1 226/1/1 231/1/1
f 235/1/1 230/1/1 229/1/1
f 236/1/1 230/1/1 235/1/1
f 237/1/1 233/1/1 232/1/1
f 238/1/1 233/1/1 237/1/1
f 241/1/1 235/1/1 234/1/1
f 242/1/1 235/1/1 241/1/1
f 243/1/1 239/1/1 238/1/1
f 244/1/1 239/1/1 243/1/1
f 247/1/1 241/1/1 240/1/1
f 248/1/1 241/1/1 247/1/1
f 249/1/1 245/1/1 244/1/1
f 250/1/1 245/1/1 249/1/1
f 251/1/1 247/1/1 246/1/1
f 252/1/1 247/1/1 251/1/1
f 257/13/1 254/13/1 253/13/1
f 258/13/1 254/13/1 257/13/1
f 259/13/1 256/13/1 255/13/1
f 260/13/1 256/13/1 259/13/1
f 265/11/1 262/11/1 261/11/1
f 266/11/1 262/11/1 265/11/1
f 270/11/1 264/11/1 263/11/1
f 271/11/1 264/11/1 270/11/1
f 272/11/1 264/11/1 271/11/1
f 273/11/1 268/11/1 267/11/1
f 274/11/1 268/11/1 273/11/1
f 275/11/1 268/11/1 274/11/1
f 278/1/1 270/1/1 269/1/1
f 279/1/1 270/1/1 278/1/1
f 280/1/1 276/1/1 275/1/1
f 281/1/1 276/1/1 280/1/1
f 284/1/1 278/1/1 277/1/1
f 285/1/1 278/1/1 284/1/1
f 286/1/1 282/1/1 281/1/1
f 287/1/1 282/1/1 286/1/1
f 290/1/1 284/1/1 283/1/1
f 291/1/1 284/1/1 290/1/1
f 292/1/1 288/1/1 287/1/1
f 293/1/1 288/1/1 292/1/1
f 295/1/1 290/1/1 289/1/1
f 296/1/1 290/1/1 295/1/1
f 299/1/1 294/1/1 293/1/1
f 300/1/1 294/1/1 299/1/1
f 301/1/1 297/1/1 296/1/1
f 302/1/1 297/1/1 301/1/1
f 305/1/1 299/1/1 298/1/1
f 306/1/1 299/1/1 305/1/1
f 307/1/1 303/1/1 302/1/1
f 308/1/1 303/1/1 307/1/1
f 311/1/1 305/1/1 304/1/1
f 312/1/1 305/1/1 311/1/1
f 313/1/1 309/1/1 308/1/1
f 314/1/1 309/1/1 313/1/1
f 315/1/1 311/1/1 310/1/1
f 316/1/1 311/1/1 315/1/1
f 321/13/1 318/13/1 317/13/1
f 322/13/1 318/13/1 321/13/1
f 323/13/1 320/13/1 319/13/1
f 324/13/1 320/13/1 323/13/1
f 328/11/1 326/11/1 325/11/1
f 329/11/1 326/11/1 328/11/1
f 334/11/1 328/11/1 327/11/1
f 335/11/1 328/11/1 334/11/1
f 336/11/1 330/11/1 329/11/1
f 337/11/1 330/11/1 336/11/1
f 342/1/1 332/1/1 331/1/1
f 343/11/1 333/11/1 332/11/1
f 343/1/1 332/1/1 342/1/1
f 344/11/1 333/11/1 343/11/1
f 345/11/1 339/11/1 338/11/1
f 346/1/1 340/1/1 339/1/1
f 346/11/1 339/11/1 345/11/1
f 347/1/1 340/1/1 346/1/1
f 350/1/1 342/1/1 341/1/1
f 350/1/1 343/1/1 342/1/1
f 351/1/1 343/1/1 350/1/1
f 352/1/1 343/1/1 351/1/1
f 353/1/1 347/1/1 346/1/1
f 353/1/1 348/1/1 347/1/1
f 354/1/1 348/1/1 353/1/1
f 355/1/1 348/1/1 354/1/1
f 358/1/1 351/1/1 350/1/1
f 358/1/1 350/1/1 349/1/1
f 359/1/1 351/1/1 358/1/1
f 360/1/1 351/1/1 359/1/1
f 361/1/1 356/1/1 355/1/1
f 361/1/1 355/1/1 354/1/1
f 362/1/1 356/1/1 361/1/1
f 363/1/1 356/1/1 362/1/1
f 365/1/1 359/1/1 358/1/1
f 365/1/1 358/1/1 357/1/1
f 366/1/1 359/1/1 365/1/1
f 367/1/1 359/1/1 366/1/1
f 368/1/1 364/1/1 363/1/1
f 368/1/1 363/1/1 362/1/1
f 369/1/1 364/1/1 368/1/1
f 370/1/1 364/1/1 369/1/1
f 375/13/1 372/13/1 371/13/1
f 376/13/1 372/13/1 375/13/1
f 377/13/1 374/13/1 373/13/1
f 378/13/1 374/13/1 377/13/1
f 382/11/1 380/11/1 379/11/1
f 383/11/1 380/11/1 382/11/1
f 386/11/1 382/11/1 381/11/1
f 387/11/1 382/11/1 386/11/1
f 388/11/1 384/11/1 383/11/1
f 389/11/1 384/11/1 388/11/1
f 393/11/1 386/11/1 385/11/1
f 394/11/1 386/11/1 393/11/1
f 395/11/1 390/11/1 389/11/1
f 396/11/1 390/11/1 395/11/1
f 400/1/1 392/1/1 391/1/1
f 401/1/1 392/1/1 400/1/1
f 402/1/1 398/1/1 397/1/1
f 403/1/1 398/1/1 402/1/1
f 406/1/1 400/1/1 399/1/1
f 407/1/1 400/1/1 406/1/1
f 408/1/1 404/1/1 403/1/1
f 409/1/1 404/1/1 408/1/1
f 412/1/1 406/1/1 405/1/1
f 413/1/1 406/1/1 412/1/1
f 414/1/1 410/1/1 409/1/1
f 415/1/1 410/1/1 414/1/1
f 417/1/1 412/1/1 411/1/1
f 418/1/1 412/1/1 417/1/1
f 421/1/1 416/1/1 415/1/1
f 422/1/1 416/1/1 421/1/1
f 423/1/1 419/1/1 418/1/1
f 424/1/1 419/1/1 423/1/1
f 427/1/1 421/1/1 420/1/1
f 428/1/1 421/1/1 427/1/1
f 429/1/1 425/1/1 424/1/1
f 430/1/1 425/1/1 429/1/1
f 433/1/1 427/1/1 426/1/1
f 434/1/1 427/1/1 433/1/1
f 435/1/1 431/1/1 430/1/1
f 436/1/1 431/1/1 435/1/1
f 437/1/1 433/1/1 432/1/1
f 438/1/1 433/1/1 437/1/1
f 443/13/1 440/13/1 439/13/1
f 444/13/1 440/13/1 443/13/1
f 445/13/1 442/13/1 441/13/1
f 446/13/1 442/13/1 445/13/1
f 452/11/1 448/11/1 447/11/1
f 453/11/1 448/11/1 452/11/1
f 454/11/1 450/11/1 449/11/1
f 455/11/1 450/11/1 454/11/1
f 459/11/1 452/11/1 451/11/1
f 460/11/1 452/11/1 459/11/1
f 461/11/1 456/11/1 455/11/1
f 462/11/1 456/11/1 461/11/1
f 466/1/1 458/1/1 457/1/1
f 467/1/1 458/1/1 466/1/1
f 468/1/1 464/1/1 463/1/1
f 469/1/1 464/1/1 468/1/1
f 472/1/1 466/1/1 465/1/1
f 473/1/1 466/1/1 472/1/1
f 474/1/1 470/1/1 469/1/1
f 475/1/1 470/1/1 474/1/1
f 478/1/1 472/1/1 471/1/1
f 479/1/1 472/1/1 478/1/1
f 480/1/1 476/1/1 475/1/1
f 481/1/1 476/1/1 480/1/1
f 483/1/1 478/1/1 477/1/1
f 484/1/1 478/1/1 483/1/1
f 487/1/1 482/1/1 481/1/1
f 488/1/1 482/1/1 487/1/1
f 489/1/1 485/1/1 484/1/1
f 490/1/1 485/1/1 489/1/1
f 493/1/1 487/1/1 486/1/1
f 494/1/1 487/1/1 493/1/1
f 495/1/1 491/1/1 490/1/1
f 496/1/1 491/1/1 495/1/1
f 499/1/1 493/1/1 492/1/1
f 500/1/1 493/1/1 499/1/1
f 501/1/1 497/1/1 496/1/1
f 502/1/1 497/1/1 501/1/1
f 503/1/1 499/1/1 498/1/1
f 504/1/1 499/1/1 503/1/1
f 509/13/1 506/13/1 505/13/1
f 510/13/1 506/13/1 509/13/1
f 511/13/1 508/13/1 507/13/1
f 512/13/1 508/13/1 511/13/1
f 516/11/1 514/11/1 513/11/1
f 517/11/1 514/11/1 516/11/1
f 521/11/1 516/11/1 515/11/1
f 522/11/1 516/11/1 521/11/1
f 523/11/1 518/11/1 517/11/1
f 524/11/1 518/11/1 523/11/1
f 529/11/1 520/11/1 519/11/1
f 530/11/1 520/11/1 529/11/1
f 531/11/1 526/11/1 525/11/1
f 532/11/1 526/11/1 531/11/1
f 537/11/1 528/11/1 527/11/1
f 538/11/1 528/11/1 537/11/1
f 539/11/1 534/11/1 533/11/1
f 540/11/1 534/11/1 539/11/1
f 544/1/1 536/1/1 535/1/1
f 545/1/1 536/1/1 544/1/1
f 548/1/1 542/1/1 541/1/1
f 549/1/1 542/1/1 548/1/1
f 552/1/1 544/1/1 543/1/1
f 553/1/1 544/1/1 552/1/1
f 554/1/1 550/1/1 549/1/1
f 555/1/1 550/1/1 554/1/1
f 558/1/1 552/1/1 551/1/1
f 559/1/1 552/1/1 558/1/1
f 560/1/1 556/1/1 555/1/1
f 561/1/1 556/1/1 560/1/1
f 563/1/1 558/1/1 557/1/1
f 564/1/1 558/1/1 563/1/1
f 567/1/1 562/1/1 561/1/1
f 568/1/1 562/1/1 567/1/1
f 569/1/1 565/1/1 564/1/1
f 570/1/1 565/1/1 569/1/1
f 573/1/1 567/1/1 566/1/1
f 574/1/1 567/1/1 573/1/1
f 575/1/1 571/1/1 570/1/1
f 576/1/1 571/1/1 575/1/1
f 579/1/1 573/1/1 572/1/1
f 580/1/1 573/1/1 579/1/1
f 581/1/1 577/1/1 576/1/1
f 582/1/1 577/1/1 581/1/1
f 583/1/1 579/1/1 578/1/1
f 584/1/1 579/1/1 583/1/1
f 585/6/1 547/6/1 546/6/1
f 586/6/1 547/6/1 585/6/1
f 587/6/1 547/6/1 586/6/1
f 588/6/1 547/6/1 587/6/1
f 595/11/1 590/11/1 589/11/1
f 596/11/1 590/11/1 595/11/1
f 597/11/1 592/11/1 591/11/1
f 598/11/1 592/11/1 597/11/1
f 603/11/1 594/11/1 593/11/1
f 604/11/1 594/11/1 603/11/1
f 605/11/1 600/11/1 599/11/1
f 606/11/1 600/11/1 605/11/1
f 611/11/1 602/11/1 601/11/1
f 612/11/1 602/11/1 611/11/1
f 613/11/1 608/11/1 607/11/1
f 614/11/1 608/11/1 613/11/1
f 618/1/1 610/1/1 609/1/1
f 619/1/1 610/1/1 618/1/1
f 624/1/1 616/1/1 615/1/1
f 625/1/1 616/1/1 624/1/1
f 628/1/1 618/1/1 617/1/1
f 629/1/1 618/1/1 628/1/1
f 630/5/1 621/5/1 620/5/1
f 631/5/1 623/5/1 622/5/1
f 632/1/1 626/1/1 625/1/1
f 633/1/1 626/1/1 632/1/1
f 635/1/1 628/1/1 627/1/1
f 636/1/1 628/1/1 635/1/1
f 637/1/1 634/1/1 633/1/1
f 638/1/1 634/1/1 637/1/1
f 641/5/1 621/5/1 630/5/1
f 642/5/1 621/5/1 641/5/1
f 643/5/1 631/5/1 622/5/1
f 644/5/1 631/5/1 643/5/1
f 647/1/1 640/1/1 639/1/1
f 648/1/1 640/1/1 647/1/1
f 651/1/1 646/1/1 645/1/1
f 652/1/1 646/1/1 651/1/1
f 653/1/1 649/1/1 648/1/1
f 654/1/1 649/1/1 653/1/1
f 657/1/1 651/1/1 650/1/1
f 658/1/1 651/1/1 657/1/1
f 659/1/1 655/1/1 654/1/1
f 660/1/1 655/1/1 659/1/1
f 661/1/1 657/1/1 656/1/1
f 662/1/1 657/1/1 661/1/1
f 667/13/1 664/13/1 663/13/1
f 668/13/1 664/13/1 667/13/1
f 671/13/1 666/13/1 665/13/1
f 672/13/1 666/13/1 671/13/1
f 674/11/1 670/11/1 669/11/1
f 675/11/1 670/11/1 674/11/1
f 677/11/1 674/11/1 673/11/1
f 678/11/1 674/11/1 677/11/1
f 679/11/1 676/11/1 675/11/1
f 680/11/1 676/11/1 679/11/1
f 688/11/1 682/11/1 681/11/1
f 689/11/1 682/11/1 688/11/1
f 690/11/1 684/11/1 683/11/1
f 691/11/1 684/11/1 690/11/1
f 696/1/1 686/1/1 685/1/1
f 697/11/1 687/11/1 686/11/1
f 697/1/1 686/1/1 696/1/1
f 698/11/1 687/11/1 697/11/1
f 699/11/1 693/11/1 692/11/1
f 700/1/1 694/1/1 693/1/1
f 700/11/1 693/11/1 699/11/1
f 701/1/1 694/1/1 700/1/1
f 704/1/1 696/1/1 695/1/1
f 705/1/1 696/1/1 704/1/1
f 712/1/1 702/1/1 701/1/1
f 713/1/1 702/1/1 712/1/1
f 716/1/1 704/1/1 703/1/1
f 717/1/1 704/1/1 716/1/1
f 718/1/1 707/1/1 706/1/1
f 719/5/1 708/5/1 707/5/1
f 719/1/1 707/1/1 718/1/1
f 720/1/1 711/1/1 710/1/1
f 720/5/1 710/5/1 709/5/1
f 721/1/1 711/1/1 720/1/1
f 722/1/1 714/1/1 713/1/1
f 723/1/1 714/1/1 722/1/1
f 725/1/1 716/1/1 715/1/1
f 726/1/1 716/1/1 725/1/1
f 727/5/1 708/5/1 719/5/1
f 728/5/1 708/5/1 727/5/1
f 729/5/1 720/5/1 709/5/1
f 730/5/1 720/5/1 729/5/1
f 731/1/1 724/1/1 723/1/1
f 732/1/1 724/1/1 731/1/1
f 738/11/1 734/11/1 733/11/1
f 739/11/1 734/11/1 738/11/1
f 740/11/1 736/11/1 735/11/1
f 741/11/1 736/11/1 740/11/1
f 745/11/1 738/11/1 737/11/1
f 746/11/1 738/11/1 745/11/1
f 747/11/1 742/11/1 741/11/1
f 748/11/1 742/11/1 747/11/1
f 753/11/1 744/11/1 743/11/1
f 754/11/1 744/11/1 753/11/1
f 755/11/1 750/11/1 749/11/1
f 756/11/1 750/11/1 755/11/1
f 759/11/1 752/11/1 751/11/1
f 760/11/1 752/11/1 759/11/1
f 761/11/1 758/11/1 757/11/1
f 762/11/1 758/11/1 761/11/1
f 769/11/1 764/11/1 763/11/1
f 770/11/1 764/11/1 769/11/1
f 771/11/1 766/11/1 765/11/1
f 772/11/1 766/11/1 771/11/1
f 775/11/1 768/11/1 767/11/1
f 776/11/1 768/11/1 775/11/1
f 777/11/1 774/11/1 773/11/1
f 778/11/1 774/11/1 777/11/1
f 785/11/1 780/11/1 779/11/1
f 786/11/1 780/11/1 785/11/1
f 787/11/1 782/11/1 781/11/1
f 788/11/1 782/11/1 787/11/1
f 793/11/1 784/11/1 783/11/1
f 794/11/1 784/11/1 793/11/1
f 795/11/1 790/11/1 789/11/1
f 796/11/1 790/11/1 795/11/1
f 801/11/1 792/11/1 791/11/1
f 802/11/1 792/11/1 801/11/1
f 803/11/1 798/11/1 797/11/1
f 804/11/1 798/11/1 803/11/1
f 807/11/1 800/11/1 799/11/1
f 808/11/1 800/11/1 807/11/1
f 809/11/1 806/11/1 805/11/1
f 810/11/1 806/11/1 809/11/1
f 817/11/1 812/11/1 811/11/1
f 818/11/1 812/11/1 817/11/1
f 819/11/1 814/11/1 813/11/1
f 820/11/1 814/11/1 819/11/1
f 825/11/1 816/11/1 815/11/1
f 826/11/1 816/11/1 825/11/1
f 827/11/1 822/11/1 821/11/1
f 828/11/1 822/11/1 827/11/1
f 831/11/1 824/11/1 823/11/1
f 832/11/1 824/11/1 831/11/1
f 833/11/1 830/11/1 829/11/1
f 834/11/1 830/11/1 833/11/1
f 840/11/1 836/11/1 835/11/1
f 841/11/1 836/11/1 840/11/1
f 842/11/1 838/11/1 837/11/1
f 843/11/1 838/11/1 842/11/1
f 846/11/1 840/11/1 839/11/1
f 847/11/1 840/11/1 846/11/1
f 848/11/1 844/11/1 843/11/1
f 849/11/1 844/11/1 848/11/1
f 853/11/1 846/11/1 845/11/1
f 854/11/1 846/11/1 853/11/1
f 855/11/1 850/11/1 849/11/1
f 856/11/1 850/11/1 855/11/1
f 859/1/1 852/1/1 851/1/1
f 860/11/1 853/11/1 852/11/1
f 860/1/1 852/1/1 859/1/1
f 861/11/1 853/11/1 860/11/1
f 862/11/1 857/11/1 856/11/1
f 863/11/1 857/11/1 862/11/1
f 865/1/1 859/1/1 858/1/1
f 866/1/1 859/1/1 865/1/1
f 868/1/1 865/1/1 864/1/1
f 869/1/1 865/1/1 868/1/1
f 870/1/1 868/1/1 867/1/1
f 871/1/1 868/1/1 870/1/1
f 874/1/1 873/1/1 872/1/1
f 875/1/1 873/1/1 874/1/1
f 877/1/1 876/1/1 875/1/1
f 878/1/1 876/1/1 877/1/1
f 880/1/1 879/1/1 878/1/1
f 881/1/1 879/1/1 880/1/1
f 883/1/1 882/1/1 881/1/1
f 884/1/1 882/1/1 883/1/1
f 891/6/1 886/6/1 885/6/1
f 891/6/1 887/6/1 886/6/1
f 892/6/1 887/6/1 891/6/1
f 893/6/1 890/6/1 889/6/1
f 893/6/1 889/6/1 888/6/1
f 894/6/1 890/6/1 893/6/1
f 903/12/1 896/12/1 895/12/1
f 904/12/1 896/12/1 903/12/1
f 905/12/1 898/12/1 897/12/1
f 906/12/1 898/12/1 905/12/1
f 907/12/1 900/12/1 899/12/1
f 908/12/1 900/12/1 907/12/1
f 909/12/1 902/12/1 901/12/1
f 910/12/1 902/12/1 909/12/1
f 915/6/1 912/6/1 911/6/1
f 916/6/1 914/6/1 913/6/1
f 917/6/1 915/6/1 911/6/1
f 922/6/1 914/6/1 916/6/1
f 923/6/1 917/6/1 911/6/1
f 924/6/1 917/6/1 923/6/1
f 925/6/1 919/6/1 918/6/1
f 926/6/1 919/6/1 925/6/1
f 927/6/1 921/6/1 920/6/1
f 928/6/1 921/6/1 927/6/1
f 929/6/1 914/6/1 922/6/1
f 930/6/1 914/6/1 929/6/1
f 936/11/1 932/11/1 931/11/1
f 937/11/1 932/11/1 936/11/1
f 938/11/1 934/11/1 933/11/1
f 939/11/1 934/11/1 938/11/1
f 943/11/1 936/11/1 935/11/1
f 944/11/1 936/11/1 943/11/1
f 945/11/1 940/11/1 939/11/1
f 946/11/1 940/11/1 945/11/1
f 950/1/1 942/1/1 941/1/1
f 951/11/1 943/11/1 942/11/1
f 951/1/1 942/1/1 950/1/1
f 952/11/1 943/11/1 951/11/1
f 953/11/1 947/11/1 946/11/1
f 954/1/1 948/1/1 947/1/1
f 954/11/1 947/11/1 953/11/1
f 955/1/1 948/1/1 954/1/1
f 958/1/1 950/1/1 949/1/1
f 959/1/1 950/1/1 958/1/1
f 960/1/1 956/1/1 955/1/1
f 961/1/1 956/1/1 960/1/1
f 964/1/1 958/1/1 957/1/1
f 965/1/1 958/1/1 964/1/1
f 966/1/1 962/1/1 961/1/1
f 967/1/1 962/1/1 966/1/1
f 969/1/1 964/1/1 963/1/1
f 970/1/1 964/1/1 969/1/1
f 971/1/1 968/1/1 967/1/1
f 972/1/1 968/1/1 971/1/1
f 979/11/1 974/11/1 973/11/1
f 980/11/1 974/11/1 979/11/1
f 981/11/1 976/11/1 975/11/1
f 982/11/1 976/11/1 981/11/1
f 986/1/1 978/1/1 977/1/1
f 987/11/1 979/11/1 978/11/1
f 987/1/1 978/1/1 986/1/1
f 988/11/1 979/11/1 987/11/1
f 989/11/1 983/11/1 982/11/1
f 990/1/1 984/1/1 983/1/1
f 990/11/1 983/11/1 989/11/1
f 991/1/1 984/1/1 990/1/1
f 994/1/1 986/1/1 985/1/1
f 995/1/1 986/1/1 994/1/1
f 996/1/1 992/1/1 991/1/1
f 997/1/1 992/1/1 996/1/1
f 1000/1/1 994/1/1 993/1/1
f 1001/1/1 994/1/1 1000/1/1
f 1002/1/1 998/1/1 997/1/1
f 1003/1/1 998/1/1 1002/1/1
f 1005/1/1 1000/1/1 999/1/1
f 1006/1/1 1000/1/1 1005/1/1
f 1007/1/1 1004/1/1 1003/1/1
f 1008/1/1 1004/1/1 1007/1/1
f 1019/12/1 1010/12/1 1009/12/1
f 1020/12/1 1010/12/1 1019/12/1
f 1021/6/1 1012/6/1 1011/6/1
f 1021/6/1 1013/6/1 1012/6/1
f 1022/6/1 1013/6/1 1021/6/1
f 1023/6/1 1015/6/1 1014/6/1
f 1023/6/1 1016/6/1 1015/6/1
f 1024/6/1 1016/6/1 1023/6/1
f 1025/12/1 1018/12/1 1017/12/1
f 1026/12/1 1018/12/1 1025/12/1
f 1035/6/1 1028/6/1 1027/6/1
f 1036/6/1 1028/6/1 1035/6/1
f 1037/6/1 1030/6/1 1029/6/1
f 1038/6/1 1030/6/1 1037/6/1
f 1039/6/1 1032/6/1 1031/6/1
f 1040/6/1 1032/6/1 1039/6/1
f 1041/6/1 1034/6/1 1033/6/1
f 1042/6/1 1034/6/1 1041/6/1
f 1051/6/1 1044/6/1 1043/6/1
f 1052/6/1 1044/6/1 1051/6/1
f 1053/6/1 1046/6/1 1045/6/1
f 1054/6/1 1046/6/1 1053/6/1
f 1055/6/1 1048/6/1 1047/6/1
f 1056/6/1 1048/6/1 1055/6/1
f 1057/6/1 1050/6/1 1049/6/1
f 1058/6/1 1050/6/1 1057/6/1
f 1067/6/1 1060/6/1 1059/6/1
f 1068/6/1 1060/6/1 1067/6/1
f 1069/12/1 1062/12/1 1061/12/1
f 1070/12/1 1062/12/1 1069/12/1
f 1071/12/1 1064/12/1 1063/12/1
f 1072/12/1 1064/12/1 1071/12/1
f 1073/6/1 1066/6/1 1065/6/1
f 1074/6/1 1066/6/1 1073/6/1
f 1079/6/1 1076/6/1 1075/6/1
f 1080/6/1 1078/6/1 1077/6/1
f 1081/6/1 1079/6/1 1075/6/1
f 1082/6/1 1079/6/1 1081/6/1
f 1083/6/1 1078/6/1 1080/6/1
f 1084/6/1 1078/6/1 1083/6/1
f 1087/5/1 1086/5/1 1085/5/1
f 1088/5/1 1086/5/1 1087/5/1
f 1094/12/1 1090/12/1 1089/12/1
f 1095/12/1 1092/12/1 1091/12/1
f 1097/12/1 1094/12/1 1093/12/1
f 1098/12/1 1090/12/1 1094/12/1
f 1098/12/1 1094/12/1 1097/12/1
f 1099/12/1 1096/12/1 1095/12/1
f 1099/12/1 1095/12/1 1091/12/1
f 1100/12/1 1096/12/1 1099/12/1
f 1105/12/1 1102/12/1 1101/12/1
f 1106/12/1 1102/12/1 1105/12/1
f 1107/12/1 1104/12/1 1103/12/1
f 1108/12/1 1104/12/1 1107/12/1
f 1113/12/1 1110/12/1 1109/12/1
f 1114/12/1 1110/12/1 1113/12/1
f 1115/12/1 1112/12/1 1111/12/1
f 1116/12/1 1112/12/1 1115/12/1
f 1121/13/1 1118/13/1 1117/13/1
f 1122/13/1 1118/13/1 1121/13/1
f 1123/13/1 1120/13/1 1119/13/1
f 1124/13/1 1120/13/1 1123/13/1
f 1129/12/1 1126/12/1 1125/12/1
f 1130/12/1 1126/12/1 1129/12/1
f 1131/12/1 1128/12/1 1127/12/1
f 1132/12/1 1128/12/1 1131/12/1
f 1133/10/1 1130/10/1 1129/10/1
f 1133/10/1 1131/10/1 1130/10/1
f 1133/10/1 1132/10/1 1131/10/1
f 1134/10/1 1132/10/1 1133/10/1
f 1139/1/1 1136/1/1 1135/1/1
f 1140/1/1 1136/1/1 1139/1/1
f 1141/1/1 1138/1/1 1137/1/1
f 1142/1/1 1138/1/1 1141/1/1
f 1143/1/2 1144/1/2 1147/1/2
f 1147/1/2 1144/1/2 1148/1/2
f 1145/1/2 1146/1/2 1149/1/2
f 1149/1/2 1146/1/2 1150/1/2
f 1151/1/2 1152/1/2 1153/1/2
f 1153/1/2 1152/1/2 1154/1/2
f 1155/1/2 1156/1/2 1157/1/2
f 1157/1/2 1156/1/2 1158/1/2
f 1159/1/2 1160/1/2 1162/1/2
f 1162/1/2 1160/1/2 1163/1/2
f 1161/1/2 1162/1/2 1165/1/2
f 1165/1/2 1162/1/2 1166/1/2
f 1163/1/2 1164/1/2 1167/1/2
f 1167/1/2 1164/1/2 1168/1/2
f 1169/1/2 1170/1/2 1173/1/2
f 1170/11/2 1171/11/2 1174/11/2
f 1173/1/2 1170/1/2 1174/1/2
f 1174/11/2 1171/11/2 1175/11/2
f 1175/11/2 1171/11/2 1176/11/2
f 1171/1/2 1172/1/2 1177/1/2
f 1176/11/2 1171/11/2 1177/11/2
f 1177/1/2 1172/1/2 1178/1/2
f 1174/1/2 1175/1/2 1179/1/2
f 1179/1/2 1175/1/2 1180/1/2
f 1176/1/2 1177/1/2 1181/1/2
f 1181/1/2 1177/1/2 1182/1/2
f 1180/1/2 1181/1/2 1184/1/2
f 1184/1/2 1181/1/2 1185/1/2
f 1183/1/2 1184/1/2 1188/1/2
f 1188/1/2 1184/1/2 1189/1/2
f 1185/1/2 1186/1/2 1190/1/2
f 1190/1/2 1186/1/2 1191/1/2
f 1187/1/2 1188/1/2 1193/1/2
f 1193/1/2 1188/1/2 1194/1/2
f 1191/1/2 1192/1/2 1195/1/2
f 1195/1/2 1192/1/2 1196/1/2
f 1197/1/2 1198/1/2 1202/1/2
f 1199/1/2 1200/1/2 1203/1/2
f 1201/1/2 1202/1/2 1206/1/2
f 1202/1/2 1198/1/2 1207/1/2
f 1206/1/2 1202/1/2 1207/1/2
f 1207/1/2 1198/1/2 1208/1/2
f 1203/1/2 1204/1/2 1209/1/2
f 1199/1/2 1203/1/2 1209/1/2
f 1209/1/2 1204/1/2 1210/1/2
f 1210/1/2 1204/1/2 1211/1/2
f 1205/1/2 1206/1/2 1213/1/2
f 1206/1/2 1207/1/2 1213/1/2
f 1213/1/2 1207/1/2 1214/1/2
f 1214/1/2 1207/1/2 1215/1/2
f 1211/1/2 1212/1/2 1216/1/2
f 1210/1/2 1211/1/2 1216/1/2
f 1216/1/2 1212/1/2 1217/1/2
f 1217/1/2 1212/1/2 1218/1/2
f 1213/1/2 1214/1/2 1219/1/2
f 1219/1/2 1214/1/2 1220/1/2
f 1217/1/2 1218/1/2 1221/1/2
f 1221/1/2 1218/1/2 1222/1/2
f 1223/1/2 1224/1/2 1227/1/2
f 1227/1/2 1224/1/2 1228/1/2
f 1225/1/2 1226/1/2 1231/1/2
f 1231/1/2 1226/1/2 1232/1/2
f 1228/1/2 1229/1/2 1234/1/2
f 1234/1/2 1229/1/2 1235/1/2
f 1230/1/2 1231/1/2 1236/1/2
f 1236/1/2 1231/1/2 1237/1/2
f 1233/1/2 1234/1/2 1240/1/2
f 1240/1/2 1234/1/2 1241/1/2
f 1237/1/2 1238/1/2 1242/1/2
f 1242/1/2 1238/1/2 1243/1/2
f 1239/1/2 1240/1/2 1245/1/2
f 1245/1/2 1240/1/2 1246/1/2
f 1243/1/2 1244/1/2 1247/1/2
f 1247/1/2 1244/1/2 1248/1/2
f 1249/12/2 1250/12/2 1253/12/2
f 1253/12/2 1250/12/2 1254/12/2
f 1251/12/2 1252/12/2 1255/12/2
f 1255/12/2 1252/12/2 1256/12/2
f 1257/1/2 1258/1/2 1261/1/2
f 1261/1/2 1258/1/2 1262/1/2
f 1259/1/2 1260/1/2 1265/1/2
f 1265/1/2 1260/1/2 1266/1/2
f 1262/1/2 1263/1/2 1268/1/2
f 1268/1/2 1263/1/2 1269/1/2
f 1264/1/2 1265/1/2 1270/1/2
f 1270/1/2 1265/1/2 1271/1/2
f 1267/1/2 1268/1/2 1274/1/2
f 1274/1/2 1268/1/2 1275/1/2
f 1271/1/2 1272/1/2 1276/1/2
f 1276/1/2 1272/1/2 1277/1/2
f 1273/1/2 1274/1/2 1279/1/2
f 1279/1/2 1274/1/2 1280/1/2
f 1277/1/2 1278/1/2 1281/1/2
f 1281/1/2 1278/1/2 1282/1/2
f 1283/6/2 1284/6/2 1287/6/2
f 1287/6/2 1284/6/2 1288/6/2
f 1285/6/2 1286/6/2 1289/6/2
f 1289/6/2 1286/6/2 1290/6/2
f 1291/1/2 1292/1/2 1295/1/2
f 1295/1/2 1292/1/2 1296/1/2
f 1293/1/2 1294/1/2 1299/1/2
f 1299/1/2 1294/1/2 1300/1/2
f 1296/1/2 1297/1/2 1302/1/2
f 1302/1/2 1297/1/2 1303/1/2
f 1298/1/2 1299/1/2 1304/1/2
f 1304/1/2 1299/1/2 1305/1/2
f 1301/1/2 1302/1/2 1308/1/2
f 1308/1/2 1302/1/2 1309/1/2
f 1305/1/2 1306/1/2 1310/1/2
f 1310/1/2 1306/1/2 1311/1/2
f 1307/1/2 1308/1/2 1313/1/2
f 1313/1/2 1308/1/2 1314/1/2
f 1311/1/2 1312/1/2 1315/1/2
f 1315/1/2 1312/1/2 1316/1/2
f 1317/6/2 1318/6/2 1321/6/2
f 1321/6/2 1318/6/2 1322/6/2
f 1319/6/2 1320/6/2 1323/6/2
f 1323/6/2 1320/6/2 1324/6/2
f 1325/1/2 1326/1/2 1329/1/2
f 1329/1/2 1326/1/2 1330/1/2
f 1327/1/2 1328/1/2 1333/1/2
f 1333/1/2 1328/1/2 1334/1/2
f 1330/1/2 1331/1/2 1335/1/2
f 1335/1/2 1331/1/2 1336/1/2
f 1332/1/2 1333/1/2 1337/1/2
f 1337/1/2 1333/1/2 1338/1/2
f 1339/1/2 1340/1/2 1346/1/2
f 1346/1/2 1340/1/2 1347/1/2
f 1343/1/2 1344/1/2 1348/1/2
f 1348/1/2 1344/1/2 1349/1/2
f 1345/1/2 1346/1/2 1352/1/2
f 1352/1/2 1346/1/2 1353/1/2
f 1349/1/2 1350/1/2 1354/1/2
f 1354/1/2 1350/1/2 1355/1/2
f 1351/1/2 1352/1/2 1357/1/2
f 1357/1/2 1352/1/2 1358/1/2
f 1355/1/2 1356/1/2 1359/1/2
f 1359/1/2 1356/1/2 1360/1/2
f 1341/6/2 1342/6/2 1362/6/2
f 1362/6/2 1342/6/2 1363/6/2
f 1361/12/2 1362/12/2 1365/12/2
f 1362/6/2 1363/6/2 1366/6/2
f 1365/12/2 1362/12/2 1366/12/2
f 1363/12/2 1364/12/2 1367/12/2
f 1366/6/2 1363/6/2 1367/6/2
f 1367/12/2 1364/12/2 1368/12/2
f 1369/5/2 1370/5/2 1375/5/2
f 1375/5/2 1370/5/2 1376/5/2
f 1371/1/2 1372/1/2 1381/1/2
f 1381/1/2 1372/1/2 1382/1/2
f 1373/1/2 1374/1/2 1385/1/2
f 1385/1/2 1374/1/2 1386/1/2
f 1377/1/2 1378/1/2 1387/1/2
f 1387/1/2 1378/1/2 1388/1/2
f 1379/1/2 1380/1/2 1391/1/2
f 1391/1/2 1380/1/2 1392/1/2
f 1382/1/2 1383/1/2 1393/1/2
f 1393/1/2 1383/1/2 1394/1/2
f 1384/1/2 1385/1/2 1395/1/2
f 1395/1/2 1385/1/2 1396/1/2
f 1388/1/2 1389/1/2 1397/1/2
f 1397/1/2 1389/1/2 1398/1/2
f 1390/1/2 1391/1/2 1399/1/2
f 1399/1/2 1391/1/2 1400/1/2
f 1394/1/2 1395/1/2 1401/1/2
f 1401/1/2 1395/1/2 1402/1/2
f 1398/1/2 1399/1/2 1403/1/2
f 1403/1/2 1399/1/2 1404/1/2
f 1405/1/2 1406/1/2 1407/1/2
f 1407/1/2 1406/1/2 1408/1/2
f 1408/1/2 1409/1/2 1414/1/2
f 1414/1/2 1409/1/2 1415/1/2
f 1410/1/2 1411/1/2 1418/1/2
f 1418/1/2 1411/1/2 1419/1/2
f 1412/1/2 1413/1/2 1420/1/2
f 1420/1/2 1413/1/2 1421/1/2
f 1415/1/2 1416/1/2 1423/1/2
f 1423/1/2 1416/1/2 1424/1/2
f 1417/1/2 1418/1/2 1425/1/2
f 1425/1/2 1418/1/2 1426/1/2
f 1421/1/2 1422/1/2 1427/1/2
f 1427/1/2 1422/1/2 1428/1/2
f 1424/1/2 1425/1/2 1430/1/2
f 1430/1/2 1425/1/2 1431/1/2
f 1428/1/2 1429/1/2 1432/1/2
f 1432/1/2 1429/1/2 1433/1/2
f 1434/1/2 1435/1/2 1437/1/2
f 1437/1/2 1435/1/2 1438/1/2
f 1436/1/2 1437/1/2 1440/1/2
f 1440/1/2 1437/1/2 1441/1/2
f 1439/1/2 1440/1/2 1442/1/2
f 1442/1/2 1440/1/2 1443/1/2
f 1444/6/2 1445/6/2 1448/6/2
f 1446/6/2 1447/6/2 1449/6/2
f 1444/6/2 1448/6/2 1450/6/2
f 1449/6/2 1447/6/2 1455/6/2
f 1444/6/2 1450/6/2 1456/6/2
f 1456/6/2 1450/6/2 1457/6/2
f 1451/6/2 1452/6/2 1458/6/2
f 1458/6/2 1452/6/2 1459/6/2
f 1453/6/2 1454/6/2 1460/6/2
f 1460/6/2 1454/6/2 1461/6/2
f 1455/6/2 1447/6/2 1462/6/2
f 1462/6/2 1447/6/2 1463/6/2
f 1464/12/2 1465/12/2 1472/12/2
f 1472/12/2 1465/12/2 1473/12/2
f 1466/12/2 1467/12/2 1474/12/2
f 1474/12/2 1467/12/2 1475/12/2
f 1468/12/2 1469/12/2 1476/12/2
f 1476/12/2 1469/12/2 1477/12/2
f 1470/12/2 1471/12/2 1478/12/2
f 1478/12/2 1471/12/2 1479/12/2
f 1480/1/2 1481/1/2 1484/1/2
f 1484/1/2 1481/1/2 1485/1/2
f 1482/1/2 1483/1/2 1492/1/2
f 1492/1/2 1483/1/2 1493/1/2
f 1485/1/2 1486/1/2 1494/1/2
f 1494/1/2 1486/1/2 1495/1/2
f 1487/1/2 1488/1/2 1498/1/2
f 1498/1/2 1488/1/2 1499/1/2
f 1489/1/2 1490/1/2 1500/1/2
f 1500/1/2 1490/1/2 1501/1/2
f 1491/1/2 1492/1/2 1504/1/2
f 1504/1/2 1492/1/2 1505/1/2
f 1495/1/2 1496/1/2 1506/1/2
f 1506/1/2 1496/1/2 1507/1/2
f 1497/1/2 1498/1/2 1508/1/2
f 1508/1/2 1498/1/2 1509/1/2
f 1501/1/2 1502/1/2 1510/1/2
f 1510/1/2 1502/1/2 1511/1/2
f 1503/1/2 1504/1/2 1512/1/2
f 1512/1/2 1504/1/2 1513/1/2
f 1507/1/2 1508/1/2 1515/1/2
f 1515/1/2 1508/1/2 1516/1/2
f 1511/1/2 1512/1/2 1517/1/2
f 1517/1/2 1512/1/2 1518/1/2
f 1515/6/2 1516/6/2 1520/6/2
f 1514/6/2 1515/6/2 1520/6/2
f 1520/6/2 1516/6/2 1521/6/2
f 1517/6/2 1518/6/2 1522/6/2
f 1518/6/2 1519/6/2 1522/6/2
f 1522/6/2 1519/6/2 1523/6/2
f 1524/1/2 1525/1/2 1528/1/2
f 1528/1/2 1525/1/2 1529/1/2
f 1526/1/2 1527/1/2 1536/1/2
f 1536/1/2 1527/1/2 1537/1/2
f 1529/1/2 1530/1/2 1538/1/2
f 1538/1/2 1530/1/2 1539/1/2
f 1531/1/2 1532/1/2 1542/1/2
f 1542/1/2 1532/1/2 1543/1/2
f 1533/1/2 1534/1/2 1544/1/2
f 1544/1/2 1534/1/2 1545/1/2
f 1535/1/2 1536/1/2 1548/1/2
f 1548/1/2 1536/1/2 1549/1/2
f 1539/1/2 1540/1/2 1550/1/2
f 1550/1/2 1540/1/2 1551/1/2
f 1541/1/2 1542/1/2 1552/1/2
f 1552/1/2 1542/1/2 1553/1/2
f 1545/1/2 1546/1/2 1554/1/2
f 1554/1/2 1546/1/2 1555/1/2
f 1547/1/2 1548/1/2 1556/1/2
f 1556/1/2 1548/1/2 1557/1/2
f 1558/5/2 1559/5/2 1562/5/2
f 1562/5/2 1559/5/2 1563/5/2
f 1560/5/2 1561/5/2 1564/5/2
f 1564/5/2 1561/5/2 1565/5/2
f 1566/5/2 1567/5/2 1570/5/2
f 1568/5/2 1569/5/2 1571/5/2
f 1570/5/2 1567/5/2 1572/5/2
f 1572/5/2 1567/5/2 1573/5/2
f 1568/5/2 1571/5/2 1574/5/2
f 1574/5/2 1571/5/2 1575/5/2
f 1576/5/2 1577/5/2 1578/5/2
f 1578/5/2 1577/5/2 1579/5/2
f 1578/5/2 1579/5/2 1580/5/2
f 1580/5/2 1579/5/2 1581/5/2
f 1580/5/2 1581/5/2 1582/5/2
f 1582/5/2 1581/5/2 1583/5/2
f 1583/5/2 1581/5/2 1584/5/2
f 1584/5/2 1581/5/2 1585/5/2
f 1585/5/2 1581/5/2 1586/5/2
f 1586/5/2 1581/5/2 1587/5/2
f 1587/5/2 1581/5/2 1588/5/2
f 1588/5/2 1581/5/2 1589/5/2
f 1585/5/2 1586/5/2 1590/5/2
f 1590/5/2 1586/5/2 1591/5/2
f 1592/6/2 1593/6/2 1596/6/2
f 1594/6/2 1595/6/2 1597/6/2
f 1592/6/2 1596/6/2 1598/6/2
f 1598/6/2 1596/6/2 1599/6/2
f 1597/6/2 1595/6/2 1600/6/2
f 1600/6/2 1595/6/2 1601/6/2
f 1602/6/2 1603/6/2 1610/6/2
f 1610/6/2 1603/6/2 1611/6/2
f 1604/12/2 1605/12/2 1612/12/2
f 1612/12/2 1605/12/2 1613/12/2
f 1606/12/2 1607/12/2 1614/12/2
f 1614/12/2 1607/12/2 1615/12/2
f 1608/6/2 1609/6/2 1616/6/2
f 1616/6/2 1609/6/2 1617/6/2
f 1618/6/2 1619/6/2 1626/6/2
f 1626/6/2 1619/6/2 1627/6/2
f 1620/6/2 1621/6/2 1628/6/2
f 1628/6/2 1621/6/2 1629/6/2
f 1622/6/2 1623/6/2 1630/6/2
f 1630/6/2 1623/6/2 1631/6/2
f 1624/6/2 1625/6/2 1632/6/2
f 1632/6/2 1625/6/2 1633/6/2
f 1634/6/2 1635/6/2 1642/6/2
f 1642/6/2 1635/6/2 1643/6/2
f 1636/6/2 1637/6/2 1644/6/2
f 1644/6/2 1637/6/2 1645/6/2
f 1638/6/2 1639/6/2 1646/6/2
f 1646/6/2 1639/6/2 1647/6/2
f 1640/6/2 1641/6/2 1648/6/2
f 1648/6/2 1641/6/2 1649/6/2
f 1650/13/2 1651/13/2 1655/13/2
f 1655/13/2 1651/13/2 1656/13/2
f 1652/13/2 1653/13/2 1657/13/2
f 1657/13/2 1653/13/2 1658/13/2
f 1655/11/2 1656/11/2 1661/11/2
f 1654/11/2 1655/11/2 1661/11/2
f 1658/11/2 1659/11/2 1662/11/2
f 1657/11/2 1658/11/2 1662/11/2
f 1660/11/2 1661/11/2 1664/11/2
f 1661/11/2 1656/11/2 1665/11/2
f 1664/11/2 1661/11/2 1665/11/2
f 1662/11/2 1663/11/2 1666/11/2
f 1657/11/2 1662/11/2 1666/11/2
f 1666/11/2 1663/11/2 1667/11/2
f 1665/11/2 1656/11/2 1668/11/2
f 1668/11/2 1656/11/2 1669/11/2
f 1669/11/2 1656/11/2 1670/11/2
f 1657/11/2 1666/11/2 1671/11/2
f 1671/11/2 1666/11/2 1672/11/2
f 1672/11/2 1666/11/2 1673/11/2
f 1674/12/2 1675/12/2 1684/12/2
f 1675/6/2 1676/6/2 1685/6/2
f 1684/12/2 1675/12/2 1685/12/2
f 1685/6/2 1676/6/2 1686/6/2
f 1677/12/2 1678/12/2 1687/12/2
f 1687/12/2 1678/12/2 1688/12/2
f 1679/12/2 1680/12/2 1689/12/2
f 1689/12/2 1680/12/2 1690/12/2
f 1681/6/2 1682/6/2 1691/6/2
f 1682/12/2 1683/12/2 1692/12/2
f 1691/6/2 1682/6/2 1692/6/2
f 1692/12/2 1683/12/2 1693/12/2
f 1694/13/2 1695/13/2 1698/13/2
f 1698/13/2 1695/13/2 1699/13/2
f 1696/13/2 1697/13/2 1700/13/2
f 1700/13/2 1697/13/2 1701/13/2
f 1702/13/2 1703/13/2 1706/13/2
f 1706/13/2 1703/13/2 1707/13/2
f 1704/13/2 1705/13/2 1708/13/2
f 1708/13/2 1705/13/2 1709/13/2
f 1710/1/2 1711/1/2 1712/1/2
f 1712/1/2 1711/1/2 1713/1/2
f 1707/11/2 1708/11/2 1717/11/2
f 1717/11/2 1708/11/2 1718/11/2
f 1713/1/2 1714/1/2 1719/1/2
f 1715/1/2 1716/1/2 1721/1/2
f 1721/1/2 1716/1/2 1722/1/2
f 1719/1/2 1720/1/2 1723/1/2
f 1713/1/2 1719/1/2 1723/1/2
f 1723/1/2 1720/1/2 1724/1/2
f 1724/1/2 1725/1/2 1726/1/2
f 1726/1/2 1725/1/2 1727/1/2
f 1728/13/2 1729/13/2 1736/13/2
f 1736/13/2 1729/13/2 1737/13/2
f 1730/13/2 1731/13/2 1738/13/2
f 1738/13/2 1731/13/2 1739/13/2
f 1732/13/2 1733/13/2 1740/13/2
f 1740/13/2 1733/13/2 1741/13/2
f 1734/13/2 1735/13/2 1742/13/2
f 1742/13/2 1735/13/2 1743/13/2
f 1744/1/2 1745/1/2 1747/1/2
f 1747/1/2 1745/1/2 1748/1/2
f 1746/1/2 1747/1/2 1753/1/2
f 1753/1/2 1747/1/2 1754/1/2
f 1748/1/2 1749/1/2 1755/1/2
f 1755/1/2 1749/1/2 1756/1/2
f 1750/1/2 1751/1/2 1759/1/2
f 1759/1/2 1751/1/2 1760/1/2
f 1752/1/2 1753/1/2 1762/1/2
f 1762/1/2 1753/1/2 1763/1/2
f 1756/1/2 1757/1/2 1764/1/2
f 1764/1/2 1757/1/2 1765/1/2
f 1758/1/2 1759/1/2 1768/1/2
f 1768/1/2 1759/1/2 1769/1/2
f 1761/1/2 1762/1/2 1770/1/2
f 1770/1/2 1762/1/2 1771/1/2
f 1765/1/2 1766/1/2 1774/1/2
f 1774/1/2 1766/1/2 1775/1/2
f 1767/1/2 1768/1/2 1776/1/2
f 1776/1/2 1768/1/2 1777/1/2
f 1771/1/2 1772/1/2 1781/1/2
f 1781/1/2 1772/1/2 1782/1/2
f 1773/1/2 1774/1/2 1785/1/2
f 1785/1/2 1774/1/2 1786/1/2
f 1777/1/2 1778/1/2 1787/1/2
f 1787/1/2 1778/1/2 1788/1/2
f 1779/1/2 1780/1/2 1791/1/2
f 1791/1/2 1780/1/2 1792/1/2
f 1782/1/2 1783/1/2 1793/1/2
f 1793/1/2 1783/1/2 1794/1/2
f 1784/1/2 1785/1/2 1795/1/2
f 1785/12/2 1786/12/2 1796/12/2
f 1795/1/2 1785/1/2 1796/1/2
f 1788/1/2 1789/1/2 1797/1/2
f 1787/12/2 1788/12/2 1797/12/2
f 1797/1/2 1789/1/2 1798/1/2
f 1790/1/2 1791/1/2 1799/1/2
f 1799/1/2 1791/1/2 1800/1/2
f 1794/1/2 1795/1/2 1801/1/2
f 1795/12/2 1796/12/2 1802/12/2
f 1801/1/2 1795/1/2 1802/1/2
f 1797/12/2 1798/12/2 1803/12/2
f 1798/1/2 1799/1/2 1803/1/2
f 1803/1/2 1799/1/2 1804/1/2
f 1802/12/2 1796/12/2 1805/12/2
f 1796/12/2 1786/12/2 1806/12/2
f 1805/12/2 1796/12/2 1806/12/2
f 1797/12/2 1803/12/2 1807/12/2
f 1787/12/2 1797/12/2 1807/12/2
f 1807/12/2 1803/12/2 1808/12/2
f 1809/13/2 1810/13/2 1819/13/2
f 1819/13/2 1810/13/2 1820/13/2
f 1811/13/2 1812/13/2 1821/13/2
f 1821/13/2 1812/13/2 1822/13/2
f 1813/13/2 1814/13/2 1823/13/2
f 1823/13/2 1814/13/2 1824/13/2
f 1815/13/2 1816/13/2 1825/13/2
f 1825/13/2 1816/13/2 1826/13/2
f 1817/13/2 1818/13/2 1827/13/2
f 1827/13/2 1818/13/2 1828/13/2
f 1829/1/2 1830/1/2 1834/1/2
f 1834/1/2 1830/1/2 1835/1/2
f 1831/1/2 1832/1/2 1838/1/2
f 1838/1/2 1832/1/2 1839/1/2
f 1833/1/2 1834/1/2 1842/1/2
f 1842/1/2 1834/1/2 1843/1/2
f 1835/1/2 1836/1/2 1844/1/2
f 1844/1/2 1836/1/2 1845/1/2
f 1837/1/2 1838/1/2 1848/1/2
f 1848/1/2 1838/1/2 1849/1/2
f 1839/1/2 1840/1/2 1850/1/2
f 1850/1/2 1840/1/2 1851/1/2
f 1841/1/2 1842/1/2 1853/1/2
f 1853/1/2 1842/1/2 1854/1/2
f 1845/1/2 1846/1/2 1857/1/2
f 1857/1/2 1846/1/2 1858/1/2
f 1847/1/2 1848/1/2 1859/1/2
f 1859/1/2 1848/1/2 1860/1/2
f 1851/1/2 1852/1/2 1863/1/2
f 1863/1/2 1852/1/2 1864/1/2
f 1854/1/2 1855/1/2 1865/1/2
f 1865/1/2 1855/1/2 1866/1/2
f 1856/1/2 1857/1/2 1867/1/2
f 1867/1/2 1857/1/2 1868/1/2
f 1860/1/2 1861/1/2 1869/1/2
f 1869/1/2 1861/1/2 1870/1/2
f 1862/1/2 1863/1/2 1871/1/2
f 1871/1/2 1863/1/2 1872/1/2
f 1866/1/2 1867/1/2 1873/1/2
f 1873/1/2 1867/1/2 1874/1/2
f 1870/1/2 1871/1/2 1875/1/2
f 1875/1/2 1871/1/2 1876/1/2
f 1877/10/2 1878/10/2 1881/10/2
f 1881/10/2 1878/10/2 1882/10/2
f 1879/10/2 1880/10/2 1883/10/2
f 1883/10/2 1880/10/2 1884/10/2
f 1885/13/2 1886/13/2 1893/13/2
f 1893/13/2 1886/13/2 1894/13/2
f 1887/13/2 1888/13/2 1895/13/2
f 1895/13/2 1888/13/2 1896/13/2
f 1889/13/2 1890/13/2 1897/13/2
f 1897/13/2 1890/13/2 1898/13/2
f 1891/13/2 1892/13/2 1899/13/2
f 1899/13/2 1892/13/2 1900/13/2
f 1901/1/2 1902/1/2 1906/1/2
f 1906/1/2 1902/1/2 1907/1/2
f 1903/1/2 1904/1/2 1910/1/2
f 1910/1/2 1904/1/2 1911/1/2
f 1905/1/2 1906/1/2 1913/1/2
f 1913/1/2 1906/1/2 1914/1/2
f 1907/1/2 1908/1/2 1915/1/2
f 1915/1/2 1908/1/2 1916/1/2
f 1909/1/2 1910/1/2 1917/1/2
f 1917/1/2 1910/1/2 1918/1/2
f 1911/1/2 1912/1/2 1919/1/2
f 1919/1/2 1912/1/2 1920/1/2
f 1914/1/2 1915/1/2 1921/1/2
f 1921/1/2 1915/1/2 1922/1/2
f 1918/1/2 1919/1/2 1923/1/2
f 1923/1/2 1919/1/2 1924/1/2
f 1925/10/2 1926/10/2 1927/10/2
f 1927/10/2 1926/10/2 1928/10/2
f 1929/13/2 1930/13/2 1933/13/2
f 1933/13/2 1930/13/2 1934/13/2
f 1931/13/2 1932/13/2 1935/13/2
f 1935/13/2 1932/13/2 1936/13/2
f 1937/1/2 1938/1/2 1941/1/2
f 1941/1/2 1938/1/2 1942/1/2
f 1939/1/2 1940/1/2 1943/1/2
f 1943/1/2 1940/1/2 1944/1/2
f 1947/6/3 1946/6/3 1945/6/3
f 1948/6/3 1946/6/3 1947/6/3
f 1952/6/3 1950/6/3 1949/6/3
f 1953/6/3 1952/6/3 1951/6/3
f 1954/6/3 1950/6/3 1952/6/3
f 1954/6/3 1952/6/3 1953/6/3
f 1955/6/3 1950/6/3 1954/6/3
f 1956/6/3 1950/6/3 1955/6/3
f 1962/1/3 1960/1/3 1959/1/3
f 1963/1/3 1960/1/3 1962/1/3
f 1966/1/3 1962/1/3 1961/1/3
f 1967/1/3 1962/1/3 1966/1/3
f 1968/12/3 1965/12/3 1964/12/3
f 1969/12/3 1965/12/3 1968/12/3
f 1974/12/3 1973/12/3 1972/12/3
f 1975/12/3 1973/12/3 1974/12/3
f 1977/1/3 1971/1/3 1970/1/3
f 1978/1/3 1971/1/3 1977/1/3
f 1980/1/3 1977/1/3 1976/1/3
f 1981/1/3 1977/1/3 1980/1/3
f 1984/6/3 1983/6/3 1982/6/3
f 1985/6/3 1983/6/3 1984/6/3
f 1986/1/3 1980/1/3 1979/1/3
f 1987/1/3 1980/1/3 1986/1/3
f 1992/6/3 1991/6/3 1990/6/3
f 1993/6/3 1991/6/3 1992/6/3
f 1994/13/3 1958/13/3 1957/13/3
f 1995/13/3 1958/13/3 1994/13/3
f 1996/1/3 1989/1/3 1988/1/3
f 1997/1/3 1989/1/3 1996/1/3
f 2003/1/3 2001/1/3 2000/1/3
f 2004/1/3 2001/1/3 2003/1/3
f 2006/13/3 1999/13/3 1998/13/3
f 2007/13/3 1999/13/3 2006/13/3
f 2009/1/3 2005/1/3 2004/1/3
f 2009/1/3 2003/1/3 2002/1/3
f 2009/1/3 2004/1/3 2003/1/3
f 2010/1/3 2005/1/3 2009/1/3
f 2011/1/3 2005/1/3 2010/1/3
f 2012/1/3 2005/1/3 2011/1/3
f 2014/1/3 2009/1/3 2008/1/3
f 2015/1/3 2009/1/3 2014/1/3
f 2016/1/3 2011/1/3 2010/1/3
f 2017/1/3 2011/1/3 2016/1/3
f 2020/6/3 2019/6/3 2018/6/3
f 2021/6/3 2019/6/3 2020/6/3
f 2025/1/3 2014/1/3 2013/1/3
f 2026/1/3 2014/1/3 2025/1/3
f 2027/1/3 2016/1/3 2015/1/3
f 2028/1/3 2016/1/3 2027/1/3
f 2029/6/3 2023/6/3 2022/6/3
f 2030/6/3 2023/6/3 2029/6/3
f 2032/1/3 2025/1/3 2024/1/3
f 2033/1/3 2025/1/3 2032/1/3
f 2034/1/3 2027/1/3 2026/1/3
f 2035/1/3 2027/1/3 2034/1/3
f 2038/6/3 2037/6/3 2036/6/3
f 2039/6/3 2037/6/3 2038/6/3
f 2042/6/3 2041/6/3 2040/6/3
f 2043/6/3 2041/6/3 2042/6/3
f 2046/1/3 2032/1/3 2031/1/3
f 2047/1/3 2032/1/3 2046/1/3
f 2048/1/3 2034/1/3 2033/1/3
f 2049/1/3 2034/1/3 2048/1/3
f 2050/13/3 2045/13/3 2044/13/3
f 2051/13/3 2045/13/3 2050/13/3
f 2052/1/3 2048/1/3 2047/1/3
f 2053/1/3 2048/1/3 2052/1/3
f 2058/13/3 2055/13/3 2054/13/3
f 2059/13/3 2055/13/3 2058/13/3
f 2061/1/3 2057/1/3 2056/1/3
f 2062/1/3 2057/1/3 2061/1/3
f 2065/1/3 2061/1/3 2060/1/3
f 2066/1/3 2061/1/3 2065/1/3
f 2067/1/3 2063/1/3 2062/1/3
f 2068/1/3 2063/1/3 2067/1/3
f 2071/1/3 2065/1/3 2064/1/3
f 2072/1/3 2065/1/3 2071/1/3
f 2074/1/3 2069/1/3 2068/1/3
f 2075/1/3 2069/1/3 2074/1/3
f 2077/1/3 2071/1/3 2070/1/3
f 2078/1/3 2071/1/3 2077/1/3
f 2080/1/3 2074/1/3 2073/1/3
f 2081/1/3 2074/1/3 2080/1/3
f 2083/1/3 2077/1/3 2076/1/3
f 2084/1/3 2077/1/3 2083/1/3
f 2086/1/3 2080/1/3 2079/1/3
f 2087/1/3 2080/1/3 2086/1/3
f 2089/1/3 2083/1/3 2082/1/3
f 2090/1/3 2083/1/3 2089/1/3
f 2092/1/3 2086/1/3 2085/1/3
f 2093/1/3 2086/1/3 2092/1/3
f 2095/12/3 2094/12/3 2093/12/3
f 2096/12/3 2094/12/3 2095/12/3
f 2099/12/3 2098/12/3 2097/12/3
f 2100/12/3 2098/12/3 2099/12/3
f 2101/1/3 2089/1/3 2088/1/3
f 2102/1/3 2089/1/3 2101/1/3
f 2105/1/3 2092/1/3 2091/1/3
f 2106/1/3 2092/1/3 2105/1/3
f 2109/1/3 2103/1/3 2102/1/3
f 2110/1/3 2103/1/3 2109/1/3
f 2111/1/3 2105/1/3 2104/1/3
f 2112/1/3 2105/1/3 2111/1/3
f 2113/13/3 2108/13/3 2107/13/3
f 2114/13/3 2108/13/3 2113/13/3
f 2115/1/3 2111/1/3 2110/1/3
f 2116/1/3 2111/1/3 2115/1/3
f 2121/13/3 2118/13/3 2117/13/3
f 2122/13/3 2118/13/3 2121/13/3
f 2124/1/3 2120/1/3 2119/1/3
f 2125/1/3 2120/1/3 2124/1/3
f 2128/1/3 2124/1/3 2123/1/3
f 2129/1/3 2124/1/3 2128/1/3
f 2130/1/3 2126/1/3 2125/1/3
f 2131/1/3 2126/1/3 2130/1/3
f 2134/1/3 2128/1/3 2127/1/3
f 2135/1/3 2128/1/3 2134/1/3
f 2136/1/3 2132/1/3 2131/1/3
f 2137/1/3 2132/1/3 2136/1/3
f 2140/1/3 2134/1/3 2133/1/3
f 2141/1/3 2134/1/3 2140/1/3
f 2143/1/3 2138/1/3 2137/1/3
f 2144/1/3 2138/1/3 2143/1/3
f 2146/1/3 2140/1/3 2139/1/3
f 2147/1/3 2140/1/3 2146/1/3
f 2149/1/3 2143/1/3 2142/1/3
f 2150/1/3 2143/1/3 2149/1/3
f 2151/1/3 2149/1/3 2148/1/3
f 2152/1/3 2151/1/3 2148/1/3
f 2153/1/3 2152/1/3 2148/1/3
f 2154/1/3 2153/1/3 2148/1/3
f 2155/1/3 2154/1/3 2148/1/3
f 2157/1/3 2146/1/3 2145/1/3
f 2158/1/3 2146/1/3 2157/1/3
f 2160/1/3 2155/1/3 2148/1/3
f 2161/1/3 2155/1/3 2160/1/3
f 2163/1/3 2157/1/3 2156/1/3
f 2164/1/3 2157/1/3 2163/1/3
f 2166/1/3 2160/1/3 2159/1/3
f 2167/1/3 2160/1/3 2166/1/3
f 2168/1/3 2166/1/3 2165/1/3
f 2169/1/3 2168/1/3 2165/1/3
f 2170/1/3 2169/1/3 2165/1/3
f 2171/1/3 2170/1/3 2165/1/3
f 2172/1/3 2171/1/3 2165/1/3
f 2175/1/3 2163/1/3 2162/1/3
f 2176/1/3 2163/1/3 2175/1/3
f 2177/1/3 2174/1/3 2173/1/3
f 2178/1/3 2174/1/3 2177/1/3
f 2180/1/3 2172/1/3 2165/1/3
f 2181/1/3 2172/1/3 2180/1/3
f 2182/1/3 2177/1/3 2176/1/3
f 2183/1/3 2177/1/3 2182/1/3
f 2186/1/3 2180/1/3 2179/1/3
f 2187/1/3 2180/1/3 2186/1/3
f 2190/1/3 2184/1/3 2183/1/3
f 2191/1/3 2184/1/3 2190/1/3
f 2192/1/3 2186/1/3 2185/1/3
f 2193/1/3 2186/1/3 2192/1/3
f 2194/13/3 2189/13/3 2188/13/3
f 2195/13/3 2189/13/3 2194/13/3
f 2196/1/3 2192/1/3 2191/1/3
f 2197/1/3 2192/1/3 2196/1/3
f 2202/13/3 2199/13/3 2198/13/3
f 2203/13/3 2199/13/3 2202/13/3
f 2205/1/3 2201/1/3 2200/1/3
f 2206/1/3 2201/1/3 2205/1/3
f 2209/1/3 2205/1/3 2204/1/3
f 2210/1/3 2205/1/3 2209/1/3
f 2211/1/3 2207/1/3 2206/1/3
f 2212/1/3 2207/1/3 2211/1/3
f 2215/1/3 2209/1/3 2208/1/3
f 2216/1/3 2209/1/3 2215/1/3
f 2217/1/3 2213/1/3 2212/1/3
f 2218/1/3 2213/1/3 2217/1/3
f 2220/1/3 2215/1/3 2214/1/3
f 2221/1/3 2215/1/3 2220/1/3
f 2222/1/3 2219/1/3 2218/1/3
f 2223/1/3 2219/1/3 2222/1/3
f 2227/12/3 2225/12/3 2224/12/3
f 2227/12/3 2226/12/3 2225/12/3
f 2229/12/3 2228/12/3 2227/12/3
f 2232/12/3 2227/12/3 2224/12/3
f 2232/12/3 2229/12/3 2227/12/3
f 2232/12/3 2230/12/3 2229/12/3
f 2233/10/3 2231/10/3 2230/10/3
f 2233/12/3 2230/12/3 2232/12/3
f 2234/10/3 2231/10/3 2233/10/3
f 2235/10/3 2231/10/3 2234/10/3
f 2240/13/3 2237/13/3 2236/13/3
f 2241/13/3 2237/13/3 2240/13/3
f 2244/1/3 2239/1/3 2238/1/3
f 2246/1/3 2243/1/3 2242/1/3
f 2247/1/3 2243/1/3 2246/1/3
f 2248/1/3 2239/1/3 2244/1/3
f 2249/1/3 2239/1/3 2248/1/3
f 2252/1/3 2246/1/3 2245/1/3
f 2253/1/3 2246/1/3 2252/1/3
f 2254/1/3 2250/1/3 2249/1/3
f 2255/1/3 2250/1/3 2254/1/3
f 2257/1/3 2252/1/3 2251/1/3
f 2258/1/3 2252/1/3 2257/1/3
f 2259/1/3 2256/1/3 2255/1/3
f 2260/1/3 2256/1/3 2259/1/3
f 2263/11/3 2262/11/3 2261/11/3
f 2264/11/3 2262/11/3 2263/11/3
f 2268/11/3 2266/11/3 2265/11/3
f 2269/11/3 2266/11/3 2268/11/3
f 2271/11/3 2268/11/3 2267/11/3
f 2272/11/3 2268/11/3 2271/11/3
f 2274/11/3 2271/11/3 2270/11/3
f 2275/11/3 2271/11/3 2274/11/3
f 2276/11/3 2274/11/3 2273/11/3
f 2277/11/3 2274/11/3 2276/11/3
f 2280/10/3 2279/10/3 2278/10/3
f 2281/10/3 2279/10/3 2280/10/3
f 2286/13/3 2283/13/3 2282/13/3
f 2287/13/3 2283/13/3 2286/13/3
f 2289/1/3 2285/1/3 2284/1/3
f 2290/1/3 2285/1/3 2289/1/3
f 2294/1/3 2289/1/3 2288/1/3
f 2295/1/3 2289/1/3 2294/1/3
f 2297/1/3 2293/1/3 2292/1/3
f 2298/1/3 2293/1/3 2297/1/3
f 2299/1/3 2291/1/3 2290/1/3
f 2300/1/3 2291/1/3 2299/1/3
f 2302/1/3 2297/1/3 2296/1/3
f 2303/1/3 2297/1/3 2302/1/3
f 2304/1/3 2301/1/3 2300/1/3
f 2305/1/3 2301/1/3 2304/1/3
f 2308/11/3 2307/11/3 2306/11/3
f 2309/11/3 2307/11/3 2308/11/3
f 2312/11/3 2311/11/3 2310/11/3
f 2313/11/3 2311/11/3 2312/11/3
f 2317/11/3 2315/11/3 2314/11/3
f 2318/11/3 2315/11/3 2317/11/3
f 2322/11/3 2317/11/3 2316/11/3
f 2323/11/3 2317/11/3 2322/11/3
f 2325/5/3 2320/5/3 2319/5/3
f 2326/11/3 2322/11/3 2321/11/3
f 2327/11/3 2322/11/3 2326/11/3
f 2329/5/3 2325/5/3 2324/5/3
f 2330/5/3 2320/5/3 2325/5/3
f 2330/5/3 2325/5/3 2329/5/3
f 2331/5/3 2320/5/3 2330/5/3
f 2332/5/3 2329/5/3 2328/5/3
f 2332/5/3 2330/5/3 2329/5/3
f 2333/5/3 2332/5/3 2328/5/3
f 2334/5/3 2333/5/3 2328/5/3
f 2335/5/3 2333/5/3 2334/5/3
f 2340/13/3 2337/13/3 2336/13/3
f 2341/13/3 2337/13/3 2340/13/3
f 2343/1/3 2339/1/3 2338/1/3
f 2344/1/3 2339/1/3 2343/1/3
f 2347/1/3 2343/1/3 2342/1/3
f 2348/1/3 2343/1/3 2347/1/3
f 2349/1/3 2345/1/3 2344/1/3
f 2350/1/3 2345/1/3 2349/1/3
f 2354/1/3 2347/1/3 2346/1/3
f 2355/1/3 2347/1/3 2354/1/3
f 2356/1/3 2353/1/3 2352/1/3
f 2357/1/3 2353/1/3 2356/1/3
f 2358/1/3 2351/1/3 2350/1/3
f 2359/1/3 2351/1/3 2358/1/3
f 2365/5/3 2361/5/3 2360/5/3
f 2365/5/3 2362/5/3 2361/5/3
f 2366/5/3 2362/5/3 2365/5/3
f 2367/11/3 2364/11/3 2363/11/3
f 2368/11/3 2364/11/3 2367/11/3
f 2371/11/3 2370/11/3 2369/11/3
f 2372/11/3 2370/11/3 2371/11/3
f 2377/5/3 2374/5/3 2373/5/3
f 2378/5/3 2374/5/3 2377/5/3
f 2379/5/3 2376/5/3 2375/5/3
f 2380/5/3 2376/5/3 2379/5/3
f 2387/13/3 2382/13/3 2381/13/3
f 2388/13/3 2382/13/3 2387/13/3
f 2390/1/3 2384/1/3 2383/1/3
f 2391/1/3 2384/1/3 2390/1/3
f 2393/12/3 2386/12/3 2385/12/3
f 2394/12/3 2386/12/3 2393/12/3
f 2396/1/3 2390/1/3 2389/1/3
f 2397/1/3 2390/1/3 2396/1/3
f 2398/1/3 2392/1/3 2391/1/3
f 2399/1/3 2392/1/3 2398/1/3
f 2402/1/3 2396/1/3 2395/1/3
f 2403/1/3 2396/1/3 2402/1/3
f 2404/1/3 2400/1/3 2399/1/3
f 2405/1/3 2400/1/3 2404/1/3
f 2406/6/3 2394/6/3 2393/6/3
f 2407/1/3 2402/1/3 2401/1/3
f 2408/1/3 2402/1/3 2407/1/3
f 2409/1/3 2406/1/3 2405/1/3
f 2410/6/3 2394/6/3 2406/6/3
f 2410/1/3 2406/1/3 2409/1/3
f 2411/6/3 2394/6/3 2410/6/3
f 2412/12/3 2411/12/3 2410/12/3
f 2413/12/3 2411/12/3 2412/12/3
f 2416/11/3 2415/11/3 2414/11/3
f 2417/11/3 2415/11/3 2416/11/3
f 2420/11/3 2419/11/3 2418/11/3
f 2421/11/3 2419/11/3 2420/11/3
f 2424/11/3 2423/11/3 2422/11/3
f 2425/11/3 2423/11/3 2424/11/3
f 2429/11/3 2427/11/3 2426/11/3
f 2430/11/3 2427/11/3 2429/11/3
f 2431/11/3 2429/11/3 2428/11/3
f 2432/11/3 2429/11/3 2431/11/3
f 2435/13/3 2434/13/3 2433/13/3
f 2436/13/3 2434/13/3 2435/13/3
f 2443/13/3 2438/13/3 2437/13/3
f 2444/13/3 2438/13/3 2443/13/3
f 2447/1/3 2440/1/3 2439/1/3
f 2448/6/3 2442/6/3 2441/6/3
f 2449/6/3 2442/6/3 2448/6/3
f 2451/1/3 2446/1/3 2445/1/3
f 2452/1/3 2446/1/3 2451/1/3
f 2453/1/3 2440/1/3 2447/1/3
f 2454/1/3 2440/1/3 2453/1/3
f 2457/1/3 2451/1/3 2450/1/3
f 2458/1/3 2451/1/3 2457/1/3
f 2459/1/3 2455/1/3 2454/1/3
f 2460/1/3 2455/1/3 2459/1/3
f 2463/1/3 2457/1/3 2456/1/3
f 2464/1/3 2457/1/3 2463/1/3
f 2465/1/3 2461/1/3 2460/1/3
f 2466/1/3 2461/1/3 2465/1/3
f 2467/11/3 2463/11/3 2462/11/3
f 2468/11/3 2463/11/3 2467/11/3
f 2471/6/3 2470/6/3 2469/6/3
f 2472/6/3 2470/6/3 2471/6/3
f 2475/11/3 2474/11/3 2473/11/3
f 2476/11/3 2474/11/3 2475/11/3
f 2479/11/3 2478/11/3 2477/11/3
f 2480/11/3 2478/11/3 2479/11/3
f 2483/11/3 2482/11/3 2481/11/3
f 2484/11/3 2482/11/3 2483/11/3
f 2488/13/3 2486/13/3 2485/13/3
f 2489/11/3 2487/11/3 2486/11/3
f 2489/13/3 2486/13/3 2488/13/3
f 2491/11/3 2487/11/3 2489/11/3
f 2492/11/3 2487/11/3 2491/11/3
f 2493/13/3 2491/13/3 2490/13/3
f 2494/13/3 2491/13/3 2493/13/3
f 2501/13/3 2496/13/3 2495/13/3
f 2502/13/3 2496/13/3 2501/13/3
f 2505/1/3 2498/1/3 2497/1/3
f 2506/6/3 2500/6/3 2499/6/3
f 2507/6/3 2500/6/3 2506/6/3
f 2510/1/3 2504/1/3 2503/1/3
f 2511/1/3 2504/1/3 2510/1/3
f 2513/1/3 2509/1/3 2508/1/3
f 2514/1/3 2509/1/3 2513/1/3
f 2515/1/3 2498/1/3 2505/1/3
f 2516/1/3 2498/1/3 2515/1/3
f 2518/1/3 2513/1/3 2512/1/3
f 2519/1/3 2513/1/3 2518/1/3
f 2520/1/3 2517/1/3 2516/1/3
f 2521/1/3 2517/1/3 2520/1/3
f 2525/11/3 2523/11/3 2522/11/3
f 2526/11/3 2523/11/3 2525/11/3
f 2529/11/3 2525/11/3 2524/11/3
f 2530/11/3 2525/11/3 2529/11/3
f 2531/6/3 2528/6/3 2527/6/3
f 2532/6/3 2528/6/3 2531/6/3
f 2535/11/3 2534/11/3 2533/11/3
f 2536/11/3 2534/11/3 2535/11/3
f 2539/11/3 2538/11/3 2537/11/3
f 2540/11/3 2538/11/3 2539/11/3
f 2543/11/3 2542/11/3 2541/11/3
f 2544/11/3 2542/11/3 2543/11/3
f 2547/13/3 2546/13/3 2545/13/3
f 2548/13/3 2546/13/3 2547/13/3
f 2553/13/3 2550/13/3 2549/13/3
f 2554/13/3 2550/13/3 2553/13/3
f 2558/6/3 2552/6/3 2551/6/3
f 2559/6/3 2552/6/3 2558/6/3
f 2562/1/3 2556/1/3 2555/1/3
f 2563/1/3 2556/1/3 2562/1/3
f 2564/1/3 2558/1/3 2557/1/3
f 2567/1/3 2561/1/3 2560/1/3
f 2568/1/3 2561/1/3 2567/1/3
f 2569/1/3 2564/1/3 2557/1/3
f 2570/1/3 2566/1/3 2565/1/3
f 2571/1/3 2566/1/3 2570/1/3
f 2572/1/3 2569/1/3 2557/1/3
f 2573/1/3 2569/1/3 2572/1/3
f 2576/11/3 2575/11/3 2574/11/3
f 2577/11/3 2575/11/3 2576/11/3
f 2582/11/3 2579/11/3 2578/11/3
f 2583/11/3 2579/11/3 2582/11/3
f 2584/12/3 2581/12/3 2580/12/3
f 2585/12/3 2581/12/3 2584/12/3
f 2588/11/3 2587/11/3 2586/11/3
f 2589/11/3 2587/11/3 2588/11/3
f 2592/11/3 2591/11/3 2590/11/3
f 2593/11/3 2591/11/3 2592/11/3
f 2596/1/3 2595/1/3 2594/1/3
f 2597/1/3 2595/1/3 2596/1/3
f 2600/11/3 2599/11/3 2598/11/3
f 2601/11/3 2599/11/3 2600/11/3
f 2605/11/3 2603/11/3 2602/11/3
f 2606/11/3 2603/11/3 2605/11/3
f 2607/11/3 2605/11/3 2604/11/3
f 2608/11/3 2605/11/3 2607/11/3
f 2611/6/3 2610/6/3 2609/6/3
f 2612/6/3 2610/6/3 2611/6/3
f 2613/6/3 2610/6/3 2612/6/3
f 2617/11/3 2615/11/3 2614/11/3
f 2618/11/3 2615/11/3 2617/11/3
f 2619/11/3 2617/11/3 2616/11/3
f 2620/11/3 2617/11/3 2619/11/3
f 2625/13/3 2622/13/3 2621/13/3
f 2626/13/3 2622/13/3 2625/13/3
f 2627/1/3 2624/1/3 2623/1/3
f 2628/1/3 2624/1/3 2627/1/3
f 2629/1/3 2628/1/3 2627/1/3
f 2630/1/3 2628/1/3 2629/1/3
f 2634/11/3 2632/11/3 2631/11/3
f 2635/11/3 2632/11/3 2634/11/3
f 2637/11/3 2634/11/3 2633/11/3
f 2638/11/3 2634/11/3 2637/11/3
f 2640/11/3 2637/11/3 2636/11/3
f 2641/11/3 2637/11/3 2640/11/3
f 2643/11/3 2640/11/3 2639/11/3
f 2644/11/3 2640/11/3 2643/11/3
f 2645/11/3 2643/11/3 2642/11/3
f 2646/11/3 2643/11/3 2645/11/3
f 2651/1/3 2648/1/3 2647/1/3
f 2652/1/3 2648/1/3 2651/1/3
f 2655/1/3 2650/1/3 2649/1/3
f 2656/1/3 2650/1/3 2655/1/3
f 2657/1/3 2653/1/3 2652/1/3
f 2658/1/3 2653/1/3 2657/1/3
f 2659/1/3 2655/1/3 2654/1/3
f 2660/1/3 2655/1/3 2659/1/3
f 2661/1/3 2659/1/3 2658/1/3
f 2662/1/3 2659/1/3 2661/1/3
f 2668/1/3 2664/1/3 2663/1/3
f 2669/1/3 2664/1/3 2668/1/3
f 2670/1/3 2666/1/3 2665/1/3
f 2672/1/3 2668/1/3 2667/1/3
f 2673/1/3 2668/1/3 2672/1/3
f 2674/1/3 2671/1/3 2670/1/3
f 2674/1/3 2670/1/3 2665/1/3
f 2675/1/3 2671/1/3 2674/1/3
f 2678/12/3 2677/12/3 2676/12/3
f 2679/12/3 2677/12/3 2678/12/3
f 2680/6/3 2679/6/3 2678/6/3
f 2681/6/3 2679/6/3 2680/6/3
f 2684/6/3 2683/6/3 2682/6/3
f 2685/6/3 2683/6/3 2684/6/3
f 2686/12/3 2685/12/3 2684/12/3
f 2687/12/3 2685/12/3 2686/12/3
f 2694/1/3 2691/1/3 2690/1/3
f 2695/1/3 2691/1/3 2694/1/3
f 2696/1/3 2689/1/3 2688/1/3
f 2697/1/3 2689/1/3 2696/1/3
f 2698/1/3 2693/1/3 2692/1/3
f 2699/1/3 2693/1/3 2698/1/3
f 2700/1/3 2698/1/3 2697/1/3
f 2701/1/3 2698/1/3 2700/1/3
f 2704/6/3 2703/6/3 2702/6/3
f 2705/6/3 2703/6/3 2704/6/3
f 2708/6/3 2707/6/3 2706/6/3
f 2709/6/3 2707/6/3 2708/6/3
f 2715/1/3 2711/1/3 2710/1/3
f 2716/1/3 2711/1/3 2715/1/3
f 2717/1/3 2713/1/3 2712/1/3
f 2718/1/3 2713/1/3 2717/1/3
f 2719/1/3 2715/1/3 2714/1/3
f 2720/1/3 2715/1/3 2719/1/3
f 2721/1/3 2719/1/3 2718/1/3
f 2722/1/3 2719/1/3 2721/1/3
f 2725/6/3 2724/6/3 2723/6/3
f 2726/6/3 2724/6/3 2725/6/3
f 2729/6/3 2728/6/3 2727/6/3
f 2730/6/3 2728/6/3 2729/6/3
f 2733/13/3 2732/13/3 2731/13/3
f 2734/13/3 2732/13/3 2733/13/3
f 2740/1/3 2736/1/3 2735/1/3
f 2741/1/3 2736/1/3 2740/1/3
f 2742/1/3 2738/1/3 2737/1/3
f 2743/1/3 2738/1/3 2742/1/3
f 2744/1/3 2740/1/3 2739/1/3
f 2745/1/3 2740/1/3 2744/1/3
f 2746/1/3 2744/1/3 2743/1/3
f 2747/1/3 2744/1/3 2746/1/3
f 2748/1/3 2744/1/3 2747/1/3
f 2751/5/3 2750/5/3 2749/5/3
f 2752/5/3 2750/5/3 2751/5/3
f 2753/12/3 2752/12/3 2751/12/3
f 2754/12/3 2752/12/3 2753/12/3
f 2759/12/3 2758/12/3 2757/12/3
f 2760/12/3 2758/12/3 2759/12/3
f 2763/1/3 2756/1/3 2755/1/3
f 2764/1/3 2756/1/3 2763/1/3
f 2765/13/3 2762/13/3 2761/13/3
f 2766/13/3 2762/13/3 2765/13/3
f 2772/1/3 2768/1/3 2767/1/3
f 2773/1/3 2768/1/3 2772/1/3
f 2774/1/3 2770/1/3 2769/1/3
f 2775/1/3 2770/1/3 2774/1/3
f 2778/1/3 2772/1/3 2771/1/3
f 2779/1/3 2772/1/3 2778/1/3
f 2780/1/3 2776/1/3 2775/1/3
f 2781/1/3 2776/1/3 2780/1/3
f 2782/1/3 2778/1/3 2777/1/3
f 2783/1/3 2778/1/3 2782/1/3
f 2786/6/3 2785/6/3 2784/6/3
f 2787/6/3 2785/6/3 2786/6/3
f 2792/1/3 2789/1/3 2788/1/3
f 2793/1/3 2791/1/3 2790/1/3
f 2794/1/3 2792/1/3 2788/1/3
f 2795/1/3 2791/1/3 2793/1/3
f 2799/12/3 2796/12/3 2795/12/3
f 2799/12/3 2798/12/3 2797/12/3
f 2799/12/3 2797/12/3 2796/12/3
f 2801/12/3 2800/12/3 2799/12/3
f 2803/1/3 2792/1/3 2794/1/3
f 2804/1/3 2792/1/3 2803/1/3
f 2805/1/3 2795/1/3 2793/1/3
f 2806/12/3 2799/12/3 2795/12/3
f 2806/12/3 2802/12/3 2801/12/3
f 2806/1/3 2795/1/3 2805/1/3
f 2806/12/3 2801/12/3 2799/12/3
f 2807/12/3 2802/12/3 2806/12/3
f 2808/1/3 2805/1/3 2804/1/3
f 2809/1/3 2805/1/3 2808/1/3
f 2815/1/3 2811/1/3 2810/1/3
f 2816/1/3 2811/1/3 2815/1/3
f 2817/1/3 2813/1/3 2812/1/3
f 2818/1/3 2813/1/3 2817/1/3
f 2820/1/3 2815/1/3 2814/1/3
f 2821/1/3 2815/1/3 2820/1/3
f 2823/1/3 2820/1/3 2819/1/3
f 2824/1/3 2820/1/3 2823/1/3
f 2827/12/3 2826/12/3 2825/12/3
f 2828/12/3 2826/12/3 2827/12/3
f 2831/12/3 2830/12/3 2829/12/3
f 2832/12/3 2830/12/3 2831/12/3
f 2834/1/3 2823/1/3 2822/1/3
f 2835/1/3 2823/1/3 2834/1/3
f 2837/1/3 2834/1/3 2833/1/3
f 2838/1/3 2834/1/3 2837/1/3
f 2841/1/3 2837/1/3 2836/1/3
f 2842/1/3 2837/1/3 2841/1/3
f 2843/1/3 2840/1/3 2839/1/3
f 2844/1/3 2840/1/3 2843/1/3
f 2850/1/3 2845/1/3 2844/1/3
f 2851/1/3 2845/1/3 2850/1/3
f 2852/1/3 2847/1/3 2846/1/3
f 2853/1/3 2847/1/3 2852/1/3
f 2854/13/3 2849/13/3 2848/13/3
f 2855/13/3 2849/13/3 2854/13/3
f 2856/1/3 2852/1/3 2851/1/3
f 2857/1/3 2852/1/3 2856/1/3
f 2861/1/3 2859/1/3 2858/1/3
f 2862/1/3 2859/1/3 2861/1/3
f 2864/1/3 2861/1/3 2860/1/3
f 2865/1/3 2861/1/3 2864/1/3
f 2866/1/3 2864/1/3 2863/1/3
f 2868/1/3 2866/1/3 2863/1/3
f 2868/6/3 2867/6/3 2866/6/3
f 2869/6/3 2867/6/3 2868/6/3
f 2870/1/3 2868/1/3 2863/1/3
f 2871/1/3 2870/1/3 2863/1/3
f 2872/1/3 2871/1/3 2863/1/3
f 2873/1/3 2872/1/3 2863/1/3
f 2874/1/3 2873/1/3 2863/1/3
f 2877/1/3 2874/1/3 2863/1/3
f 2878/6/3 2875/6/3 2874/6/3
f 2878/1/3 2874/1/3 2877/1/3
f 2879/6/3 2875/6/3 2878/6/3
f 2881/1/3 2877/1/3 2876/1/3
f 2882/1/3 2877/1/3 2881/1/3
f 2883/1/3 2881/1/3 2880/1/3
f 2884/1/3 2883/1/3 2880/1/3
f 2885/1/3 2884/1/3 2880/1/3
f 2886/1/3 2885/1/3 2880/1/3
f 2889/1/3 2886/1/3 2880/1/3
f 2890/1/3 2886/1/3 2889/1/3
f 2891/1/3 2888/1/3 2887/1/3
f 2892/1/3 2888/1/3 2891/1/3
f 2897/1/3 2894/1/3 2893/1/3
f 2898/1/3 2894/1/3 2897/1/3
f 2901/1/3 2896/1/3 2895/1/3
f 2902/1/3 2896/1/3 2901/1/3
f 2905/1/3 2899/1/3 2898/1/3
f 2906/1/3 2899/1/3 2905/1/3
f 2907/1/3 2901/1/3 2900/1/3
f 2908/1/3 2901/1/3 2907/1/3
f 2909/13/3 2904/13/3 2903/13/3
f 2910/13/3 2904/13/3 2909/13/3
f 2911/1/3 2907/1/3 2906/1/3
f 2912/1/3 2907/1/3 2911/1/3
f 2915/6/3 2914/6/3 2913/6/3
f 2916/6/3 2915/6/3 2913/6/3
f 2917/6/3 2916/6/3 2913/6/3
f 2918/6/3 2916/6/3 2917/6/3
f 2921/6/3 2920/6/3 2919/6/3
f 2922/6/3 2921/6/3 2919/6/3
f 2923/6/3 2922/6/3 2919/6/3
f 2924/6/3 2922/6/3 2923/6/3
f 2925/6/4 2926/6/4 2927/6/4
f 2925/6/4 2927/6/4 2928/6/4
f 2925/6/4 2928/6/4 2929/6/4
f 2929/6/4 2928/6/4 2930/6/4
f 2931/6/4 2932/6/4 2933/6/4
f 2931/6/4 2933/6/4 2934/6/4
f 2931/6/4 2934/6/4 2935/6/4
f 2935/6/4 2934/6/4 2936/6/4
f 2937/1/4 2938/1/4 2939/1/4
f 2939/1/4 2938/1/4 2940/1/4
f 2941/1/4 2942/1/4 2944/1/4
f 2944/1/4 2942/1/4 2945/1/4
f 2943/1/4 2944/1/4 2947/1/4
f 2947/1/4 2944/1/4 2948/1/4
f 2946/1/4 2947/1/4 2949/1/4
f 2946/1/4 2949/1/4 2951/1/4
f 2949/6/4 2950/6/4 2951/6/4
f 2951/6/4 2950/6/4 2952/6/4
f 2946/1/4 2951/1/4 2953/1/4
f 2946/1/4 2953/1/4 2954/1/4
f 2946/1/4 2954/1/4 2955/1/4
f 2946/1/4 2955/1/4 2956/1/4
f 2946/1/4 2956/1/4 2957/1/4
f 2946/1/4 2957/1/4 2960/1/4
f 2957/6/4 2958/6/4 2961/6/4
f 2960/1/4 2957/1/4 2961/1/4
f 2961/6/4 2958/6/4 2962/6/4
f 2959/1/4 2960/1/4 2964/1/4
f 2964/1/4 2960/1/4 2965/1/4
f 2963/1/4 2964/1/4 2966/1/4
f 2963/1/4 2966/1/4 2967/1/4
f 2963/1/4 2967/1/4 2968/1/4
f 2963/1/4 2968/1/4 2969/1/4
f 2963/1/4 2969/1/4 2972/1/4
f 2972/1/4 2969/1/4 2973/1/4
f 2970/1/4 2971/1/4 2974/1/4
f 2974/1/4 2971/1/4 2975/1/4
f 2975/1/4 2976/1/4 2979/1/4
f 2979/1/4 2976/1/4 2980/1/4
f 2977/1/4 2978/1/4 2983/1/4
f 2983/1/4 2978/1/4 2984/1/4
f 2980/1/4 2981/1/4 2987/1/4
f 2987/1/4 2981/1/4 2988/1/4
f 2982/1/4 2983/1/4 2989/1/4
f 2989/1/4 2983/1/4 2990/1/4
f 2985/13/4 2986/13/4 2991/13/4
f 2991/13/4 2986/13/4 2992/13/4
f 2988/1/4 2989/1/4 2993/1/4
f 2993/1/4 2989/1/4 2994/1/4
f 2995/1/4 2996/1/4 3000/1/4
f 3000/1/4 2996/1/4 3001/1/4
f 2997/1/4 2998/1/4 3002/1/4
f 3002/1/4 2998/1/4 3003/1/4
f 2999/1/4 3000/1/4 3005/1/4
f 3005/1/4 3000/1/4 3006/1/4
f 3004/1/4 3005/1/4 3008/1/4
f 3008/1/4 3005/1/4 3009/1/4
f 3010/12/4 3011/12/4 3012/12/4
f 3012/12/4 3011/12/4 3013/12/4
f 3014/12/4 3015/12/4 3016/12/4
f 3016/12/4 3015/12/4 3017/12/4
f 3007/1/4 3008/1/4 3019/1/4
f 3019/1/4 3008/1/4 3020/1/4
f 3018/1/4 3019/1/4 3022/1/4
f 3022/1/4 3019/1/4 3023/1/4
f 3021/1/4 3022/1/4 3026/1/4
f 3026/1/4 3022/1/4 3027/1/4
f 3024/1/4 3025/1/4 3028/1/4
f 3028/1/4 3025/1/4 3029/1/4
f 3029/1/4 3030/1/4 3035/1/4
f 3035/1/4 3030/1/4 3036/1/4
f 3031/1/4 3032/1/4 3037/1/4
f 3037/1/4 3032/1/4 3038/1/4
f 3033/13/4 3034/13/4 3039/13/4
f 3039/13/4 3034/13/4 3040/13/4
f 3036/1/4 3037/1/4 3041/1/4
f 3041/1/4 3037/1/4 3042/1/4
f 3043/1/4 3044/1/4 3048/1/4
f 3048/1/4 3044/1/4 3049/1/4
f 3045/1/4 3046/1/4 3050/1/4
f 3050/1/4 3046/1/4 3051/1/4
f 3047/1/4 3048/1/4 3054/1/4
f 3054/1/4 3048/1/4 3055/1/4
f 3051/1/4 3052/1/4 3056/1/4
f 3056/1/4 3052/1/4 3057/1/4
f 3053/1/4 3054/1/4 3058/1/4
f 3058/1/4 3054/1/4 3059/1/4
f 3060/6/4 3061/6/4 3062/6/4
f 3062/6/4 3061/6/4 3063/6/4
f 3064/1/4 3065/1/4 3068/1/4
f 3066/1/4 3067/1/4 3069/1/4
f 3064/1/4 3068/1/4 3070/1/4
f 3069/1/4 3067/1/4 3071/1/4
f 3071/12/4 3072/12/4 3075/12/4
f 3073/12/4 3074/12/4 3075/12/4
f 3072/12/4 3073/12/4 3075/12/4
f 3075/12/4 3076/12/4 3077/12/4
f 3070/1/4 3068/1/4 3079/1/4
f 3079/1/4 3068/1/4 3080/1/4
f 3069/1/4 3071/1/4 3081/1/4
f 3071/12/4 3075/12/4 3082/12/4
f 3077/12/4 3078/12/4 3082/12/4
f 3081/1/4 3071/1/4 3082/1/4
f 3075/12/4 3077/12/4 3082/12/4
f 3082/12/4 3078/12/4 3083/12/4
f 3080/1/4 3081/1/4 3084/1/4
f 3084/1/4 3081/1/4 3085/1/4
f 3086/1/4 3087/1/4 3091/1/4
f 3091/1/4 3087/1/4 3092/1/4
f 3088/1/4 3089/1/4 3093/1/4
f 3093/1/4 3089/1/4 3094/1/4
f 3090/1/4 3091/1/4 3095/1/4
f 3095/1/4 3091/1/4 3096/1/4
f 3094/1/4 3095/1/4 3097/1/4
f 3097/1/4 3095/1/4 3098/1/4
f 3098/1/4 3095/1/4 3099/1/4
f 3100/5/4 3101/5/4 3102/5/4
f 3102/5/4 3101/5/4 3103/5/4
f 3102/12/4 3103/12/4 3104/12/4
f 3104/12/4 3103/12/4 3105/12/4
f 3108/12/4 3109/12/4 3110/12/4
f 3110/12/4 3109/12/4 3111/12/4
f 3106/1/4 3107/1/4 3114/1/4
f 3114/1/4 3107/1/4 3115/1/4
f 3112/13/4 3113/13/4 3116/13/4
f 3116/13/4 3113/13/4 3117/13/4
f 3118/1/4 3119/1/4 3123/1/4
f 3123/1/4 3119/1/4 3124/1/4
f 3120/1/4 3121/1/4 3125/1/4
f 3125/1/4 3121/1/4 3126/1/4
f 3122/1/4 3123/1/4 3127/1/4
f 3127/1/4 3123/1/4 3128/1/4
f 3126/1/4 3127/1/4 3129/1/4
f 3129/1/4 3127/1/4 3130/1/4
f 3131/6/4 3132/6/4 3133/6/4
f 3133/6/4 3132/6/4 3134/6/4
f 3135/6/4 3136/6/4 3137/6/4
f 3137/6/4 3136/6/4 3138/6/4
f 3139/13/4 3140/13/4 3141/13/4
f 3141/13/4 3140/13/4 3142/13/4
f 3145/1/4 3146/1/4 3149/1/4
f 3149/1/4 3146/1/4 3150/1/4
f 3143/1/4 3144/1/4 3151/1/4
f 3151/1/4 3144/1/4 3152/1/4
f 3147/1/4 3148/1/4 3153/1/4
f 3153/1/4 3148/1/4 3154/1/4
f 3152/1/4 3153/1/4 3155/1/4
f 3155/1/4 3153/1/4 3156/1/4
f 3157/6/4 3158/6/4 3159/6/4
f 3159/6/4 3158/6/4 3160/6/4
f 3161/6/4 3162/6/4 3163/6/4
f 3163/6/4 3162/6/4 3164/6/4
f 3165/1/4 3166/1/4 3170/1/4
f 3170/1/4 3166/1/4 3171/1/4
f 3167/1/4 3168/1/4 3172/1/4
f 3169/1/4 3170/1/4 3174/1/4
f 3174/1/4 3170/1/4 3175/1/4
f 3172/1/4 3173/1/4 3176/1/4
f 3167/1/4 3172/1/4 3176/1/4
f 3176/1/4 3173/1/4 3177/1/4
f 3178/12/4 3179/12/4 3180/12/4
f 3180/12/4 3179/12/4 3181/12/4
f 3180/6/4 3181/6/4 3182/6/4
f 3182/6/4 3181/6/4 3183/6/4
f 3184/6/4 3185/6/4 3186/6/4
f 3186/6/4 3185/6/4 3187/6/4
f 3186/12/4 3187/12/4 3188/12/4
f 3188/12/4 3187/12/4 3189/12/4
f 3190/1/4 3191/1/4 3194/1/4
f 3194/1/4 3191/1/4 3195/1/4
f 3192/1/4 3193/1/4 3198/1/4
f 3198/1/4 3193/1/4 3199/1/4
f 3195/1/4 3196/1/4 3200/1/4
f 3200/1/4 3196/1/4 3201/1/4
f 3197/1/4 3198/1/4 3202/1/4
f 3202/1/4 3198/1/4 3203/1/4
f 3201/1/4 3202/1/4 3204/1/4
f 3204/1/4 3202/1/4 3205/1/4
f 3206/13/4 3207/13/4 3210/13/4
f 3210/13/4 3207/13/4 3211/13/4
f 3208/1/4 3209/1/4 3212/1/4
f 3212/1/4 3209/1/4 3213/1/4
f 3212/1/4 3213/1/4 3214/1/4
f 3214/1/4 3213/1/4 3215/1/4
f 3216/11/4 3217/11/4 3219/11/4
f 3219/11/4 3217/11/4 3220/11/4
f 3218/11/4 3219/11/4 3222/11/4
f 3222/11/4 3219/11/4 3223/11/4
f 3221/11/4 3222/11/4 3225/11/4
f 3225/11/4 3222/11/4 3226/11/4
f 3224/11/4 3225/11/4 3228/11/4
f 3228/11/4 3225/11/4 3229/11/4
f 3227/11/4 3228/11/4 3230/11/4
f 3230/11/4 3228/11/4 3231/11/4
f 3232/1/4 3233/1/4 3234/1/4
f 3234/1/4 3233/1/4 3235/1/4
f 3236/11/4 3237/11/4 3238/11/4
f 3238/11/4 3237/11/4 3239/11/4
f 3240/11/4 3241/11/4 3243/11/4
f 3243/11/4 3241/11/4 3244/11/4
f 3242/11/4 3243/11/4 3245/11/4
f 3245/11/4 3243/11/4 3246/11/4
f 3247/6/4 3248/6/4 3249/6/4
f 3249/6/4 3248/6/4 3250/6/4
f 3250/6/4 3248/6/4 3251/6/4
f 3252/11/4 3253/11/4 3255/11/4
f 3255/11/4 3253/11/4 3256/11/4
f 3254/11/4 3255/11/4 3257/11/4
f 3257/11/4 3255/11/4 3258/11/4
f 3259/13/4 3260/13/4 3263/13/4
f 3263/13/4 3260/13/4 3264/13/4
f 3261/6/4 3262/6/4 3268/6/4
f 3268/6/4 3262/6/4 3269/6/4
f 3265/1/4 3266/1/4 3272/1/4
f 3272/1/4 3266/1/4 3273/1/4
f 3267/1/4 3268/1/4 3274/1/4
f 3270/1/4 3271/1/4 3277/1/4
f 3277/1/4 3271/1/4 3278/1/4
f 3267/1/4 3274/1/4 3279/1/4
f 3275/1/4 3276/1/4 3280/1/4
f 3280/1/4 3276/1/4 3281/1/4
f 3267/1/4 3279/1/4 3282/1/4
f 3282/1/4 3279/1/4 3283/1/4
f 3284/11/4 3285/11/4 3286/11/4
f 3286/11/4 3285/11/4 3287/11/4
f 3288/11/4 3289/11/4 3292/11/4
f 3292/11/4 3289/11/4 3293/11/4
f 3290/12/4 3291/12/4 3294/12/4
f 3294/12/4 3291/12/4 3295/12/4
f 3296/11/4 3297/11/4 3298/11/4
f 3298/11/4 3297/11/4 3299/11/4
f 3300/11/4 3301/11/4 3302/11/4
f 3302/11/4 3301/11/4 3303/11/4
f 3304/13/4 3305/13/4 3310/13/4
f 3310/13/4 3305/13/4 3311/13/4
f 3306/1/4 3307/1/4 3314/1/4
f 3308/6/4 3309/6/4 3315/6/4
f 3315/6/4 3309/6/4 3316/6/4
f 3312/1/4 3313/1/4 3319/1/4
f 3319/1/4 3313/1/4 3320/1/4
f 3317/1/4 3318/1/4 3322/1/4
f 3322/1/4 3318/1/4 3323/1/4
f 3314/1/4 3307/1/4 3324/1/4
f 3324/1/4 3307/1/4 3325/1/4
f 3321/1/4 3322/1/4 3327/1/4
f 3327/1/4 3322/1/4 3328/1/4
f 3325/1/4 3326/1/4 3329/1/4
f 3329/1/4 3326/1/4 3330/1/4
f 3331/11/4 3332/11/4 3334/11/4
f 3334/11/4 3332/11/4 3335/11/4
f 3333/11/4 3334/11/4 3338/11/4
f 3338/11/4 3334/11/4 3339/11/4
f 3336/6/4 3337/6/4 3340/6/4
f 3340/6/4 3337/6/4 3341/6/4
f 3342/11/4 3343/11/4 3344/11/4
f 3344/11/4 3343/11/4 3345/11/4
f 3346/11/4 3347/11/4 3348/11/4
f 3348/11/4 3347/11/4 3349/11/4
f 3350/11/4 3351/11/4 3352/11/4
f 3352/11/4 3351/11/4 3353/11/4
f 3354/13/4 3355/13/4 3356/13/4
f 3356/13/4 3355/13/4 3357/13/4
f 3358/13/4 3359/13/4 3364/13/4
f 3364/13/4 3359/13/4 3365/13/4
f 3360/1/4 3361/1/4 3368/1/4
f 3362/6/4 3363/6/4 3369/6/4
f 3369/6/4 3363/6/4 3370/6/4
f 3366/1/4 3367/1/4 3372/1/4
f 3372/1/4 3367/1/4 3373/1/4
f 3368/1/4 3361/1/4 3374/1/4
f 3374/1/4 3361/1/4 3375/1/4
f 3371/1/4 3372/1/4 3378/1/4
f 3378/1/4 3372/1/4 3379/1/4
f 3375/1/4 3376/1/4 3380/1/4
f 3380/1/4 3376/1/4 3381/1/4
f 3377/1/4 3378/1/4 3384/1/4
f 3384/1/4 3378/1/4 3385/1/4
f 3381/1/4 3382/1/4 3386/1/4
f 3386/1/4 3382/1/4 3387/1/4
f 3383/11/4 3384/11/4 3388/11/4
f 3388/11/4 3384/11/4 3389/11/4
f 3390/6/4 3391/6/4 3392/6/4
f 3392/6/4 3391/6/4 3393/6/4
f 3394/11/4 3395/11/4 3396/11/4
f 3396/11/4 3395/11/4 3397/11/4
f 3398/11/4 3399/11/4 3400/11/4
f 3400/11/4 3399/11/4 3401/11/4
f 3402/11/4 3403/11/4 3404/11/4
f 3404/11/4 3403/11/4 3405/11/4
f 3406/13/4 3407/13/4 3409/13/4
f 3407/11/4 3408/11/4 3410/11/4
f 3409/13/4 3407/13/4 3410/13/4
f 3410/11/4 3408/11/4 3412/11/4
f 3412/11/4 3408/11/4 3413/11/4
f 3411/13/4 3412/13/4 3414/13/4
f 3414/13/4 3412/13/4 3415/13/4
f 3416/13/4 3417/13/4 3422/13/4
f 3422/13/4 3417/13/4 3423/13/4
f 3418/1/4 3419/1/4 3425/1/4
f 3425/1/4 3419/1/4 3426/1/4
f 3420/12/4 3421/12/4 3428/12/4
f 3428/12/4 3421/12/4 3429/12/4
f 3424/1/4 3425/1/4 3431/1/4
f 3431/1/4 3425/1/4 3432/1/4
f 3426/1/4 3427/1/4 3433/1/4
f 3433/1/4 3427/1/4 3434/1/4
f 3430/1/4 3431/1/4 3437/1/4
f 3437/1/4 3431/1/4 3438/1/4
f 3434/1/4 3435/1/4 3439/1/4
f 3439/1/4 3435/1/4 3440/1/4
f 3428/6/4 3429/6/4 3441/6/4
f 3436/1/4 3437/1/4 3442/1/4
f 3442/1/4 3437/1/4 3443/1/4
f 3440/1/4 3441/1/4 3444/1/4
f 3441/6/4 3429/6/4 3445/6/4
f 3444/1/4 3441/1/4 3445/1/4
f 3445/6/4 3429/6/4 3446/6/4
f 3445/12/4 3446/12/4 3447/12/4
f 3447/12/4 3446/12/4 3448/12/4
f 3449/11/4 3450/11/4 3451/11/4
f 3451/11/4 3450/11/4 3452/11/4
f 3453/11/4 3454/11/4 3455/11/4
f 3455/11/4 3454/11/4 3456/11/4
f 3457/11/4 3458/11/4 3459/11/4
f 3459/11/4 3458/11/4 3460/11/4
f 3461/11/4 3462/11/4 3464/11/4
f 3464/11/4 3462/11/4 3465/11/4
f 3463/11/4 3464/11/4 3466/11/4
f 3466/11/4 3464/11/4 3467/11/4
f 3468/13/4 3469/13/4 3470/13/4
f 3470/13/4 3469/13/4 3471/13/4
f 3472/13/4 3473/13/4 3476/13/4
f 3476/13/4 3473/13/4 3477/13/4
f 3474/1/4 3475/1/4 3479/1/4
f 3479/1/4 3475/1/4 3480/1/4
f 3478/1/4 3479/1/4 3483/1/4
f 3483/1/4 3479/1/4 3484/1/4
f 3480/1/4 3481/1/4 3485/1/4
f 3485/1/4 3481/1/4 3486/1/4
f 3482/1/4 3483/1/4 3490/1/4
f 3490/1/4 3483/1/4 3491/1/4
f 3488/1/4 3489/1/4 3492/1/4
f 3492/1/4 3489/1/4 3493/1/4
f 3486/1/4 3487/1/4 3494/1/4
f 3494/1/4 3487/1/4 3495/1/4
f 3496/5/4 3497/5/4 3501/5/4
f 3497/5/4 3498/5/4 3501/5/4
f 3501/5/4 3498/5/4 3502/5/4
f 3499/11/4 3500/11/4 3503/11/4
f 3503/11/4 3500/11/4 3504/11/4
f 3505/11/4 3506/11/4 3507/11/4
f 3507/11/4 3506/11/4 3508/11/4
f 3509/5/4 3510/5/4 3513/5/4
f 3513/5/4 3510/5/4 3514/5/4
f 3511/5/4 3512/5/4 3515/5/4
f 3515/5/4 3512/5/4 3516/5/4
f 3517/13/4 3518/13/4 3521/13/4
f 3521/13/4 3518/13/4 3522/13/4
f 3519/1/4 3520/1/4 3524/1/4
f 3524/1/4 3520/1/4 3525/1/4
f 3523/1/4 3524/1/4 3529/1/4
f 3529/1/4 3524/1/4 3530/1/4
f 3527/1/4 3528/1/4 3532/1/4
f 3532/1/4 3528/1/4 3533/1/4
f 3525/1/4 3526/1/4 3534/1/4
f 3534/1/4 3526/1/4 3535/1/4
f 3531/1/4 3532/1/4 3537/1/4
f 3537/1/4 3532/1/4 3538/1/4
f 3535/1/4 3536/1/4 3539/1/4
f 3539/1/4 3536/1/4 3540/1/4
f 3541/11/4 3542/11/4 3543/11/4
f 3543/11/4 3542/11/4 3544/11/4
f 3545/11/4 3546/11/4 3547/11/4
f 3547/11/4 3546/11/4 3548/11/4
f 3549/11/4 3550/11/4 3552/11/4
f 3552/11/4 3550/11/4 3553/11/4
f 3551/11/4 3552/11/4 3557/11/4
f 3557/11/4 3552/11/4 3558/11/4
f 3554/5/4 3555/5/4 3560/5/4
f 3556/11/4 3557/11/4 3561/11/4
f 3561/11/4 3557/11/4 3562/11/4
f 3559/5/4 3560/5/4 3564/5/4
f 3560/5/4 3555/5/4 3565/5/4
f 3564/5/4 3560/5/4 3565/5/4
f 3565/5/4 3555/5/4 3566/5/4
f 3563/5/4 3564/5/4 3567/5/4
f 3564/5/4 3565/5/4 3567/5/4
f 3563/5/4 3567/5/4 3568/5/4
f 3563/5/4 3568/5/4 3569/5/4
f 3569/5/4 3568/5/4 3570/5/4
f 3571/13/4 3572/13/4 3575/13/4
f 3575/13/4 3572/13/4 3576/13/4
f 3573/1/4 3574/1/4 3579/1/4
f 3577/1/4 3578/1/4 3581/1/4
f 3581/1/4 3578/1/4 3582/1/4
f 3579/1/4 3574/1/4 3583/1/4
f 3583/1/4 3574/1/4 3584/1/4
f 3580/1/4 3581/1/4 3587/1/4
f 3587/1/4 3581/1/4 3588/1/4
f 3584/1/4 3585/1/4 3589/1/4
f 3589/1/4 3585/1/4 3590/1/4
f 3586/1/4 3587/1/4 3592/1/4
f 3592/1/4 3587/1/4 3593/1/4
f 3590/1/4 3591/1/4 3594/1/4
f 3594/1/4 3591/1/4 3595/1/4
f 3596/11/4 3597/11/4 3598/11/4
f 3598/11/4 3597/11/4 3599/11/4
f 3600/11/4 3601/11/4 3603/11/4
f 3603/11/4 3601/11/4 3604/11/4
f 3602/11/4 3603/11/4 3606/11/4
f 3606/11/4 3603/11/4 3607/11/4
f 3605/11/4 3606/11/4 3609/11/4
f 3609/11/4 3606/11/4 3610/11/4
f 3608/11/4 3609/11/4 3611/11/4
f 3611/11/4 3609/11/4 3612/11/4
f 3613/10/4 3614/10/4 3615/10/4
f 3615/10/4 3614/10/4 3616/10/4
f 3617/13/4 3618/13/4 3621/13/4
f 3621/13/4 3618/13/4 3622/13/4
f 3619/1/4 3620/1/4 3624/1/4
f 3624/1/4 3620/1/4 3625/1/4
f 3623/1/4 3624/1/4 3628/1/4
f 3628/1/4 3624/1/4 3629/1/4
f 3625/1/4 3626/1/4 3630/1/4
f 3630/1/4 3626/1/4 3631/1/4
f 3627/1/4 3628/1/4 3634/1/4
f 3634/1/4 3628/1/4 3635/1/4
f 3631/1/4 3632/1/4 3636/1/4
f 3636/1/4 3632/1/4 3637/1/4
f 3633/1/4 3634/1/4 3639/1/4
f 3639/1/4 3634/1/4 3640/1/4
f 3637/1/4 3638/1/4 3641/1/4
f 3641/1/4 3638/1/4 3642/1/4
f 3643/11/4 3644/11/4 3645/11/4
f 3645/11/4 3644/11/4 3646/11/4
f 3647/12/4 3648/12/4 3650/12/4
f 3648/12/4 3649/12/4 3650/12/4
f 3650/12/4 3651/12/4 3652/12/4
f 3647/12/4 3650/12/4 3655/12/4
f 3650/12/4 3652/12/4 3655/12/4
f 3652/12/4 3653/12/4 3655/12/4
f 3653/10/4 3654/10/4 3656/10/4
f 3655/12/4 3653/12/4 3656/12/4
f 3656/10/4 3654/10/4 3657/10/4
f 3657/10/4 3654/10/4 3658/10/4
f 3659/13/4 3660/13/4 3663/13/4
f 3663/13/4 3660/13/4 3664/13/4
f 3661/1/4 3662/1/4 3666/1/4
f 3666/1/4 3662/1/4 3667/1/4
f 3665/1/4 3666/1/4 3670/1/4
f 3670/1/4 3666/1/4 3671/1/4
f 3667/1/4 3668/1/4 3672/1/4
f 3672/1/4 3668/1/4 3673/1/4
f 3669/1/4 3670/1/4 3676/1/4
f 3676/1/4 3670/1/4 3677/1/4
f 3673/1/4 3674/1/4 3678/1/4
f 3678/1/4 3674/1/4 3679/1/4
f 3675/1/4 3676/1/4 3682/1/4
f 3682/1/4 3676/1/4 3683/1/4
f 3679/1/4 3680/1/4 3685/1/4
f 3685/1/4 3680/1/4 3686/1/4
f 3684/1/4 3685/1/4 3687/1/4
f 3687/1/4 3685/1/4 3688/1/4
f 3681/1/4 3682/1/4 3690/1/4
f 3690/1/4 3682/1/4 3691/1/4
f 3692/1/4 3693/1/4 3694/1/4
f 3692/1/4 3694/1/4 3695/1/4
f 3692/1/4 3695/1/4 3696/1/4
f 3692/1/4 3696/1/4 3697/1/4
f 3689/1/4 3690/1/4 3699/1/4
f 3699/1/4 3690/1/4 3700/1/4
f 3692/1/4 3697/1/4 3702/1/4
f 3702/1/4 3697/1/4 3703/1/4
f 3698/1/4 3699/1/4 3705/1/4
f 3705/1/4 3699/1/4 3706/1/4
f 3701/1/4 3702/1/4 3708/1/4
f 3708/1/4 3702/1/4 3709/1/4
f 3707/1/4 3708/1/4 3710/1/4
f 3707/1/4 3710/1/4 3711/1/4
f 3707/1/4 3711/1/4 3712/1/4
f 3707/1/4 3712/1/4 3713/1/4
f 3707/1/4 3713/1/4 3714/1/4
f 3704/1/4 3705/1/4 3715/1/4
f 3715/1/4 3705/1/4 3716/1/4
f 3716/1/4 3717/1/4 3718/1/4
f 3718/1/4 3717/1/4 3719/1/4
f 3707/1/4 3714/1/4 3721/1/4
f 3721/1/4 3714/1/4 3722/1/4
f 3716/1/4 3718/1/4 3723/1/4
f 3723/1/4 3718/1/4 3724/1/4
f 3720/1/4 3721/1/4 3727/1/4
f 3727/1/4 3721/1/4 3728/1/4
f 3724/1/4 3725/1/4 3731/1/4
f 3731/1/4 3725/1/4 3732/1/4
f 3726/1/4 3727/1/4 3733/1/4
f 3733/1/4 3727/1/4 3734/1/4
f 3729/13/4 3730/13/4 3735/13/4
f 3735/13/4 3730/13/4 3736/13/4
f 3732/1/4 3733/1/4 3737/1/4
f 3737/1/4 3733/1/4 3738/1/4
f 3739/13/4 3740/13/4 3743/13/4
f 3743/13/4 3740/13/4 3744/13/4
f 3741/1/4 3742/1/4 3746/1/4
f 3746/1/4 3742/1/4 3747/1/4
f 3745/1/4 3746/1/4 3750/1/4
f 3750/1/4 3746/1/4 3751/1/4
f 3747/1/4 3748/1/4 3752/1/4
f 3752/1/4 3748/1/4 3753/1/4
f 3749/1/4 3750/1/4 3756/1/4
f 3756/1/4 3750/1/4 3757/1/4
f 3753/1/4 3754/1/4 3759/1/4
f 3759/1/4 3754/1/4 3760/1/4
f 3755/1/4 3756/1/4 3762/1/4
f 3762/1/4 3756/1/4 3763/1/4
f 3758/1/4 3759/1/4 3765/1/4
f 3765/1/4 3759/1/4 3766/1/4
f 3761/1/4 3762/1/4 3768/1/4
f 3768/1/4 3762/1/4 3769/1/4
f 3764/1/4 3765/1/4 3771/1/4
f 3771/1/4 3765/1/4 3772/1/4
f 3767/1/4 3768/1/4 3774/1/4
f 3774/1/4 3768/1/4 3775/1/4
f 3770/1/4 3771/1/4 3777/1/4
f 3777/1/4 3771/1/4 3778/1/4
f 3778/12/4 3779/12/4 3780/12/4
f 3780/12/4 3779/12/4 3781/12/4
f 3782/12/4 3783/12/4 3784/12/4
f 3784/12/4 3783/12/4 3785/12/4
f 3773/1/4 3774/1/4 3786/1/4
f 3786/1/4 3774/1/4 3787/1/4
f 3776/1/4 3777/1/4 3791/1/4
f 3791/1/4 3777/1/4 3792/1/4
f 3788/1/4 3789/1/4 3795/1/4
f 3795/1/4 3789/1/4 3796/1/4
f 3790/1/4 3791/1/4 3797/1/4
f 3797/1/4 3791/1/4 3798/1/4
f 3793/13/4 3794/13/4 3799/13/4
f 3799/13/4 3794/13/4 3800/13/4
f 3796/1/4 3797/1/4 3801/1/4
f 3801/1/4 3797/1/4 3802/1/4
f 3805/1/4 3806/1/4 3808/1/4
f 3808/1/4 3806/1/4 3809/1/4
f 3803/13/4 3804/13/4 3811/13/4
f 3811/13/4 3804/13/4 3812/13/4
f 3809/1/4 3810/1/4 3814/1/4
f 3807/1/4 3808/1/4 3814/1/4
f 3808/1/4 3809/1/4 3814/1/4
f 3814/1/4 3810/1/4 3815/1/4
f 3815/1/4 3810/1/4 3816/1/4
f 3816/1/4 3810/1/4 3817/1/4
f 3813/1/4 3814/1/4 3819/1/4
f 3819/1/4 3814/1/4 3820/1/4
f 3815/1/4 3816/1/4 3821/1/4
f 3821/1/4 3816/1/4 3822/1/4
f 3823/6/4 3824/6/4 3825/6/4
f 3825/6/4 3824/6/4 3826/6/4
f 3818/1/4 3819/1/4 3830/1/4
f 3830/1/4 3819/1/4 3831/1/4
f 3820/1/4 3821/1/4 3832/1/4
f 3832/1/4 3821/1/4 3833/1/4
f 3827/6/4 3828/6/4 3834/6/4
f 3834/6/4 3828/6/4 3835/6/4
f 3829/1/4 3830/1/4 3837/1/4
f 3837/1/4 3830/1/4 3838/1/4
f 3831/1/4 3832/1/4 3839/1/4
f 3839/1/4 3832/1/4 3840/1/4
f 3841/6/4 3842/6/4 3843/6/4
f 3843/6/4 3842/6/4 3844/6/4
f 3845/6/4 3846/6/4 3847/6/4
f 3847/6/4 3846/6/4 3848/6/4
f 3836/1/4 3837/1/4 3849/1/4
f 3849/1/4 3837/1/4 3850/1/4
f 3838/1/4 3839/1/4 3851/1/4
f 3850/1/4 3851/1/4 3854/1/4
f 3851/1/4 3839/1/4 3854/1/4
f 3854/1/4 3839/1/4 3855/1/4
f 3852/13/4 3853/13/4 3856/13/4
f 3856/13/4 3853/13/4 3857/13/4
f 3850/1/4 3854/1/4 3858/1/4
f 3858/1/4 3854/1/4 3859/1/4
f 3862/1/4 3863/1/4 3865/1/4
f 3865/1/4 3863/1/4 3866/1/4
f 3864/1/4 3865/1/4 3869/1/4
f 3869/1/4 3865/1/4 3870/1/4
f 3867/12/4 3868/12/4 3871/12/4
f 3871/12/4 3868/12/4 3872/12/4
f 3875/12/4 3876/12/4 3877/12/4
f 3877/12/4 3876/12/4 3878/12/4
f 3873/1/4 3874/1/4 3880/1/4
f 3880/1/4 3874/1/4 3881/1/4
f 3879/1/4 3880/1/4 3883/1/4
f 3883/1/4 3880/1/4 3884/1/4
f 3885/6/4 3886/6/4 3887/6/4
f 3887/6/4 3886/6/4 3888/6/4
f 3882/1/4 3883/1/4 3889/1/4
f 3889/1/4 3883/1/4 3890/1/4
f 3893/6/4 3894/6/4 3895/6/4
f 3895/6/4 3894/6/4 3896/6/4
f 3891/1/4 3892/1/4 3897/1/4
f 3897/1/4 3892/1/4 3898/1/4
f 3860/13/4 3861/13/4 3899/13/4
f 3899/13/4 3861/13/4 3900/13/4
f 3901/6/4 3902/6/4 3903/6/4
f 3903/6/4 3902/6/4 3904/6/4
f 3905/6/4 3906/6/4 3908/6/4
f 3907/6/4 3908/6/4 3909/6/4
f 3908/6/4 3906/6/4 3910/6/4
f 3909/6/4 3908/6/4 3910/6/4
f 3910/6/4 3906/6/4 3911/6/4
f 3911/6/4 3906/6/4 3912/6/4
f 3916/13/5 3914/13/5 3913/13/5
f 3917/13/5 3914/13/5 3916/13/5
f 3920/13/5 3916/13/5 3915/13/5
f 3920/13/5 3918/13/5 3917/13/5
f 3920/13/5 3917/13/5 3916/13/5
f 3921/13/5 3918/13/5 3920/13/5
f 3924/13/5 3920/13/5 3919/13/5
f 3924/13/5 3922/13/5 3921/13/5
f 3924/13/5 3921/13/5 3920/13/5
f 3925/13/5 3922/13/5 3924/13/5
f 3928/13/5 3924/13/5 3923/13/5
f 3928/13/5 3926/13/5 3925/13/5
f 3928/13/5 3925/13/5 3924/13/5
f 3929/13/5 3926/13/5 3928/13/5
f 3930/13/5 3926/13/5 3929/13/5
f 3932/13/5 3928/13/5 3927/13/5
f 3932/13/5 3929/13/5 3928/13/5
f 3933/13/5 3929/13/5 3932/13/5
f 3934/13/5 3929/13/5 3933/13/5
f 3936/13/5 3932/13/5 3931/13/5
f 3936/13/5 3933/13/5 3932/13/5
f 3938/13/5 3936/13/5 3935/13/5
f 3939/13/5 3933/13/5 3936/13/5
f 3939/13/5 3936/13/5 3938/13/5
f 3940/13/5 3933/13/5 3939/13/5
f 3942/13/5 3938/13/5 3937/13/5
f 3942/13/5 3939/13/5 3938/13/5
f 3943/13/5 3939/13/5 3942/13/5
f 3944/13/5 3939/13/5 3943/13/5
f 3947/13/5 3942/13/5 3941/13/5
f 3947/13/5 3943/13/5 3942/13/5
f 3948/13/5 3943/13/5 3947/13/5
f 3949/13/5 3945/13/5 3944/13/5
f 3950/13/5 3945/13/5 3949/13/5
f 3953/13/5 3948/13/5 3947/13/5
f 3953/13/5 3951/13/5 3950/13/5
f 3953/13/5 3950/13/5 3949/13/5
f 3953/13/5 3949/13/5 3948/13/5
f 3953/13/5 3947/13/5 3946/13/5
f 3954/13/5 3951/13/5 3953/13/5
f 3957/13/5 3953/13/5 3952/13/5
f 3957/13/5 3955/13/5 3954/13/5
f 3957/13/5 3954/13/5 3953/13/5
f 3959/13/5 3957/13/5 3956/13/5
f 3960/13/5 3959/13/5 3958/13/5
f 3961/13/5 3957/13/5 3959/13/5
f 3961/13/5 3959/13/5 3960/13/5
f 3962/13/5 3957/13/5 3961/13/5
f 3963/13/5 3955/13/5 3957/13/5
f 3963/13/5 3957/13/5 3962/13/5
f 3964/13/5 3955/13/5 3963/13/5
f 3965/13/5 3955/13/5 3964/13/5
f 3966/13/5 3955/13/5 3965/13/5
f 3967/13/5 3955/13/5 3966/13/5
f 3968/13/5 3966/13/5 3965/13/5
f 3969/13/5 3966/13/5 3968/13/5
f 3970/13/5 3966/13/5 3969/13/5
f 3971/13/5 3966/13/5 3970/13/5
f 3972/13/5 3966/13/5 3971/13/5
f 3973/13/5 3966/13/5 3972/13/5
f 3974/13/5 3970/13/5 3969/13/5
f 3975/13/5 3970/13/5 3974/13/5
f 3976/13/5 3970/13/5 3975/13/5
f 3977/13/5 3972/13/5 3971/13/5
f 3978/13/5 3972/13/5 3977/13/5
f 3979/13/5 3976/13/5 3975/13/5
f 3979/13/5 3977/13/5 3976/13/5
f 3980/13/5 3977/13/5 3979/13/5
f 3981/13/5 3977/13/5 3980/13/5
f 3983/13/5 3981/13/5 3980/13/5
f 3983/13/5 3982/13/5 3981/13/5
f 3984/13/5 3982/13/5 3983/13/5
f 3985/13/5 3982/13/5 3984/13/5
f 3986/13/5 3982/13/5 3985/13/5
f 3987/13/5 3982/13/5 3986/13/5
f 3989/13/5 3987/13/5 3986/13/5
f 3989/13/5 3988/13/5 3987/13/5
f 3990/13/5 3988/13/5 3989/13/5
f 3991/13/5 3988/13/5 3990/13/5
f 3993/13/5 3991/13/5 3990/13/5
f 3993/13/5 3992/13/5 3991/13/5
f 3994/13/5 3992/13/5 3993/13/5
f 3995/13/5 3992/13/5 3994/13/5
f 3996/13/5 3992/13/5 3995/13/5
f 3997/13/5 3995/13/5 3994/13/5
f 3998/13/5 3995/13/5 3997/13/5
f 3999/13/5 3995/13/5 3998/13/5
f 4000/13/5 3995/13/5 3999/13/5
f 4001/13/5 3999/13/5 3998/13/5
f 4002/13/5 3999/13/5 4001/13/5
f 4003/13/5 3999/13/5 4002/13/5
f 4004/13/5 3999/13/5 4003/13/5
f 4005/13/5 4003/13/5 4002/13/5
f 4006/13/5 4003/13/5 4005/13/5
f 4009/1/5 4008/1/5 4007/1/5
f 4010/1/5 4008/1/5 4009/1/5
f 4011/1/5 4008/1/5 4010/1/5
f 4013/11/5 4010/11/5 4009/11/5
f 4014/11/5 4010/11/5 4013/11/5
f 4016/11/5 4013/11/5 4012/11/5
f 4017/11/5 4013/11/5 4016/11/5
f 4019/11/5 4016/11/5 4015/11/5
f 4020/11/5 4016/11/5 4019/11/5
f 4022/11/5 4019/11/5 4018/11/5
f 4024/11/5 4022/11/5 4021/11/5
f 4025/11/5 4019/11/5 4022/11/5
f 4025/11/5 4022/11/5 4024/11/5
f 4026/11/5 4019/11/5 4025/11/5
f 4028/11/5 4024/11/5 4023/11/5
f 4028/11/5 4025/11/5 4024/11/5
f 4029/11/5 4025/11/5 4028/11/5
f 4030/11/5 4025/11/5 4029/11/5
f 4032/11/5 4028/11/5 4027/11/5
f 4032/11/5 4029/11/5 4028/11/5
f 4033/11/5 4029/11/5 4032/11/5
f 4035/11/5 4032/11/5 4031/11/5
f 4036/11/5 4032/11/5 4035/11/5
f 4037/11/5 4035/11/5 4034/11/5
f 4038/11/5 4035/11/5 4037/11/5
f 4040/11/5 4039/11/5 4038/11/5
f 4041/11/5 4039/11/5 4040/11/5
f 4043/11/5 4042/11/5 4041/11/5
f 4044/11/5 4042/11/5 4043/11/5
f 4045/11/5 4042/11/5 4044/11/5
f 4047/11/5 4045/11/5 4044/11/5
f 4047/11/5 4046/11/5 4045/11/5
f 4048/11/5 4046/11/5 4047/11/5
f 4049/11/5 4046/11/5 4048/11/5
f 4051/11/5 4049/11/5 4048/11/5
f 4051/11/5 4050/11/5 4049/11/5
f 4052/11/5 4050/11/5 4051/11/5
f 4053/11/5 4050/11/5 4052/11/5
f 4054/11/5 4050/11/5 4053/11/5
f 4056/11/5 4055/11/5 4054/11/5
f 4057/11/5 4055/11/5 4056/11/5
f 4059/11/5 4058/11/5 4057/11/5
f 4060/11/5 4058/11/5 4059/11/5
f 4062/11/5 4061/11/5 4060/11/5
f 4063/11/5 4061/11/5 4062/11/5
f 4065/1/5 4063/1/5 4062/1/5
f 4065/1/5 4064/1/5 4063/1/5
f 4066/1/5 4064/1/5 4065/1/5
f 4070/1/5 4068/1/5 4067/1/5
f 4071/1/5 4068/1/5 4070/1/5
f 4073/1/5 4070/1/5 4069/1/5
f 4074/1/5 4070/1/5 4073/1/5
f 4076/1/5 4072/1/5 4071/1/5
f 4077/1/5 4072/1/5 4076/1/5
f 4079/11/5 4074/11/5 4073/11/5
f 4080/11/5 4074/11/5 4079/11/5
f 4081/1/5 4076/1/5 4075/1/5
f 4082/1/5 4076/1/5 4081/1/5
f 4084/11/5 4079/11/5 4078/11/5
f 4085/11/5 4079/11/5 4084/11/5
f 4087/11/5 4084/11/5 4083/11/5
f 4089/11/5 4087/11/5 4086/11/5
f 4090/11/5 4084/11/5 4087/11/5
f 4090/11/5 4087/11/5 4089/11/5
f 4091/11/5 4084/11/5 4090/11/5
f 4093/11/5 4089/11/5 4088/11/5
f 4093/11/5 4090/11/5 4089/11/5
f 4094/11/5 4090/11/5 4093/11/5
f 4095/11/5 4090/11/5 4094/11/5
f 4097/11/5 4093/11/5 4092/11/5
f 4097/11/5 4094/11/5 4093/11/5
f 4098/11/5 4094/11/5 4097/11/5
f 4099/11/5 4094/11/5 4098/11/5
f 4101/11/5 4097/11/5 4096/11/5
f 4101/11/5 4098/11/5 4097/11/5
f 4102/11/5 4098/11/5 4101/11/5
f 4103/11/5 4098/11/5 4102/11/5
f 4104/11/5 4101/11/5 4100/11/5
f 4104/11/5 4102/11/5 4101/11/5
f 4105/11/5 4102/11/5 4104/11/5
f 4107/11/5 4104/11/5 4100/11/5
f 4108/11/5 4104/11/5 4107/11/5
f 4109/11/5 4107/11/5 4106/11/5
f 4110/11/5 4107/11/5 4109/11/5
f 4112/11/5 4111/11/5 4110/11/5
f 4114/11/5 4112/11/5 4110/11/5
f 4114/11/5 4113/11/5 4112/11/5
f 4115/11/5 4113/11/5 4114/11/5
f 4116/11/5 4113/11/5 4115/11/5
f 4118/11/5 4116/11/5 4115/11/5
f 4118/11/5 4117/11/5 4116/11/5
f 4119/11/5 4117/11/5 4118/11/5
f 4120/11/5 4117/11/5 4119/11/5
f 4122/11/5 4120/11/5 4119/11/5
f 4122/11/5 4121/11/5 4120/11/5
f 4123/11/5 4121/11/5 4122/11/5
f 4124/11/5 4121/11/5 4123/11/5
f 4126/11/5 4124/11/5 4123/11/5
f 4126/11/5 4125/11/5 4124/11/5
f 4127/11/5 4125/11/5 4126/11/5
f 4128/11/5 4125/11/5 4127/11/5
f 4130/11/5 4128/11/5 4127/11/5
f 4130/11/5 4129/11/5 4128/11/5
f 4131/11/5 4129/11/5 4130/11/5
f 4132/11/5 4129/11/5 4131/11/5
f 4133/11/5 4129/11/5 4132/11/5
f 4135/11/5 4134/11/5 4133/11/5
f 4136/11/5 4134/11/5 4135/11/5
f 4140/11/5 4137/11/5 4136/11/5
f 4141/11/5 4137/11/5 4140/11/5
f 4142/1/5 4139/1/5 4138/1/5
f 4143/1/5 4139/1/5 4142/1/5
f 4144/1/5 4139/1/5 4143/1/5
f 4146/1/5 4141/1/5 4140/1/5
f 4147/1/5 4141/1/5 4146/1/5
f 4148/1/5 4144/1/5 4143/1/5
f 4148/1/5 4145/1/5 4144/1/5
f 4149/1/5 4145/1/5 4148/1/5
f 4150/1/5 4148/1/5 4147/1/5
f 4151/1/5 4148/1/5 4150/1/5
f 4155/1/5 4153/1/5 4152/1/5
f 4156/1/5 4153/1/5 4155/1/5
f 4159/1/5 4155/1/5 4154/1/5
f 4160/1/5 4155/1/5 4159/1/5
f 4161/1/5 4157/1/5 4156/1/5
f 4162/1/5 4157/1/5 4161/1/5
f 4164/1/5 4159/1/5 4158/1/5
f 4165/1/5 4159/1/5 4164/1/5
f 4167/1/5 4163/1/5 4162/1/5
f 4168/1/5 4163/1/5 4167/1/5
f 4170/11/5 4165/11/5 4164/11/5
f 4171/11/5 4165/11/5 4170/11/5
f 4173/1/5 4167/1/5 4166/1/5
f 4174/1/5 4167/1/5 4173/1/5
f 4176/11/5 4170/11/5 4169/11/5
f 4177/11/5 4170/11/5 4176/11/5
f 4178/11/5 4170/11/5 4177/11/5
f 4179/1/5 4173/1/5 4172/1/5
f 4180/1/5 4173/1/5 4179/1/5
f 4182/11/5 4176/11/5 4175/11/5
f 4182/11/5 4177/11/5 4176/11/5
f 4183/11/5 4177/11/5 4182/11/5
f 4184/11/5 4177/11/5 4183/11/5
f 4186/11/5 4182/11/5 4181/11/5
f 4186/11/5 4183/11/5 4182/11/5
f 4187/11/5 4183/11/5 4186/11/5
f 4188/11/5 4183/11/5 4187/11/5
f 4190/11/5 4186/11/5 4185/11/5
f 4190/11/5 4187/11/5 4186/11/5
f 4191/11/5 4187/11/5 4190/11/5
f 4192/11/5 4187/11/5 4191/11/5
f 4194/11/5 4190/11/5 4189/11/5
f 4194/11/5 4191/11/5 4190/11/5
f 4195/11/5 4191/11/5 4194/11/5
f 4196/11/5 4191/11/5 4195/11/5
f 4197/11/5 4194/11/5 4193/11/5
f 4197/11/5 4195/11/5 4194/11/5
f 4198/11/5 4195/11/5 4197/11/5
f 4200/11/5 4197/11/5 4193/11/5
f 4202/11/5 4200/11/5 4199/11/5
f 4203/11/5 4197/11/5 4200/11/5
f 4203/11/5 4200/11/5 4202/11/5
f 4204/11/5 4202/11/5 4201/11/5
f 4205/11/5 4202/11/5 4204/11/5
f 4207/11/5 4206/11/5 4205/11/5
f 4208/11/5 4206/11/5 4207/11/5
f 4209/11/5 4206/11/5 4208/11/5
f 4211/11/5 4209/11/5 4208/11/5
f 4211/11/5 4210/11/5 4209/11/5
f 4212/11/5 4210/11/5 4211/11/5
f 4213/11/5 4210/11/5 4212/11/5
f 4215/11/5 4213/11/5 4212/11/5
f 4215/11/5 4214/11/5 4213/11/5
f 4216/11/5 4214/11/5 4215/11/5
f 4217/11/5 4214/11/5 4216/11/5
f 4219/11/5 4217/11/5 4216/11/5
f 4219/11/5 4218/11/5 4217/11/5
f 4220/11/5 4218/11/5 4219/11/5
f 4221/11/5 4218/11/5 4220/11/5
f 4223/11/5 4221/11/5 4220/11/5
f 4223/11/5 4222/11/5 4221/11/5
f 4224/11/5 4222/11/5 4223/11/5
f 4225/11/5 4222/11/5 4224/11/5
f 4227/11/5 4225/11/5 4224/11/5
f 4227/11/5 4226/11/5 4225/11/5
f 4228/11/5 4226/11/5 4227/11/5
f 4229/11/5 4226/11/5 4228/11/5
f 4233/11/5 4229/11/5 4228/11/5
f 4233/11/5 4230/11/5 4229/11/5
f 4234/11/5 4230/11/5 4233/11/5
f 4236/1/5 4232/1/5 4231/1/5
f 4237/1/5 4232/1/5 4236/1/5
f 4239/11/5 4235/11/5 4234/11/5
f 4240/11/5 4235/11/5 4239/11/5
f 4241/11/5 4235/11/5 4240/11/5
f 4242/1/5 4238/1/5 4237/1/5
f 4243/1/5 4238/1/5 4242/1/5
f 4245/1/5 4241/1/5 4240/1/5
f 4246/1/5 4241/1/5 4245/1/5
f 4249/1/5 4244/1/5 4243/1/5
f 4250/1/5 4244/1/5 4249/1/5
f 4251/1/5 4247/1/5 4246/1/5
f 4252/1/5 4247/1/5 4251/1/5
f 4254/1/5 4249/1/5 4248/1/5
f 4255/1/5 4249/1/5 4254/1/5
f 4256/1/5 4253/1/5 4252/1/5
f 4257/1/5 4253/1/5 4256/1/5
f 4261/6/5 4259/6/5 4258/6/5
f 4262/6/5 4259/6/5 4261/6/5
f 4265/1/5 4261/1/5 4260/1/5
f 4265/1/5 4263/1/5 4262/1/5
f 4265/1/5 4262/1/5 4261/1/5
f 4266/1/5 4263/1/5 4265/1/5
f 4269/1/5 4265/1/5 4264/1/5
f 4270/1/5 4265/1/5 4269/1/5
f 4272/1/5 4267/1/5 4266/1/5
f 4273/1/5 4267/1/5 4272/1/5
f 4276/1/5 4269/1/5 4268/1/5
f 4277/1/5 4269/1/5 4276/1/5
f 4278/1/5 4272/1/5 4271/1/5
f 4279/1/5 4272/1/5 4278/1/5
f 4280/1/5 4274/1/5 4273/1/5
f 4281/1/5 4274/1/5 4280/1/5
f 4283/1/5 4276/1/5 4275/1/5
f 4284/1/5 4276/1/5 4283/1/5
f 4286/1/5 4282/1/5 4281/1/5
f 4287/1/5 4282/1/5 4286/1/5
f 4289/11/5 4284/11/5 4283/11/5
f 4290/11/5 4284/11/5 4289/11/5
f 4291/11/5 4284/11/5 4290/11/5
f 4293/1/5 4286/1/5 4285/1/5
f 4294/1/5 4286/1/5 4293/1/5
f 4296/11/5 4289/11/5 4288/11/5
f 4296/11/5 4290/11/5 4289/11/5
f 4297/11/5 4290/11/5 4296/11/5
f 4298/11/5 4290/11/5 4297/11/5
f 4301/1/5 4293/1/5 4292/1/5
f 4302/1/5 4293/1/5 4301/1/5
f 4303/11/5 4296/11/5 4295/11/5
f 4303/11/5 4297/11/5 4296/11/5
f 4304/11/5 4297/11/5 4303/11/5
f 4305/5/5 4300/5/5 4299/5/5
f 4306/1/5 4301/1/5 4300/1/5
f 4306/5/5 4300/5/5 4305/5/5
f 4307/1/5 4301/1/5 4306/1/5
f 4309/11/5 4303/11/5 4295/11/5
f 4310/11/5 4303/11/5 4309/11/5
f 4311/11/5 4303/11/5 4310/11/5
f 4312/11/5 4309/11/5 4308/11/5
f 4312/11/5 4310/11/5 4309/11/5
f 4313/11/5 4310/11/5 4312/11/5
f 4315/11/5 4312/11/5 4308/11/5
f 4316/11/5 4312/11/5 4315/11/5
f 4318/11/5 4315/11/5 4314/11/5
f 4319/11/5 4315/11/5 4318/11/5
f 4321/11/5 4318/11/5 4317/11/5
f 4322/11/5 4318/11/5 4321/11/5
f 4323/11/5 4321/11/5 4320/11/5
f 4324/11/5 4321/11/5 4323/11/5
f 4326/11/5 4325/11/5 4324/11/5
f 4327/11/5 4325/11/5 4326/11/5
f 4329/11/5 4328/11/5 4327/11/5
f 4330/11/5 4328/11/5 4329/11/5
f 4332/11/5 4331/11/5 4330/11/5
f 4334/11/5 4332/11/5 4330/11/5
f 4334/11/5 4333/11/5 4332/11/5
f 4335/11/5 4333/11/5 4334/11/5
f 4336/11/5 4333/11/5 4335/11/5
f 4338/11/5 4336/11/5 4335/11/5
f 4338/11/5 4337/11/5 4336/11/5
f 4343/11/5 4338/11/5 4335/11/5
f 4343/11/5 4339/11/5 4338/11/5
f 4344/11/5 4339/11/5 4343/11/5
f 4345/11/5 4339/11/5 4344/11/5
f 4347/5/5 4341/5/5 4340/5/5
f 4348/1/5 4342/1/5 4341/1/5
f 4348/5/5 4341/5/5 4347/5/5
f 4349/1/5 4342/1/5 4348/1/5
f 4351/11/5 4346/11/5 4345/11/5
f 4351/11/5 4345/11/5 4344/11/5
f 4352/11/5 4346/11/5 4351/11/5
f 4353/11/5 4346/11/5 4352/11/5
f 4355/1/5 4350/1/5 4349/1/5
f 4356/1/5 4350/1/5 4355/1/5
f 4358/11/5 4354/11/5 4353/11/5
f 4358/11/5 4353/11/5 4352/11/5
f 4359/11/5 4354/11/5 4358/11/5
f 4361/1/5 4357/1/5 4356/1/5
f 4362/1/5 4357/1/5 4361/1/5
f 4364/1/5 4360/1/5 4359/1/5
f 4364/1/5 4359/1/5 4358/1/5
f 4365/1/5 4360/1/5 4364/1/5
f 4370/1/5 4363/1/5 4362/1/5
f 4371/1/5 4363/1/5 4370/1/5
f 4372/1/5 4366/1/5 4365/1/5
f 4373/1/5 4366/1/5 4372/1/5
f 4375/1/5 4368/1/5 4367/1/5
f 4376/1/5 4370/1/5 4369/1/5
f 4377/1/5 4370/1/5 4376/1/5
f 4378/1/5 4374/1/5 4373/1/5
f 4379/1/5 4374/1/5 4378/1/5
f 4380/1/5 4375/1/5 4367/1/5
f 4380/1/5 4376/1/5 4375/1/5
f 4381/1/5 4376/1/5 4380/1/5
f 4382/1/5 4380/1/5 4379/1/5
f 4383/1/5 4380/1/5 4382/1/5
f 4384/1/5 4380/1/5 4383/1/5
f 4385/1/5 4380/1/5 4384/1/5
f 4386/6/5 4384/6/5 4383/6/5
f 4387/6/5 4384/6/5 4386/6/5
f 4391/1/5 4389/1/5 4388/1/5
f 4392/1/5 4389/1/5 4391/1/5
f 4394/1/5 4391/1/5 4390/1/5
f 4395/1/5 4391/1/5 4394/1/5
f 4397/1/5 4394/1/5 4393/1/5
f 4398/1/5 4394/1/5 4397/1/5
f 4400/1/5 4397/1/5 4396/1/5
f 4401/1/5 4397/1/5 4400/1/5
f 4403/1/5 4400/1/5 4399/1/5
f 4404/11/5 4401/11/5 4400/11/5
f 4404/1/5 4400/1/5 4403/1/5
f 4405/11/5 4401/11/5 4404/11/5
f 4407/1/5 4403/1/5 4402/1/5
f 4408/11/5 4404/11/5 4403/11/5
f 4408/1/5 4403/1/5 4407/1/5
f 4409/11/5 4404/11/5 4408/11/5
f 4411/1/5 4407/1/5 4406/1/5
f 4412/11/5 4408/11/5 4407/11/5
f 4412/1/5 4407/1/5 4411/1/5
f 4413/1/5 4411/1/5 4410/1/5
f 4414/11/5 4412/11/5 4411/11/5
f 4414/1/5 4411/1/5 4413/1/5
f 4415/11/5 4408/11/5 4412/11/5
f 4415/11/5 4412/11/5 4414/11/5
f 4416/11/5 4408/11/5 4415/11/5
f 4418/11/5 4414/11/5 4413/11/5
f 4418/11/5 4415/11/5 4414/11/5
f 4419/11/5 4415/11/5 4418/11/5
f 4419/11/5 4418/11/5 4417/11/5
f 4420/11/5 4415/11/5 4419/11/5
f 4422/11/5 4419/11/5 4417/11/5
f 4423/11/5 4419/11/5 4422/11/5
f 4423/11/5 4422/11/5 4421/11/5
f 4424/11/5 4419/11/5 4423/11/5
f 4425/11/5 4423/11/5 4421/11/5
f 4426/11/5 4423/11/5 4425/11/5
f 4427/11/5 4425/11/5 4421/11/5
f 4429/11/5 4428/11/5 4427/11/5
f 4431/11/5 4429/11/5 4427/11/5
f 4431/11/5 4430/11/5 4429/11/5
f 4431/11/5 4427/11/5 4421/11/5
f 4432/11/5 4430/11/5 4431/11/5
f 4433/11/5 4430/11/5 4432/11/5
f 4435/11/5 4433/11/5 4432/11/5
f 4435/11/5 4434/11/5 4433/11/5
f 4436/11/5 4434/11/5 4435/11/5
f 4437/11/5 4434/11/5 4436/11/5
f 4438/11/5 4434/11/5 4437/11/5
f 4439/11/5 4434/11/5 4438/11/5
f 4441/1/5 4438/1/5 4437/1/5
f 4442/11/5 4439/11/5 4438/11/5
f 4442/1/5 4438/1/5 4441/1/5
f 4442/11/5 4440/11/5 4439/11/5
f 4443/11/5 4440/11/5 4442/11/5
f 4444/1/5 4443/1/5 4442/1/5
f 4445/11/5 4440/11/5 4443/11/5
f 4445/1/5 4443/1/5 4444/1/5
f 4446/11/5 4440/11/5 4445/11/5
f 4448/1/5 4446/1/5 4445/1/5
f 4449/11/5 4447/11/5 4446/11/5
f 4449/1/5 4446/1/5 4448/1/5
f 4450/11/5 4447/11/5 4449/11/5
f 4452/1/5 4450/1/5 4449/1/5
f 4453/11/5 4451/11/5 4450/11/5
f 4453/1/5 4450/1/5 4452/1/5
f 4454/11/5 4451/11/5 4453/11/5
f 4455/1/5 4454/1/5 4453/1/5
f 4456/1/5 4454/1/5 4455/1/5
f 4458/1/5 4457/1/5 4456/1/5
f 4459/1/5 4457/1/5 4458/1/5
f 4461/1/5 4460/1/5 4459/1/5
f 4462/1/5 4460/1/5 4461/1/5
f 4464/1/5 4463/1/5 4462/1/5
f 4465/1/5 4463/1/5 4464/1/5
f 4469/6/5 4467/6/5 4466/6/5
f 4470/6/5 4467/6/5 4469/6/5
f 4473/1/5 4469/1/5 4468/1/5
f 4473/1/5 4471/1/5 4470/1/5
f 4473/1/5 4470/1/5 4469/1/5
f 4474/1/5 4471/1/5 4473/1/5
f 4476/1/5 4473/1/5 4472/1/5
f 4477/1/5 4473/1/5 4476/1/5
f 4479/1/5 4476/1/5 4475/1/5
f 4480/1/5 4476/1/5 4479/1/5
f 4482/1/5 4479/1/5 4478/1/5
f 4483/1/5 4479/1/5 4482/1/5
f 4485/1/5 4482/1/5 4481/1/5
f 4486/1/5 4482/1/5 4485/1/5
f 4488/1/5 4485/1/5 4484/1/5
f 4489/1/5 4485/1/5 4488/1/5
f 4490/1/5 4488/1/5 4487/1/5
f 4491/1/5 4488/1/5 4490/1/5
f 4495/1/5 4493/1/5 4492/1/5
f 4496/1/5 4493/1/5 4495/1/5
f 4498/1/5 4495/1/5 4494/1/5
f 4499/1/5 4495/1/5 4498/1/5
f 4501/1/5 4498/1/5 4497/1/5
f 4502/11/5 4499/11/5 4498/11/5
f 4502/1/5 4498/1/5 4501/1/5
f 4503/11/5 4499/11/5 4502/11/5
f 4504/1/5 4501/1/5 4500/1/5
f 4506/1/5 4504/1/5 4500/1/5
f 4506/11/5 4505/11/5 4504/11/5
f 4507/11/5 4505/11/5 4506/11/5
f 4508/1/5 4506/1/5 4500/1/5
f 4509/1/5 4506/1/5 4508/1/5
f 4512/1/5 4510/1/5 4509/1/5
f 4513/11/5 4511/11/5 4510/11/5
f 4513/1/5 4510/1/5 4512/1/5
f 4514/11/5 4511/11/5 4513/11/5
f 4515/1/5 4514/1/5 4513/1/5
f 4516/1/5 4514/1/5 4515/1/5
f 4518/1/5 4517/1/5 4516/1/5
f 4519/1/5 4517/1/5 4518/1/5
f 4522/1/5 4521/1/5 4520/1/5
f 4523/1/5 4521/1/5 4522/1/5
f 4525/1/5 4524/1/5 4523/1/5
f 4526/1/5 4524/1/5 4525/1/5
f 4528/1/5 4527/1/5 4526/1/5
f 4529/1/5 4527/1/5 4528/1/5
f 4531/1/5 4530/1/5 4529/1/5
f 4532/1/5 4530/1/5 4531/1/5
f 4534/1/5 4533/1/5 4532/1/5
f 4535/1/5 4533/1/5 4534/1/5
f 4537/1/5 4536/1/5 4535/1/5
f 4538/1/5 4536/1/5 4537/1/5
f 4540/1/5 4539/1/5 4538/1/5
f 4541/1/5 4539/1/5 4540/1/5
f 4542/1/5 4539/1/5 4541/1/5
f 4543/1/5 4539/1/5 4542/1/5
f 4544/6/5 4542/6/5 4541/6/5
f 4545/6/5 4542/6/5 4544/6/5
f 4549/1/5 4547/1/5 4546/1/5
f 4550/1/5 4547/1/5 4549/1/5
f 4552/1/5 4549/1/5 4548/1/5
f 4553/1/5 4549/1/5 4552/1/5
f 4555/1/5 4552/1/5 4551/1/5
f 4556/1/5 4552/1/5 4555/1/5
f 4558/1/5 4555/1/5 4554/1/5
f 4559/1/5 4555/1/5 4558/1/5
f 4561/1/5 4558/1/5 4557/1/5
f 4562/1/5 4558/1/5 4561/1/5
f 4565/1/5 4561/1/5 4560/1/5
f 4566/1/5 4561/1/5 4565/1/5
f 4568/1/5 4564/1/5 4563/1/5
f 4569/1/5 4564/1/5 4568/1/5
f 4573/1/5 4568/1/5 4567/1/5
f 4574/1/5 4568/1/5 4573/1/5
f 4576/1/5 4571/1/5 4570/1/5
f 4577/1/5 4571/1/5 4576/1/5
f 4579/1/5 4573/1/5 4572/1/5
f 4580/1/5 4573/1/5 4579/1/5
f 4582/1/5 4576/1/5 4575/1/5
f 4583/1/5 4576/1/5 4582/1/5
f 4584/1/5 4579/1/5 4578/1/5
f 4585/1/5 4579/1/5 4584/1/5
f 4587/1/5 4582/1/5 4581/1/5
f 4588/1/5 4582/1/5 4587/1/5
f 4589/1/5 4584/1/5 4583/1/5
f 4590/1/5 4584/1/5 4589/1/5
f 4591/1/5 4587/1/5 4586/1/5
f 4592/1/5 4587/1/5 4591/1/5
f 4594/1/5 4593/1/5 4592/1/5
f 4595/1/5 4593/1/5 4594/1/5
f 4599/1/5 4597/1/5 4596/1/5
f 4600/1/5 4597/1/5 4599/1/5
f 4601/1/5 4599/1/5 4598/1/5
f 4602/1/5 4599/1/5 4601/1/5
f 4606/1/5 4603/1/5 4602/1/5
f 4607/1/5 4603/1/5 4606/1/5
f 4608/1/5 4605/1/5 4604/1/5
f 4609/1/5 4605/1/5 4608/1/5
f 4611/1/5 4608/1/5 4607/1/5
f 4612/1/5 4608/1/5 4611/1/5
f 4614/1/5 4610/1/5 4609/1/5
f 4615/1/5 4610/1/5 4614/1/5
f 4617/1/5 4613/1/5 4612/1/5
f 4618/1/5 4613/1/5 4617/1/5
f 4619/1/5 4616/1/5 4615/1/5
f 4620/1/5 4616/1/5 4619/1/5
f 4624/1/5 4621/1/5 4620/1/5
f 4625/1/5 4621/1/5 4624/1/5
f 4627/1/5 4623/1/5 4622/1/5
f 4628/1/5 4623/1/5 4627/1/5
f 4630/1/5 4626/1/5 4625/1/5
f 4631/1/5 4626/1/5 4630/1/5
f 4632/1/5 4629/1/5 4628/1/5
f 4633/1/5 4629/1/5 4632/1/5
f 4635/1/5 4634/1/5 4633/1/5
f 4636/1/5 4634/1/5 4635/1/5
f 4638/1/5 4637/1/5 4636/1/5
f 4639/1/5 4637/1/5 4638/1/5
f 4641/1/5 4640/1/5 4639/1/5
f 4642/1/5 4640/1/5 4641/1/5
f 4644/1/5 4643/1/5 4642/1/5
f 4645/1/5 4643/1/5 4644/1/5
f 4651/6/5 4647/6/5 4646/6/5
f 4652/6/5 4647/6/5 4651/6/5
f 4655/6/5 4649/6/5 4648/6/5
f 4656/6/5 4649/6/5 4655/6/5
f 4661/6/5 4651/6/5 4650/6/5
f 4662/4/5 4652/4/5 4651/4/5
f 4662/6/5 4651/6/5 4661/6/5
f 4663/9/5 4653/9/5 4652/9/5
f 4663/4/5 4652/4/5 4662/4/5
f 4664/2/5 4654/2/5 4653/2/5
f 4664/9/5 4653/9/5 4663/9/5
f 4665/9/5 4655/9/5 4654/9/5
f 4665/2/5 4654/2/5 4664/2/5
f 4666/4/5 4656/4/5 4655/4/5
f 4666/9/5 4655/9/5 4665/9/5
f 4667/6/5 4657/6/5 4656/6/5
f 4667/4/5 4656/4/5 4666/4/5
f 4668/6/5 4657/6/5 4667/6/5
f 4671/1/5 4659/1/5 4658/1/5
f 4672/1/5 4659/1/5 4671/1/5
f 4674/6/5 4661/6/5 4660/6/5
f 4675/9/5 4662/9/5 4661/9/5
f 4675/6/5 4661/6/5 4674/6/5
f 4676/8/5 4663/8/5 4662/8/5
f 4676/9/5 4662/9/5 4675/9/5
f 4676/8/5 4664/8/5 4663/8/5
f 4676/8/5 4665/8/5 4664/8/5
f 4676/8/5 4666/8/5 4665/8/5
f 4676/8/5 4667/8/5 4666/8/5
f 4677/9/5 4668/9/5 4667/9/5
f 4677/8/5 4667/8/5 4676/8/5
f 4678/6/5 4669/6/5 4668/6/5
f 4678/9/5 4668/9/5 4677/9/5
f 4679/6/5 4669/6/5 4678/6/5
f 4682/1/5 4671/1/5 4670/1/5
f 4683/1/5 4671/1/5 4682/1/5
f 4684/12/5 4674/12/5 4673/12/5
f 4685/4/5 4675/4/5 4674/4/5
f 4685/12/5 4674/12/5 4684/12/5
f 4686/8/5 4677/8/5 4676/8/5
f 4686/4/5 4675/4/5 4685/4/5
f 4686/8/5 4676/8/5 4675/8/5
f 4686/8/5 4678/8/5 4677/8/5
f 4687/4/5 4679/4/5 4678/4/5
f 4687/8/5 4678/8/5 4686/8/5
f 4688/12/5 4680/12/5 4679/12/5
f 4688/4/5 4679/4/5 4687/4/5
f 4689/12/5 4680/12/5 4688/12/5
f 4691/1/5 4682/1/5 4681/1/5
f 4692/1/5 4682/1/5 4691/1/5
f 4699/1/5 4691/1/5 4690/1/5
f 4700/1/5 4691/1/5 4699/1/5
f 4701/6/5 4694/6/5 4693/6/5
f 4702/2/5 4695/2/5 4694/2/5
f 4702/6/5 4694/6/5 4701/6/5
f 4703/8/5 4696/8/5 4695/8/5
f 4703/2/5 4695/2/5 4702/2/5
f 4704/2/5 4697/2/5 4696/2/5
f 4704/8/5 4696/8/5 4703/8/5
f 4705/6/5 4698/6/5 4697/6/5
f 4705/2/5 4697/2/5 4704/2/5
f 4710/6/5 4702/6/5 4701/6/5
f 4711/9/5 4703/9/5 4702/9/5
f 4711/6/5 4702/6/5 4710/6/5
f 4712/8/5 4704/8/5 4703/8/5
f 4712/9/5 4703/9/5 4711/9/5
f 4713/8/5 4704/8/5 4712/8/5
f 4714/9/5 4705/9/5 4704/9/5
f 4714/8/5 4704/8/5 4713/8/5
f 4715/6/5 4698/6/5 4705/6/5
f 4715/9/5 4705/9/5 4714/9/5
f 4716/6/5 4698/6/5 4715/6/5
f 4718/1/5 4707/1/5 4706/1/5
f 4719/1/5 4707/1/5 4718/1/5
f 4720/1/5 4709/1/5 4708/1/5
f 4721/1/5 4709/1/5 4720/1/5
f 4722/8/5 4714/8/5 4713/8/5
f 4723/8/5 4714/8/5 4722/8/5
f 4724/8/5 4714/8/5 4723/8/5
f 4725/4/5 4715/4/5 4714/4/5
f 4725/8/5 4714/8/5 4724/8/5
f 4726/12/5 4716/12/5 4715/12/5
f 4726/4/5 4715/4/5 4725/4/5
f 4727/12/5 4716/12/5 4726/12/5
f 4729/1/5 4718/1/5 4717/1/5
f 4730/1/5 4718/1/5 4729/1/5
f 4731/8/5 4724/8/5 4723/8/5
f 4732/8/5 4724/8/5 4731/8/5
f 4733/9/5 4725/9/5 4724/9/5
f 4733/8/5 4724/8/5 4732/8/5
f 4734/6/5 4726/6/5 4725/6/5
f 4734/9/5 4725/9/5 4733/9/5
f 4735/6/5 4726/6/5 4734/6/5
f 4737/1/5 4729/1/5 4728/1/5
f 4738/1/5 4729/1/5 4737/1/5
f 4739/9/5 4732/9/5 4731/9/5
f 4740/4/5 4733/4/5 4732/4/5
f 4740/9/5 4732/9/5 4739/9/5
f 4741/6/5 4734/6/5 4733/6/5
f 4741/4/5 4733/4/5 4740/4/5
f 4742/6/5 4734/6/5 4741/6/5
f 4743/1/5 4737/1/5 4736/1/5
f 4744/1/5 4737/1/5 4743/1/5
f 4747/6/5 4740/6/5 4739/6/5
f 4748/12/5 4741/12/5 4740/12/5
f 4748/6/5 4740/6/5 4747/6/5
f 4749/12/5 4741/12/5 4748/12/5
f 4753/1/5 4746/1/5 4745/1/5
f 4754/1/5 4746/1/5 4753/1/5
f 4755/1/5 4751/1/5 4750/1/5
f 4756/1/5 4751/1/5 4755/1/5
f 4757/1/5 4753/1/5 4752/1/5
f 4758/1/5 4753/1/5 4757/1/5
f 4762/1/5 4759/1/5 4758/1/5
f 4763/1/5 4759/1/5 4762/1/5
f 4767/1/5 4761/1/5 4760/1/5
f 4768/1/5 4761/1/5 4767/1/5
f 4770/6/5 4765/6/5 4764/6/5
f 4771/12/5 4766/12/5 4765/12/5
f 4771/6/5 4765/6/5 4770/6/5
f 4772/12/5 4766/12/5 4771/12/5
f 4774/1/5 4769/1/5 4768/1/5
f 4775/1/5 4769/1/5 4774/1/5
f 4777/9/5 4771/9/5 4770/9/5
f 4778/4/5 4772/4/5 4771/4/5
f 4778/9/5 4771/9/5 4777/9/5
f 4779/6/5 4773/6/5 4772/6/5
f 4779/4/5 4772/4/5 4778/4/5
f 4780/6/5 4773/6/5 4779/6/5
f 4782/1/5 4776/1/5 4775/1/5
f 4783/1/5 4776/1/5 4782/1/5
f 4788/8/5 4778/8/5 4777/8/5
f 4788/8/5 4779/8/5 4778/8/5
f 4789/9/5 4780/9/5 4779/9/5
f 4789/8/5 4779/8/5 4788/8/5
f 4790/6/5 4781/6/5 4780/6/5
f 4790/9/5 4780/9/5 4789/9/5
f 4791/6/5 4781/6/5 4790/6/5
f 4793/1/5 4784/1/5 4783/1/5
f 4794/1/5 4784/1/5 4793/1/5
f 4795/1/5 4786/1/5 4785/1/5
f 4796/1/5 4786/1/5 4795/1/5
f 4800/8/5 4788/8/5 4787/8/5
f 4800/8/5 4789/8/5 4788/8/5
f 4800/8/5 4790/8/5 4789/8/5
f 4801/4/5 4791/4/5 4790/4/5
f 4801/8/5 4790/8/5 4800/8/5
f 4802/12/5 4792/12/5 4791/12/5
f 4802/4/5 4791/4/5 4801/4/5
f 4803/12/5 4792/12/5 4802/12/5
f 4806/6/5 4798/6/5 4797/6/5
f 4807/9/5 4799/9/5 4798/9/5
f 4807/6/5 4798/6/5 4806/6/5
f 4808/8/5 4800/8/5 4799/8/5
f 4808/9/5 4799/9/5 4807/9/5
f 4808/8/5 4801/8/5 4800/8/5
f 4809/9/5 4802/9/5 4801/9/5
f 4809/8/5 4801/8/5 4808/8/5
f 4810/6/5 4803/6/5 4802/6/5
f 4810/9/5 4802/9/5 4809/9/5
f 4811/1/5 4805/1/5 4804/1/5
f 4812/1/5 4805/1/5 4811/1/5
f 4814/6/5 4807/6/5 4806/6/5
f 4815/2/5 4808/2/5 4807/2/5
f 4815/6/5 4807/6/5 4814/6/5
f 4816/8/5 4809/8/5 4808/8/5
f 4816/2/5 4808/2/5 4815/2/5
f 4817/2/5 4810/2/5 4809/2/5
f 4817/8/5 4809/8/5 4816/8/5
f 4818/6/5 4803/6/5 4810/6/5
f 4818/2/5 4810/2/5 4817/2/5
f 4819/6/5 4803/6/5 4818/6/5
f 4820/1/5 4813/1/5 4812/1/5
f 4821/1/5 4813/1/5 4820/1/5
f 4829/1/5 4822/1/5 4821/1/5
f 4830/1/5 4822/1/5 4829/1/5
f 4832/12/5 4824/12/5 4823/12/5
f 4833/4/5 4825/4/5 4824/4/5
f 4833/12/5 4824/12/5 4832/12/5
f 4834/8/5 4826/8/5 4825/8/5
f 4834/4/5 4825/4/5 4833/4/5
f 4835/8/5 4826/8/5 4834/8/5
f 4836/8/5 4826/8/5 4835/8/5
f 4837/4/5 4827/4/5 4826/4/5
f 4837/8/5 4826/8/5 4836/8/5
f 4838/12/5 4828/12/5 4827/12/5
f 4838/4/5 4827/4/5 4837/4/5
f 4839/12/5 4828/12/5 4838/12/5
f 4840/1/5 4831/1/5 4830/1/5
f 4841/1/5 4831/1/5 4840/1/5
f 4842/6/5 4834/6/5 4833/6/5
f 4843/9/5 4835/9/5 4834/9/5
f 4843/6/5 4834/6/5 4842/6/5
f 4844/8/5 4836/8/5 4835/8/5
f 4844/9/5 4835/9/5 4843/9/5
f 4845/8/5 4836/8/5 4844/8/5
f 4846/8/5 4836/8/5 4845/8/5
f 4847/8/5 4836/8/5 4846/8/5
f 4848/8/5 4836/8/5 4847/8/5
f 4849/9/5 4837/9/5 4836/9/5
f 4849/8/5 4836/8/5 4848/8/5
f 4850/6/5 4838/6/5 4837/6/5
f 4850/9/5 4837/9/5 4849/9/5
f 4851/6/5 4838/6/5 4850/6/5
f 4852/6/5 4844/6/5 4843/6/5
f 4853/4/5 4845/4/5 4844/4/5
f 4853/6/5 4844/6/5 4852/6/5
f 4854/9/5 4846/9/5 4845/9/5
f 4854/4/5 4845/4/5 4853/4/5
f 4855/2/5 4847/2/5 4846/2/5
f 4855/9/5 4846/9/5 4854/9/5
f 4856/9/5 4848/9/5 4847/9/5
f 4856/2/5 4847/2/5 4855/2/5
f 4857/4/5 4849/4/5 4848/4/5
f 4857/9/5 4848/9/5 4856/9/5
f 4858/6/5 4850/6/5 4849/6/5
f 4858/4/5 4849/4/5 4857/4/5
f 4859/6/5 4850/6/5 4858/6/5
f 4860/6/5 4854/6/5 4853/6/5
f 4861/6/5 4854/6/5 4860/6/5
f 4862/6/5 4858/6/5 4857/6/5
f 4863/6/5 4858/6/5 4862/6/5
f 4867/1/5 4865/1/5 4864/1/5
f 4868/1/5 4865/1/5 4867/1/5
f 4870/1/5 4867/1/5 4866/1/5
f 4871/1/5 4867/1/5 4870/1/5
f 4873/1/5 4870/1/5 4869/1/5
f 4874/1/5 4870/1/5 4873/1/5
f 4875/1/5 4873/1/5 4872/1/5
f 4876/1/5 4873/1/5 4875/1/5
f 4879/1/5 4878/1/5 4877/1/5
f 4880/1/5 4878/1/5 4879/1/5
f 4883/1/5 4882/1/5 4881/1/5
f 4884/1/5 4882/1/5 4883/1/5
f 4887/1/5 4886/1/5 4885/1/5
f 4888/1/5 4886/1/5 4887/1/5
f 4890/1/5 4889/1/5 4888/1/5
f 4891/1/5 4889/1/5 4890/1/5
f 4893/1/5 4892/1/5 4891/1/5
f 4894/1/5 4892/1/5 4893/1/5
f 4896/1/5 4895/1/5 4894/1/5
f 4897/1/5 4895/1/5 4896/1/5
f 4905/12/5 4899/12/5 4898/12/5
f 4906/3/5 4900/3/5 4899/3/5
f 4906/12/5 4899/12/5 4905/12/5
f 4907/2/5 4901/2/5 4900/2/5
f 4907/3/5 4900/3/5 4906/3/5
f 4908/9/5 4902/9/5 4901/9/5
f 4908/2/5 4901/2/5 4907/2/5
f 4909/12/5 4903/12/5 4902/12/5
f 4909/9/5 4902/9/5 4908/9/5
f 4910/12/5 4903/12/5 4909/12/5
f 4912/6/5 4905/6/5 4904/6/5
f 4912/3/5 4906/3/5 4905/3/5
f 4913/8/5 4908/8/5 4907/8/5
f 4913/3/5 4906/3/5 4912/3/5
f 4913/8/5 4907/8/5 4906/8/5
f 4913/8/5 4909/8/5 4908/8/5
f 4914/3/5 4910/3/5 4909/3/5
f 4914/8/5 4909/8/5 4913/8/5
f 4915/6/5 4911/6/5 4910/6/5
f 4915/3/5 4910/3/5 4914/3/5
f 4916/6/5 4912/6/5 4904/6/5
f 4917/2/5 4913/2/5 4912/2/5
f 4917/6/5 4912/6/5 4916/6/5
f 4918/8/5 4914/8/5 4913/8/5
f 4918/2/5 4913/2/5 4917/2/5
f 4919/2/5 4915/2/5 4914/2/5
f 4919/8/5 4914/8/5 4918/8/5
f 4920/6/5 4911/6/5 4915/6/5
f 4920/2/5 4915/2/5 4919/2/5
f 4921/6/5 4911/6/5 4920/6/5
f 4928/12/5 4923/12/5 4922/12/5
f 4929/3/5 4924/3/5 4923/3/5
f 4929/12/5 4923/12/5 4928/12/5
f 4930/2/5 4925/2/5 4924/2/5
f 4930/3/5 4924/3/5 4929/3/5
f 4931/3/5 4926/3/5 4925/3/5
f 4931/2/5 4925/2/5 4930/2/5
f 4932/12/5 4927/12/5 4926/12/5
f 4932/3/5 4926/3/5 4931/3/5
f 4933/12/5 4927/12/5 4932/12/5
f 4934/6/5 4931/6/5 4930/6/5
f 4934/6/5 4932/6/5 4931/6/5
f 4934/6/5 4930/6/5 4929/6/5
f 4935/6/5 4932/6/5 4934/6/5
f 4938/1/5 4937/1/5 4936/1/5
f 4939/1/5 4937/1/5 4938/1/5
f 4942/1/5 4941/1/5 4940/1/5
f 4943/1/5 4941/1/5 4942/1/5
f 4946/1/5 4945/1/5 4944/1/5
f 4947/1/5 4945/1/5 4946/1/5
f 4951/6/5 4949/6/5 4948/6/5
f 4952/6/5 4949/6/5 4951/6/5
f 4953/6/5 4949/6/5 4952/6/5
f 4954/6/5 4949/6/5 4953/6/5
f 4956/12/5 4951/12/5 4950/12/5
f 4957/3/5 4952/3/5 4951/3/5
f 4957/12/5 4951/12/5 4956/12/5
f 4958/2/5 4953/2/5 4952/2/5
f 4958/3/5 4952/3/5 4957/3/5
f 4959/9/5 4954/9/5 4953/9/5
f 4959/2/5 4953/2/5 4958/2/5
f 4960/12/5 4955/12/5 4954/12/5
f 4960/9/5 4954/9/5 4959/9/5
f 4961/12/5 4955/12/5 4960/12/5
f 4968/6/5 4963/6/5 4962/6/5
f 4969/2/5 4964/2/5 4963/2/5
f 4969/6/5 4963/6/5 4968/6/5
f 4970/8/5 4965/8/5 4964/8/5
f 4970/2/5 4964/2/5 4969/2/5
f 4971/2/5 4966/2/5 4965/2/5
f 4971/8/5 4965/8/5 4970/8/5
f 4972/6/5 4967/6/5 4966/6/5
f 4972/2/5 4966/2/5 4971/2/5
f 4973/6/5 4969/6/5 4968/6/5
f 4974/3/5 4970/3/5 4969/3/5
f 4974/6/5 4969/6/5 4973/6/5
f 4975/8/5 4971/8/5 4970/8/5
f 4975/3/5 4970/3/5 4974/3/5
f 4976/8/5 4971/8/5 4975/8/5
f 4977/8/5 4971/8/5 4976/8/5
f 4978/3/5 4972/3/5 4971/3/5
f 4978/8/5 4971/8/5 4977/8/5
f 4979/6/5 4967/6/5 4972/6/5
f 4979/3/5 4972/3/5 4978/3/5
f 4980/6/5 4967/6/5 4979/6/5
f 4981/12/5 4975/12/5 4974/12/5
f 4982/3/5 4976/3/5 4975/3/5
f 4982/12/5 4975/12/5 4981/12/5
f 4983/2/5 4977/2/5 4976/2/5
f 4983/3/5 4976/3/5 4982/3/5
f 4984/3/5 4978/3/5 4977/3/5
f 4984/2/5 4977/2/5 4983/2/5
f 4985/12/5 4979/12/5 4978/12/5
f 4985/3/5 4978/3/5 4984/3/5
f 4986/12/5 4979/12/5 4985/12/5
f 4989/1/5 4988/1/5 4987/1/5
f 4990/1/5 4988/1/5 4989/1/5
f 4993/1/5 4992/1/5 4991/1/5
f 4994/1/5 4992/1/5 4993/1/5
f 4997/1/5 4996/1/5 4995/1/5
f 4998/1/5 4996/1/5 4997/1/5
f 5001/1/5 5000/1/5 4999/1/5
f 5002/1/5 5000/1/5 5001/1/5
f 5009/12/5 5004/12/5 5003/12/5
f 5010/6/5 5005/6/5 5004/6/5
f 5010/12/5 5004/12/5 5009/12/5
f 5011/6/5 5005/6/5 5010/6/5
f 5012/6/5 5005/6/5 5011/6/5
f 5013/12/5 5007/12/5 5006/12/5
f 5014/12/5 5007/12/5 5013/12/5
f 5017/6/5 5009/6/5 5008/6/5
f 5018/4/5 5010/4/5 5009/4/5
f 5018/6/5 5009/6/5 5017/6/5
f 5019/9/5 5011/9/5 5010/9/5
f 5019/4/5 5010/4/5 5018/4/5
f 5020/9/5 5011/9/5 5019/9/5
f 5021/9/5 5013/9/5 5012/9/5
f 5022/4/5 5014/4/5 5013/4/5
f 5022/9/5 5013/9/5 5021/9/5
f 5023/6/5 5015/6/5 5014/6/5
f 5023/4/5 5014/4/5 5022/4/5
f 5024/6/5 5015/6/5 5023/6/5
f 5027/6/5 5017/6/5 5016/6/5
f 5028/9/5 5018/9/5 5017/9/5
f 5028/6/5 5017/6/5 5027/6/5
f 5029/8/5 5019/8/5 5018/8/5
f 5029/9/5 5018/9/5 5028/9/5
f 5030/8/5 5019/8/5 5029/8/5
f 5031/8/5 5022/8/5 5021/8/5
f 5031/8/5 5021/8/5 5020/8/5
f 5031/8/5 5023/8/5 5022/8/5
f 5032/9/5 5024/9/5 5023/9/5
f 5032/8/5 5023/8/5 5031/8/5
f 5033/6/5 5025/6/5 5024/6/5
f 5033/9/5 5024/9/5 5032/9/5
f 5034/6/5 5025/6/5 5033/6/5
f 5036/4/5 5034/4/5 5033/4/5
f 5036/8/5 5033/8/5 5032/8/5
f 5036/8/5 5031/8/5 5030/8/5
f 5036/8/5 5032/8/5 5031/8/5
f 5037/12/5 5035/12/5 5034/12/5
f 5037/4/5 5034/4/5 5036/4/5
f 5038/12/5 5035/12/5 5037/12/5
f 5039/6/5 5027/6/5 5026/6/5
f 5040/6/5 5027/6/5 5039/6/5
f 5041/8/5 5036/8/5 5030/8/5
f 5041/9/5 5037/9/5 5036/9/5
f 5042/9/5 5037/9/5 5041/9/5
f 5045/8/5 5041/8/5 5030/8/5
f 5045/2/5 5042/2/5 5041/2/5
f 5046/2/5 5042/2/5 5045/2/5
f 5047/8/5 5045/8/5 5030/8/5
f 5047/9/5 5046/9/5 5045/9/5
f 5048/9/5 5046/9/5 5047/9/5
f 5050/6/5 5044/6/5 5043/6/5
f 5051/6/5 5044/6/5 5050/6/5
f 5054/8/5 5047/8/5 5030/8/5
f 5055/8/5 5047/8/5 5054/8/5
f 5056/8/5 5047/8/5 5055/8/5
f 5057/4/5 5048/4/5 5047/4/5
f 5057/8/5 5047/8/5 5056/8/5
f 5058/12/5 5049/12/5 5048/12/5
f 5058/4/5 5048/4/5 5057/4/5
f 5059/12/5 5049/12/5 5058/12/5
f 5060/6/5 5052/6/5 5051/6/5
f 5061/9/5 5053/9/5 5052/9/5
f 5061/6/5 5052/6/5 5060/6/5
f 5062/8/5 5054/8/5 5053/8/5
f 5062/9/5 5053/9/5 5061/9/5
f 5063/8/5 5054/8/5 5062/8/5
f 5064/8/5 5056/8/5 5055/8/5
f 5065/8/5 5056/8/5 5064/8/5
f 5066/8/5 5056/8/5 5065/8/5
f 5067/9/5 5057/9/5 5056/9/5
f 5067/8/5 5056/8/5 5066/8/5
f 5068/6/5 5058/6/5 5057/6/5
f 5068/9/5 5057/9/5 5067/9/5
f 5069/6/5 5058/6/5 5068/6/5
f 5070/6/5 5062/6/5 5061/6/5
f 5071/4/5 5063/4/5 5062/4/5
f 5071/6/5 5062/6/5 5070/6/5
f 5072/9/5 5064/9/5 5063/9/5
f 5072/4/5 5063/4/5 5071/4/5
f 5073/9/5 5064/9/5 5072/9/5
f 5074/9/5 5066/9/5 5065/9/5
f 5075/4/5 5067/4/5 5066/4/5
f 5075/9/5 5066/9/5 5074/9/5
f 5076/6/5 5068/6/5 5067/6/5
f 5076/4/5 5067/4/5 5075/4/5
f 5077/6/5 5068/6/5 5076/6/5
f 5078/12/5 5072/12/5 5071/12/5
f 5079/6/5 5073/6/5 5072/6/5
f 5079/12/5 5072/12/5 5078/12/5
f 5079/6/5 5074/6/5 5073/6/5
f 5080/6/5 5074/6/5 5079/6/5
f 5081/12/5 5076/12/5 5075/12/5
f 5082/12/5 5076/12/5 5081/12/5
f 5085/10/5 5084/10/5 5083/10/5
f 5088/10/5 5085/10/5 5083/10/5
f 5088/10/5 5086/10/5 5085/10/5
f 5089/10/5 5088/10/5 5087/10/5
f 5090/10/5 5086/10/5 5088/10/5
f 5090/10/5 5088/10/5 5089/10/5
f 5091/10/5 5086/10/5 5090/10/5
f 5092/10/5 5086/10/5 5091/10/5
f 5093/10/5 5091/10/5 5090/10/5
f 5094/10/5 5091/10/5 5093/10/5
f 5095/13/6 5096/13/6 5098/13/6
f 5098/13/6 5096/13/6 5099/13/6
f 5097/13/6 5098/13/6 5102/13/6
f 5099/13/6 5100/13/6 5102/13/6
f 5098/13/6 5099/13/6 5102/13/6
f 5102/13/6 5100/13/6 5103/13/6
f 5101/13/6 5102/13/6 5106/13/6
f 5103/13/6 5104/13/6 5106/13/6
f 5102/13/6 5103/13/6 5106/13/6
f 5106/13/6 5104/13/6 5107/13/6
f 5105/13/6 5106/13/6 5110/13/6
f 5107/13/6 5108/13/6 5110/13/6
f 5106/13/6 5107/13/6 5110/13/6
f 5110/13/6 5108/13/6 5111/13/6
f 5111/13/6 5108/13/6 5112/13/6
f 5109/13/6 5110/13/6 5114/13/6
f 5110/13/6 5111/13/6 5114/13/6
f 5114/13/6 5111/13/6 5115/13/6
f 5115/13/6 5111/13/6 5116/13/6
f 5116/13/6 5111/13/6 5117/13/6
f 5117/13/6 5111/13/6 5118/13/6
f 5113/13/6 5114/13/6 5120/13/6
f 5114/13/6 5115/13/6 5120/13/6
f 5120/13/6 5115/13/6 5121/13/6
f 5121/13/6 5115/13/6 5122/13/6
f 5119/13/6 5120/13/6 5124/13/6
f 5120/13/6 5121/13/6 5124/13/6
f 5116/13/6 5117/13/6 5125/13/6
f 5125/13/6 5117/13/6 5126/13/6
f 5123/13/6 5124/13/6 5128/13/6
f 5124/13/6 5121/13/6 5129/13/6
f 5128/13/6 5124/13/6 5129/13/6
f 5129/13/6 5121/13/6 5130/13/6
f 5116/13/6 5125/13/6 5131/13/6
f 5131/13/6 5125/13/6 5132/13/6
f 5127/13/6 5128/13/6 5135/13/6
f 5128/13/6 5129/13/6 5135/13/6
f 5132/13/6 5133/13/6 5136/13/6
f 5136/13/6 5133/13/6 5137/13/6
f 5134/13/6 5135/13/6 5140/13/6
f 5135/13/6 5129/13/6 5141/13/6
f 5140/13/6 5135/13/6 5141/13/6
f 5141/13/6 5129/13/6 5142/13/6
f 5137/13/6 5138/13/6 5143/13/6
f 5139/13/6 5140/13/6 5146/13/6
f 5140/13/6 5141/13/6 5146/13/6
f 5146/13/6 5141/13/6 5147/13/6
f 5147/13/6 5141/13/6 5148/13/6
f 5145/13/6 5146/13/6 5149/13/6
f 5146/13/6 5147/13/6 5149/13/6
f 5149/13/6 5147/13/6 5150/13/6
f 5145/13/6 5149/13/6 5152/13/6
f 5152/13/6 5149/13/6 5153/13/6
f 5153/13/6 5149/13/6 5154/13/6
f 5151/13/6 5152/13/6 5155/13/6
f 5152/13/6 5153/13/6 5155/13/6
f 5155/13/6 5153/13/6 5156/13/6
f 5156/13/6 5153/13/6 5157/13/6
f 5157/13/6 5158/13/6 5159/13/6
f 5156/13/6 5157/13/6 5159/13/6
f 5156/13/6 5159/13/6 5161/13/6
f 5159/13/6 5160/13/6 5161/13/6
f 5161/13/6 5160/13/6 5162/13/6
f 5162/13/6 5160/13/6 5163/13/6
f 5162/13/6 5163/13/6 5165/13/6
f 5163/13/6 5164/13/6 5165/13/6
f 5165/13/6 5164/13/6 5166/13/6
f 5166/13/6 5164/13/6 5167/13/6
f 5143/13/6 5144/13/6 5169/13/6
f 5137/13/6 5143/13/6 5169/13/6
f 5169/13/6 5144/13/6 5170/13/6
f 5167/13/6 5168/13/6 5171/13/6
f 5166/13/6 5167/13/6 5171/13/6
f 5171/13/6 5168/13/6 5172/13/6
f 5137/13/6 5169/13/6 5174/13/6
f 5174/13/6 5169/13/6 5175/13/6
f 5172/13/6 5168/13/6 5176/13/6
f 5176/13/6 5168/13/6 5177/13/6
f 5177/13/6 5168/13/6 5178/13/6
f 5173/13/6 5174/13/6 5181/13/6
f 5181/13/6 5174/13/6 5182/13/6
f 5178/13/6 5179/13/6 5183/13/6
f 5177/13/6 5178/13/6 5183/13/6
f 5183/13/6 5179/13/6 5184/13/6
f 5180/13/6 5181/13/6 5185/13/6
f 5184/13/6 5179/13/6 5187/13/6
f 5187/13/6 5179/13/6 5188/13/6
f 5188/13/6 5179/13/6 5189/13/6
f 5189/13/6 5190/13/6 5191/13/6
f 5188/13/6 5189/13/6 5191/13/6
f 5191/13/6 5190/13/6 5192/13/6
f 5192/13/6 5190/13/6 5193/13/6
f 5180/13/6 5185/13/6 5194/13/6
f 5185/13/6 5186/13/6 5194/13/6
f 5194/13/6 5186/13/6 5195/13/6
f 5194/13/6 5195/13/6 5197/13/6
f 5195/13/6 5196/13/6 5197/13/6
f 5193/13/6 5194/13/6 5197/13/6
f 5192/13/6 5193/13/6 5197/13/6
f 5197/13/6 5196/13/6 5198/13/6
f 5198/13/6 5196/13/6 5199/13/6
f 5198/13/6 5199/13/6 5201/13/6
f 5199/13/6 5200/13/6 5201/13/6
f 5201/13/6 5200/13/6 5202/13/6
f 5202/13/6 5200/13/6 5203/13/6
f 5203/13/6 5200/13/6 5204/13/6
f 5202/13/6 5203/13/6 5205/13/6
f 5205/13/6 5203/13/6 5206/13/6
f 5206/13/6 5203/13/6 5207/13/6
f 5207/13/6 5203/13/6 5208/13/6
f 5206/13/6 5207/13/6 5209/13/6
f 5209/13/6 5207/13/6 5210/13/6
f 5210/13/6 5207/13/6 5211/13/6
f 5211/13/6 5207/13/6 5212/13/6
f 5210/13/6 5211/13/6 5213/13/6
f 5213/13/6 5211/13/6 5214/13/6
f 5215/1/6 5216/1/6 5217/1/6
f 5217/1/6 5216/1/6 5218/1/6
f 5219/11/6 5220/11/6 5221/11/6
f 5221/11/6 5220/11/6 5222/11/6
f 5222/11/6 5220/11/6 5223/11/6
f 5222/11/6 5223/11/6 5225/11/6
f 5223/11/6 5224/11/6 5225/11/6
f 5225/11/6 5224/11/6 5226/11/6
f 5222/11/6 5225/11/6 5228/11/6
f 5227/11/6 5228/11/6 5229/11/6
f 5228/11/6 5225/11/6 5230/11/6
f 5229/11/6 5228/11/6 5230/11/6
f 5231/1/6 5232/1/6 5235/1/6
f 5233/1/6 5234/1/6 5235/1/6
f 5232/1/6 5233/1/6 5235/1/6
f 5235/1/6 5234/1/6 5236/1/6
f 5236/1/6 5237/1/6 5238/1/6
f 5238/1/6 5237/1/6 5239/1/6
f 5239/1/6 5240/1/6 5241/1/6
f 5241/1/6 5240/1/6 5242/1/6
f 5242/1/6 5243/1/6 5245/1/6
f 5245/1/6 5243/1/6 5246/1/6
f 5244/1/6 5245/1/6 5248/1/6
f 5248/1/6 5245/1/6 5249/1/6
f 5247/1/6 5248/1/6 5252/1/6
f 5252/1/6 5248/1/6 5253/1/6
f 5250/5/6 5251/5/6 5254/5/6
f 5251/1/6 5252/1/6 5255/1/6
f 5254/5/6 5251/5/6 5255/5/6
f 5255/1/6 5252/1/6 5256/1/6
f 5257/5/6 5258/5/6 5260/5/6
f 5258/1/6 5259/1/6 5261/1/6
f 5260/5/6 5258/5/6 5261/5/6
f 5261/1/6 5259/1/6 5262/1/6
f 5262/1/6 5263/1/6 5264/1/6
f 5264/1/6 5263/1/6 5265/1/6
f 5265/1/6 5266/1/6 5267/1/6
f 5267/1/6 5266/1/6 5268/1/6
f 5268/1/6 5269/1/6 5271/1/6
f 5271/1/6 5269/1/6 5272/1/6
f 5270/1/6 5271/1/6 5274/1/6
f 5274/1/6 5271/1/6 5275/1/6
f 5273/1/6 5274/1/6 5278/1/6
f 5278/1/6 5274/1/6 5279/1/6
f 5276/1/6 5277/1/6 5280/1/6
f 5280/1/6 5277/1/6 5281/1/6
f 5281/1/6 5277/1/6 5282/1/6
f 5282/1/6 5277/1/6 5283/1/6
f 5284/1/6 5285/1/6 5286/1/6
f 5286/1/6 5285/1/6 5287/1/6
f 5287/1/6 5288/1/6 5289/1/6
f 5289/1/6 5288/1/6 5290/1/6
f 5290/1/6 5291/1/6 5292/1/6
f 5292/1/6 5291/1/6 5293/1/6
f 5293/1/6 5294/1/6 5296/1/6
f 5296/1/6 5294/1/6 5297/1/6
f 5295/1/6 5296/1/6 5302/1/6
f 5302/1/6 5296/1/6 5303/1/6
f 5298/11/6 5299/11/6 5305/11/6
f 5305/11/6 5299/11/6 5306/11/6
f 5300/1/6 5301/1/6 5307/1/6
f 5307/1/6 5301/1/6 5308/1/6
f 5308/1/6 5301/1/6 5309/1/6
f 5305/11/6 5306/11/6 5311/11/6
f 5304/11/6 5305/11/6 5311/11/6
f 5311/11/6 5306/11/6 5312/11/6
f 5312/11/6 5306/11/6 5313/11/6
f 5310/11/6 5311/11/6 5315/11/6
f 5311/11/6 5312/11/6 5315/11/6
f 5314/11/6 5315/11/6 5317/11/6
f 5316/11/6 5317/11/6 5318/11/6
f 5315/11/6 5312/11/6 5319/11/6
f 5318/11/6 5317/11/6 5319/11/6
f 5317/11/6 5315/11/6 5319/11/6
f 5319/11/6 5312/11/6 5320/11/6
f 5318/11/6 5319/11/6 5321/11/6
f 5318/11/6 5321/11/6 5323/11/6
f 5321/11/6 5322/11/6 5323/11/6
f 5323/11/6 5322/11/6 5324/11/6
f 5324/11/6 5322/11/6 5325/11/6
f 5325/11/6 5322/11/6 5326/11/6
f 5326/11/6 5322/11/6 5327/11/6
f 5327/11/6 5322/11/6 5328/11/6
f 5328/11/6 5322/11/6 5329/11/6
f 5329/11/6 5322/11/6 5330/11/6
f 5329/11/6 5330/11/6 5332/11/6
f 5330/11/6 5331/11/6 5332/11/6
f 5332/11/6 5331/11/6 5333/11/6
f 5333/11/6 5331/11/6 5334/11/6
f 5333/11/6 5334/11/6 5338/11/6
f 5338/11/6 5334/11/6 5339/11/6
f 5336/1/6 5337/1/6 5340/1/6
f 5335/1/6 5336/1/6 5340/1/6
f 5340/1/6 5337/1/6 5341/1/6
f 5342/1/6 5343/1/6 5344/1/6
f 5344/1/6 5343/1/6 5345/1/6
f 5345/1/6 5346/1/6 5348/1/6
f 5348/1/6 5346/1/6 5349/1/6
f 5347/1/6 5348/1/6 5351/1/6
f 5351/1/6 5348/1/6 5352/1/6
f 5350/1/6 5351/1/6 5354/1/6
f 5354/1/6 5351/1/6 5355/1/6
f 5353/1/6 5354/1/6 5356/1/6
f 5356/1/6 5354/1/6 5357/1/6
f 5358/1/6 5359/1/6 5362/1/6
f 5360/1/6 5361/1/6 5362/1/6
f 5359/1/6 5360/1/6 5362/1/6
f 5362/1/6 5361/1/6 5363/1/6
f 5363/1/6 5364/1/6 5365/1/6
f 5365/1/6 5364/1/6 5366/1/6
f 5366/1/6 5367/1/6 5368/1/6
f 5368/1/6 5367/1/6 5369/1/6
f 5369/1/6 5370/1/6 5373/1/6
f 5373/1/6 5370/1/6 5374/1/6
f 5371/1/6 5372/1/6 5376/1/6
f 5376/1/6 5372/1/6 5377/1/6
f 5375/1/6 5376/1/6 5378/1/6
f 5378/1/6 5376/1/6 5379/1/6
f 5380/11/6 5381/11/6 5382/11/6
f 5382/11/6 5381/11/6 5383/11/6
f 5384/1/6 5385/1/6 5386/1/6
f 5386/1/6 5385/1/6 5387/1/6
f 5387/1/6 5388/1/6 5389/1/6
f 5389/1/6 5388/1/6 5390/1/6
f 5391/1/6 5392/1/6 5394/1/6
f 5394/1/6 5392/1/6 5395/1/6
f 5393/1/6 5394/1/6 5397/1/6
f 5397/1/6 5394/1/6 5398/1/6
f 5396/1/6 5397/1/6 5400/1/6
f 5400/1/6 5397/1/6 5401/1/6
f 5399/1/6 5400/1/6 5402/1/6
f 5402/1/6 5400/1/6 5403/1/6
f 5403/1/6 5400/1/6 5404/1/6
f 5404/1/6 5400/1/6 5405/1/6
f 5406/1/6 5407/1/6 5408/1/6
f 5408/1/6 5407/1/6 5409/1/6
f 5409/1/6 5410/1/6 5411/1/6
f 5411/1/6 5410/1/6 5412/1/6
f 5412/1/6 5413/1/6 5414/1/6
f 5414/1/6 5413/1/6 5415/1/6
f 5416/1/6 5417/1/6 5420/1/6
f 5420/1/6 5417/1/6 5421/1/6
f 5418/1/6 5419/1/6 5423/1/6
f 5423/1/6 5419/1/6 5424/1/6
f 5422/1/6 5423/1/6 5425/1/6
f 5425/1/6 5423/1/6 5426/1/6
f 5427/7/6 5428/7/6 5430/7/6
f 5428/7/6 5429/7/6 5430/7/6
f 5430/7/6 5431/7/6 5432/7/6
f 5432/7/6 5433/7/6 5434/7/6
f 5432/7/6 5434/7/6 5437/7/6
f 5435/7/6 5436/7/6 5437/7/6
f 5434/7/6 5435/7/6 5437/7/6
f 5437/7/6 5436/7/6 5438/7/6
f 5438/7/6 5436/7/6 5439/7/6
f 5430/7/6 5432/7/6 5440/7/6
f 5432/7/6 5437/7/6 5440/7/6
f 5440/7/6 5437/7/6 5441/7/6
f 5427/7/6 5430/7/6 5442/7/6
f 5430/7/6 5440/7/6 5442/7/6
f 5442/7/6 5440/7/6 5443/7/6
f 5427/7/6 5442/7/6 5444/7/6
f 5444/7/6 5442/7/6 5445/7/6
f 5445/7/6 5442/7/6 5446/7/6
f 5447/1/6 5448/1/6 5449/1/6
f 5449/1/6 5448/1/6 5450/1/6
f 5450/1/6 5451/1/6 5452/1/6
f 5452/1/6 5451/1/6 5453/1/6
f 5454/1/6 5455/1/6 5458/1/6
f 5458/1/6 5455/1/6 5459/1/6
f 5456/1/6 5457/1/6 5461/1/6
f 5461/1/6 5457/1/6 5462/1/6
f 5460/1/6 5461/1/6 5464/1/6
f 5464/1/6 5461/1/6 5465/1/6
f 5463/1/6 5464/1/6 5466/1/6
f 5466/1/6 5464/1/6 5467/1/6
f 5468/6/6 5469/6/6 5471/6/6
f 5471/6/6 5469/6/6 5472/6/6
f 5472/6/6 5469/6/6 5473/6/6
f 5473/6/6 5469/6/6 5474/6/6
f 5474/6/6 5469/6/6 5475/6/6
f 5475/6/6 5469/6/6 5476/6/6
f 5470/6/6 5471/6/6 5483/6/6
f 5471/4/6 5472/4/6 5484/4/6
f 5483/6/6 5471/6/6 5484/6/6
f 5472/9/6 5473/9/6 5485/9/6
f 5484/4/6 5472/4/6 5485/4/6
f 5473/2/6 5474/2/6 5486/2/6
f 5485/9/6 5473/9/6 5486/9/6
f 5474/9/6 5475/9/6 5487/9/6
f 5486/2/6 5474/2/6 5487/2/6
f 5475/4/6 5476/4/6 5488/4/6
f 5487/9/6 5475/9/6 5488/9/6
f 5476/6/6 5477/6/6 5489/6/6
f 5488/4/6 5476/4/6 5489/4/6
f 5489/6/6 5477/6/6 5490/6/6
f 5478/1/6 5479/1/6 5493/1/6
f 5493/1/6 5479/1/6 5494/1/6
f 5480/1/6 5481/1/6 5495/1/6
f 5495/1/6 5481/1/6 5496/1/6
f 5482/6/6 5483/6/6 5499/6/6
f 5483/9/6 5484/9/6 5500/9/6
f 5499/6/6 5483/6/6 5500/6/6
f 5484/8/6 5485/8/6 5501/8/6
f 5500/9/6 5484/9/6 5501/9/6
f 5485/8/6 5486/8/6 5501/8/6
f 5486/8/6 5487/8/6 5501/8/6
f 5487/8/6 5488/8/6 5501/8/6
f 5488/8/6 5489/8/6 5501/8/6
f 5489/9/6 5490/9/6 5502/9/6
f 5501/8/6 5489/8/6 5502/8/6
f 5490/6/6 5491/6/6 5503/6/6
f 5502/9/6 5490/9/6 5503/9/6
f 5503/6/6 5491/6/6 5504/6/6
f 5492/1/6 5493/1/6 5507/1/6
f 5507/1/6 5493/1/6 5508/1/6
f 5496/1/6 5497/1/6 5509/1/6
f 5509/1/6 5497/1/6 5510/1/6
f 5498/12/6 5499/12/6 5511/12/6
f 5499/4/6 5500/4/6 5512/4/6
f 5511/12/6 5499/12/6 5512/12/6
f 5501/8/6 5502/8/6 5513/8/6
f 5512/4/6 5500/4/6 5513/4/6
f 5502/8/6 5503/8/6 5513/8/6
f 5500/8/6 5501/8/6 5513/8/6
f 5503/4/6 5504/4/6 5514/4/6
f 5513/8/6 5503/8/6 5514/8/6
f 5504/12/6 5505/12/6 5515/12/6
f 5514/4/6 5504/4/6 5515/4/6
f 5515/12/6 5505/12/6 5516/12/6
f 5506/1/6 5507/1/6 5518/1/6
f 5518/1/6 5507/1/6 5519/1/6
f 5510/1/6 5511/1/6 5521/1/6
f 5511/6/6 5512/6/6 5522/6/6
f 5521/1/6 5511/1/6 5522/1/6
f 5512/9/6 5513/9/6 5523/9/6
f 5522/6/6 5512/6/6 5523/6/6
f 5513/8/6 5514/8/6 5524/8/6
f 5523/9/6 5513/9/6 5524/9/6
f 5514/9/6 5515/9/6 5525/9/6
f 5524/8/6 5514/8/6 5525/8/6
f 5515/6/6 5516/6/6 5526/6/6
f 5525/9/6 5515/9/6 5526/9/6
f 5526/6/6 5516/6/6 5527/6/6
f 5517/1/6 5518/1/6 5528/1/6
f 5528/1/6 5518/1/6 5529/1/6
f 5520/1/6 5521/1/6 5531/1/6
f 5531/1/6 5521/1/6 5532/1/6
f 5522/6/6 5523/6/6 5533/6/6
f 5523/2/6 5524/2/6 5533/2/6
f 5524/8/6 5525/8/6 5534/8/6
f 5533/2/6 5524/2/6 5534/2/6
f 5525/2/6 5526/2/6 5535/2/6
f 5534/8/6 5525/8/6 5535/8/6
f 5526/6/6 5527/6/6 5536/6/6
f 5535/2/6 5526/2/6 5536/2/6
f 5530/1/6 5531/1/6 5538/1/6
f 5538/1/6 5531/1/6 5539/1/6
f 5522/6/6 5533/6/6 5540/6/6
f 5533/9/6 5534/9/6 5541/9/6
f 5540/6/6 5533/6/6 5541/6/6
f 5534/8/6 5535/8/6 5542/8/6
f 5541/9/6 5534/9/6 5542/9/6
f 5535/9/6 5536/9/6 5543/9/6
f 5542/8/6 5535/8/6 5543/8/6
f 5536/6/6 5527/6/6 5544/6/6
f 5543/9/6 5536/9/6 5544/9/6
f 5544/6/6 5527/6/6 5545/6/6
f 5537/1/6 5538/1/6 5546/1/6
f 5538/5/6 5539/5/6 5547/5/6
f 5546/1/6 5538/1/6 5547/1/6
f 5539/5/6 5540/5/6 5547/5/6
f 5540/12/6 5541/12/6 5548/12/6
f 5547/5/6 5540/5/6 5548/5/6
f 5541/4/6 5542/4/6 5549/4/6
f 5548/12/6 5541/12/6 5549/12/6
f 5542/8/6 5543/8/6 5550/8/6
f 5549/4/6 5542/4/6 5550/4/6
f 5550/8/6 5543/8/6 5551/8/6
f 5551/8/6 5543/8/6 5552/8/6
f 5543/4/6 5544/4/6 5553/4/6
f 5552/8/6 5543/8/6 5553/8/6
f 5544/12/6 5545/12/6 5554/12/6
f 5553/4/6 5544/4/6 5554/4/6
f 5554/12/6 5545/12/6 5555/12/6
f 5549/6/6 5550/6/6 5556/6/6
f 5550/9/6 5551/9/6 5557/9/6
f 5556/6/6 5550/6/6 5557/6/6
f 5551/8/6 5552/8/6 5558/8/6
f 5557/9/6 5551/9/6 5558/9/6
f 5558/8/6 5552/8/6 5559/8/6
f 5559/8/6 5552/8/6 5560/8/6
f 5560/8/6 5552/8/6 5561/8/6
f 5561/8/6 5552/8/6 5562/8/6
f 5552/9/6 5553/9/6 5563/9/6
f 5562/8/6 5552/8/6 5563/8/6
f 5553/6/6 5554/6/6 5564/6/6
f 5563/9/6 5553/9/6 5564/9/6
f 5564/6/6 5554/6/6 5565/6/6
f 5557/6/6 5558/6/6 5566/6/6
f 5558/4/6 5559/4/6 5567/4/6
f 5566/6/6 5558/6/6 5567/6/6
f 5559/9/6 5560/9/6 5568/9/6
f 5567/4/6 5559/4/6 5568/4/6
f 5560/2/6 5561/2/6 5569/2/6
f 5568/9/6 5560/9/6 5569/9/6
f 5561/9/6 5562/9/6 5570/9/6
f 5569/2/6 5561/2/6 5570/2/6
f 5562/4/6 5563/4/6 5571/4/6
f 5570/9/6 5562/9/6 5571/9/6
f 5563/6/6 5564/6/6 5572/6/6
f 5571/4/6 5563/4/6 5572/4/6
f 5572/6/6 5564/6/6 5573/6/6
f 5567/12/6 5568/12/6 5574/12/6
f 5569/6/6 5570/6/6 5575/6/6
f 5574/12/6 5568/12/6 5575/12/6
f 5568/6/6 5569/6/6 5575/6/6
f 5570/6/6 5571/6/6 5575/6/6
f 5575/6/6 5571/6/6 5576/6/6
f 5576/6/6 5571/6/6 5577/6/6
f 5571/12/6 5572/12/6 5578/12/6
f 5577/6/6 5571/6/6 5578/6/6
f 5578/12/6 5572/12/6 5579/12/6
f 5546/5/6 5547/5/6 5580/5/6
f 5580/5/6 5547/5/6 5581/5/6
f 5576/5/6 5577/5/6 5584/5/6
f 5584/5/6 5577/5/6 5585/5/6
f 5582/12/6 5583/12/6 5589/12/6
f 5583/6/6 5584/6/6 5590/6/6
f 5584/6/6 5585/6/6 5590/6/6
f 5589/12/6 5583/12/6 5590/12/6
f 5585/6/6 5586/6/6 5590/6/6
f 5590/6/6 5586/6/6 5591/6/6
f 5591/6/6 5586/6/6 5592/6/6
f 5586/12/6 5587/12/6 5593/12/6
f 5592/6/6 5586/6/6 5593/6/6
f 5593/12/6 5587/12/6 5594/12/6
f 5588/6/6 5589/6/6 5597/6/6
f 5589/4/6 5590/4/6 5598/4/6
f 5597/6/6 5589/6/6 5598/6/6
f 5590/9/6 5591/9/6 5599/9/6
f 5598/4/6 5590/4/6 5599/4/6
f 5591/2/6 5592/2/6 5600/2/6
f 5599/9/6 5591/9/6 5600/9/6
f 5592/9/6 5593/9/6 5601/9/6
f 5600/2/6 5592/2/6 5601/2/6
f 5593/4/6 5594/4/6 5602/4/6
f 5601/9/6 5593/9/6 5602/9/6
f 5594/6/6 5595/6/6 5603/6/6
f 5602/4/6 5594/4/6 5603/4/6
f 5603/6/6 5595/6/6 5604/6/6
f 5581/5/6 5547/5/6 5606/5/6
f 5606/5/6 5547/5/6 5607/5/6
f 5596/6/6 5597/6/6 5609/6/6
f 5597/9/6 5598/9/6 5610/9/6
f 5609/6/6 5597/6/6 5610/6/6
f 5600/8/6 5601/8/6 5611/8/6
f 5610/9/6 5598/9/6 5611/9/6
f 5598/8/6 5599/8/6 5611/8/6
f 5601/8/6 5602/8/6 5611/8/6
f 5599/8/6 5600/8/6 5611/8/6
f 5602/8/6 5603/8/6 5611/8/6
f 5603/9/6 5604/9/6 5612/9/6
f 5611/8/6 5603/8/6 5612/8/6
f 5604/6/6 5605/6/6 5613/6/6
f 5612/9/6 5604/9/6 5613/9/6
f 5613/6/6 5605/6/6 5614/6/6
f 5606/1/6 5607/1/6 5616/1/6
f 5607/5/6 5608/5/6 5617/5/6
f 5616/1/6 5607/1/6 5617/1/6
f 5617/5/6 5608/5/6 5618/5/6
f 5608/12/6 5609/12/6 5619/12/6
f 5618/5/6 5608/5/6 5619/5/6
f 5609/4/6 5610/4/6 5620/4/6
f 5619/12/6 5609/12/6 5620/12/6
f 5610/8/6 5611/8/6 5621/8/6
f 5620/4/6 5610/4/6 5621/4/6
f 5611/8/6 5612/8/6 5621/8/6
f 5612/8/6 5613/8/6 5621/8/6
f 5613/4/6 5614/4/6 5622/4/6
f 5621/8/6 5613/8/6 5622/8/6
f 5614/12/6 5615/12/6 5623/12/6
f 5622/4/6 5614/4/6 5623/4/6
f 5623/12/6 5615/12/6 5624/12/6
f 5617/1/6 5618/1/6 5627/1/6
f 5627/1/6 5618/1/6 5628/1/6
f 5620/9/6 5621/9/6 5630/9/6
f 5619/6/6 5620/6/6 5630/6/6
f 5621/8/6 5622/8/6 5631/8/6
f 5630/9/6 5621/9/6 5631/9/6
f 5622/9/6 5623/9/6 5632/9/6
f 5631/8/6 5622/8/6 5632/8/6
f 5623/6/6 5624/6/6 5633/6/6
f 5632/9/6 5623/9/6 5633/9/6
f 5625/1/6 5626/1/6 5634/1/6
f 5634/1/6 5626/1/6 5635/1/6
f 5628/1/6 5629/1/6 5637/1/6
f 5637/1/6 5629/1/6 5638/1/6
f 5619/6/6 5630/6/6 5639/6/6
f 5630/2/6 5631/2/6 5640/2/6
f 5639/6/6 5630/6/6 5640/6/6
f 5631/8/6 5632/8/6 5641/8/6
f 5640/2/6 5631/2/6 5641/2/6
f 5632/2/6 5633/2/6 5642/2/6
f 5641/8/6 5632/8/6 5642/8/6
f 5633/6/6 5624/6/6 5643/6/6
f 5642/2/6 5633/2/6 5643/2/6
f 5643/6/6 5624/6/6 5644/6/6
f 5635/1/6 5636/1/6 5645/1/6
f 5645/1/6 5636/1/6 5646/1/6
f 5638/1/6 5639/1/6 5649/1/6
f 5639/6/6 5640/6/6 5650/6/6
f 5649/1/6 5639/1/6 5650/1/6
f 5640/9/6 5641/9/6 5651/9/6
f 5650/6/6 5640/6/6 5651/6/6
f 5641/8/6 5642/8/6 5652/8/6
f 5651/9/6 5641/9/6 5652/9/6
f 5642/9/6 5643/9/6 5653/9/6
f 5652/8/6 5642/8/6 5653/8/6
f 5643/6/6 5644/6/6 5654/6/6
f 5653/9/6 5643/9/6 5654/9/6
f 5654/6/6 5644/6/6 5655/6/6
f 5646/1/6 5647/1/6 5656/1/6
f 5656/1/6 5647/1/6 5657/1/6
f 5648/1/6 5649/1/6 5660/1/6
f 5660/1/6 5649/1/6 5661/1/6
f 5650/12/6 5651/12/6 5662/12/6
f 5651/4/6 5652/4/6 5663/4/6
f 5662/12/6 5651/12/6 5663/12/6
f 5652/8/6 5653/8/6 5664/8/6
f 5663/4/6 5652/4/6 5664/4/6
f 5664/8/6 5653/8/6 5665/8/6
f 5665/8/6 5653/8/6 5666/8/6
f 5653/4/6 5654/4/6 5667/4/6
f 5666/8/6 5653/8/6 5667/8/6
f 5654/12/6 5655/12/6 5668/12/6
f 5667/4/6 5654/4/6 5668/4/6
f 5668/12/6 5655/12/6 5669/12/6
f 5657/1/6 5658/1/6 5670/1/6
f 5670/1/6 5658/1/6 5671/1/6
f 5659/1/6 5660/1/6 5672/1/6
f 5672/1/6 5660/1/6 5673/1/6
f 5663/6/6 5664/6/6 5674/6/6
f 5664/9/6 5665/9/6 5675/9/6
f 5674/6/6 5664/6/6 5675/6/6
f 5665/8/6 5666/8/6 5676/8/6
f 5675/9/6 5665/9/6 5676/9/6
f 5676/8/6 5666/8/6 5677/8/6
f 5677/8/6 5666/8/6 5678/8/6
f 5678/8/6 5666/8/6 5679/8/6
f 5679/8/6 5666/8/6 5680/8/6
f 5666/9/6 5667/9/6 5681/9/6
f 5680/8/6 5666/8/6 5681/8/6
f 5667/6/6 5668/6/6 5682/6/6
f 5681/9/6 5667/9/6 5682/9/6
f 5682/6/6 5668/6/6 5683/6/6
f 5675/6/6 5676/6/6 5684/6/6
f 5676/4/6 5677/4/6 5685/4/6
f 5684/6/6 5676/6/6 5685/6/6
f 5677/9/6 5678/9/6 5686/9/6
f 5685/4/6 5677/4/6 5686/4/6
f 5678/2/6 5679/2/6 5687/2/6
f 5686/9/6 5678/9/6 5687/9/6
f 5679/9/6 5680/9/6 5688/9/6
f 5687/2/6 5679/2/6 5688/2/6
f 5680/4/6 5681/4/6 5689/4/6
f 5688/9/6 5680/9/6 5689/9/6
f 5681/6/6 5682/6/6 5690/6/6
f 5689/4/6 5681/4/6 5690/4/6
f 5690/6/6 5682/6/6 5691/6/6
f 5687/6/6 5688/6/6 5692/6/6
f 5686/6/6 5687/6/6 5692/6/6
f 5689/6/6 5690/6/6 5692/6/6
f 5688/6/6 5689/6/6 5692/6/6
f 5685/6/6 5686/6/6 5692/6/6
f 5692/6/6 5690/6/6 5693/6/6
f 5694/1/6 5695/1/6 5697/1/6
f 5697/1/6 5695/1/6 5698/1/6
f 5696/1/6 5697/1/6 5701/1/6
f 5701/1/6 5697/1/6 5702/1/6
f 5698/1/6 5699/1/6 5703/1/6
f 5703/1/6 5699/1/6 5704/1/6
f 5700/1/6 5701/1/6 5707/1/6
f 5707/1/6 5701/1/6 5708/1/6
f 5704/1/6 5705/1/6 5710/1/6
f 5710/1/6 5705/1/6 5711/1/6
f 5706/1/6 5707/1/6 5713/1/6
f 5713/1/6 5707/1/6 5714/1/6
f 5709/1/6 5710/1/6 5716/1/6
f 5716/1/6 5710/1/6 5717/1/6
f 5712/1/6 5713/1/6 5719/1/6
f 5719/1/6 5713/1/6 5720/1/6
f 5715/1/6 5716/1/6 5722/1/6
f 5722/1/6 5716/1/6 5723/1/6
f 5718/1/6 5719/1/6 5725/1/6
f 5725/1/6 5719/1/6 5726/1/6
f 5721/1/6 5722/1/6 5728/1/6
f 5728/1/6 5722/1/6 5729/1/6
f 5724/1/6 5725/1/6 5731/1/6
f 5731/1/6 5725/1/6 5732/1/6
f 5727/1/6 5728/1/6 5734/1/6
f 5734/1/6 5728/1/6 5735/1/6
f 5730/1/6 5731/1/6 5736/1/6
f 5736/1/6 5731/1/6 5737/1/6
f 5733/1/6 5734/1/6 5739/1/6
f 5739/1/6 5734/1/6 5740/1/6
f 5738/1/6 5739/1/6 5741/1/6
f 5741/1/6 5739/1/6 5742/1/6
f 5743/1/6 5744/1/6 5747/1/6
f 5747/1/6 5744/1/6 5748/1/6
f 5745/1/6 5746/1/6 5750/1/6
f 5750/1/6 5746/1/6 5751/1/6
f 5748/1/6 5749/1/6 5753/1/6
f 5753/1/6 5749/1/6 5754/1/6
f 5751/1/6 5752/1/6 5756/1/6
f 5756/1/6 5752/1/6 5757/1/6
f 5754/1/6 5755/1/6 5759/1/6
f 5759/1/6 5755/1/6 5760/1/6
f 5757/1/6 5758/1/6 5762/1/6
f 5762/1/6 5758/1/6 5763/1/6
f 5760/1/6 5761/1/6 5765/1/6
f 5765/1/6 5761/1/6 5766/1/6
f 5763/1/6 5764/1/6 5768/1/6
f 5768/1/6 5764/1/6 5769/1/6
f 5766/1/6 5767/1/6 5771/1/6
f 5771/1/6 5767/1/6 5772/1/6
f 5769/1/6 5770/1/6 5774/1/6
f 5774/1/6 5770/1/6 5775/1/6
f 5772/1/6 5773/1/6 5777/1/6
f 5777/1/6 5773/1/6 5778/1/6
f 5775/1/6 5776/1/6 5780/1/6
f 5780/1/6 5776/1/6 5781/1/6
f 5778/1/6 5779/1/6 5784/1/6
f 5781/1/6 5782/1/6 5785/1/6
f 5785/1/6 5782/1/6 5786/1/6
f 5783/1/6 5784/1/6 5787/1/6
f 5784/1/6 5779/1/6 5788/1/6
f 5787/1/6 5784/1/6 5788/1/6
f 5786/1/6 5787/1/6 5789/1/6
f 5789/1/6 5787/1/6 5790/1/6
f 5791/6/6 5792/6/6 5794/6/6
f 5794/6/6 5792/6/6 5795/6/6
f 5795/6/6 5792/6/6 5796/6/6
f 5796/6/6 5792/6/6 5797/6/6
f 5793/12/6 5794/12/6 5800/12/6
f 5794/3/6 5795/3/6 5801/3/6
f 5800/12/6 5794/12/6 5801/12/6
f 5795/2/6 5796/2/6 5802/2/6
f 5801/3/6 5795/3/6 5802/3/6
f 5796/9/6 5797/9/6 5803/9/6
f 5802/2/6 5796/2/6 5803/2/6
f 5797/12/6 5798/12/6 5804/12/6
f 5803/9/6 5797/9/6 5804/9/6
f 5804/12/6 5798/12/6 5805/12/6
f 5799/6/6 5800/6/6 5809/6/6
f 5800/3/6 5801/3/6 5809/3/6
f 5802/8/6 5803/8/6 5810/8/6
f 5809/3/6 5801/3/6 5810/3/6
f 5801/8/6 5802/8/6 5810/8/6
f 5803/8/6 5804/8/6 5810/8/6
f 5804/3/6 5805/3/6 5811/3/6
f 5810/8/6 5804/8/6 5811/8/6
f 5805/6/6 5806/6/6 5812/6/6
f 5811/3/6 5805/3/6 5812/3/6
f 5807/1/6 5808/1/6 5814/1/6
f 5814/1/6 5808/1/6 5815/1/6
f 5799/6/6 5809/6/6 5817/6/6
f 5809/2/6 5810/2/6 5817/2/6
f 5810/8/6 5811/8/6 5818/8/6
f 5817/2/6 5810/2/6 5818/2/6
f 5811/2/6 5812/2/6 5819/2/6
f 5818/8/6 5811/8/6 5819/8/6
f 5812/6/6 5806/6/6 5820/6/6
f 5819/2/6 5812/2/6 5820/2/6
f 5813/1/6 5814/1/6 5822/1/6
f 5822/1/6 5814/1/6 5823/1/6
f 5815/1/6 5816/1/6 5824/1/6
f 5824/1/6 5816/1/6 5825/1/6
f 5799/6/6 5817/6/6 5826/6/6
f 5817/3/6 5818/3/6 5827/3/6
f 5826/6/6 5817/6/6 5827/6/6
f 5818/8/6 5819/8/6 5828/8/6
f 5827/3/6 5818/3/6 5828/3/6
f 5828/8/6 5819/8/6 5829/8/6
f 5829/8/6 5819/8/6 5830/8/6
f 5819/3/6 5820/3/6 5831/3/6
f 5830/8/6 5819/8/6 5831/8/6
f 5820/6/6 5806/6/6 5832/6/6
f 5831/3/6 5820/3/6 5832/3/6
f 5832/6/6 5806/6/6 5833/6/6
f 5821/1/6 5822/1/6 5837/1/6
f 5837/1/6 5822/1/6 5838/1/6
f 5823/1/6 5824/1/6 5839/1/6
f 5839/1/6 5824/1/6 5840/1/6
f 5827/12/6 5828/12/6 5841/12/6
f 5828/3/6 5829/3/6 5842/3/6
f 5841/12/6 5828/12/6 5842/12/6
f 5829/2/6 5830/2/6 5843/2/6
f 5842/3/6 5829/3/6 5843/3/6
f 5830/3/6 5831/3/6 5844/3/6
f 5843/2/6 5830/2/6 5844/2/6
f 5831/12/6 5832/12/6 5845/12/6
f 5844/3/6 5831/3/6 5845/3/6
f 5845/12/6 5832/12/6 5846/12/6
f 5836/1/6 5837/1/6 5848/1/6
f 5848/1/6 5837/1/6 5849/1/6
f 5838/1/6 5839/1/6 5850/1/6
f 5850/1/6 5839/1/6 5851/1/6
f 5843/6/6 5844/6/6 5852/6/6
f 5842/6/6 5843/6/6 5852/6/6
f 5844/6/6 5845/6/6 5852/6/6
f 5852/6/6 5845/6/6 5853/6/6
f 5834/12/6 5835/12/6 5854/12/6
f 5854/12/6 5835/12/6 5855/12/6
f 5847/1/6 5848/1/6 5857/1/6
f 5857/1/6 5848/1/6 5858/1/6
f 5849/1/6 5850/1/6 5859/1/6
f 5859/1/6 5850/1/6 5860/1/6
f 5856/1/6 5857/1/6 5862/1/6
f 5862/1/6 5857/1/6 5863/1/6
f 5858/1/6 5859/1/6 5865/1/6
f 5865/1/6 5859/1/6 5866/1/6
f 5861/1/6 5862/1/6 5868/1/6
f 5868/1/6 5862/1/6 5869/1/6
f 5864/1/6 5865/1/6 5870/1/6
f 5870/1/6 5865/1/6 5871/1/6
f 5867/1/6 5868/1/6 5872/1/6
f 5872/1/6 5868/1/6 5873/1/6
f 5874/1/6 5875/1/6 5877/1/6
f 5877/1/6 5875/1/6 5878/1/6
f 5876/1/6 5877/1/6 5879/1/6
f 5879/1/6 5877/1/6 5880/1/6
f 5880/1/6 5881/1/6 5884/1/6
f 5884/1/6 5881/1/6 5885/1/6
f 5882/1/6 5883/1/6 5886/1/6
f 5886/1/6 5883/1/6 5887/1/6
f 5887/1/6 5888/1/6 5891/1/6
f 5891/1/6 5888/1/6 5892/1/6
f 5889/1/6 5890/1/6 5894/1/6
f 5894/1/6 5890/1/6 5895/1/6
f 5892/1/6 5893/1/6 5897/1/6
f 5897/1/6 5893/1/6 5898/1/6
f 5895/1/6 5896/1/6 5899/1/6
f 5899/1/6 5896/1/6 5900/1/6
f 5898/1/6 5899/1/6 5902/1/6
f 5902/1/6 5899/1/6 5903/1/6
f 5900/1/6 5901/1/6 5904/1/6
f 5904/1/6 5901/1/6 5905/1/6
f 5903/1/6 5904/1/6 5911/1/6
f 5911/1/6 5904/1/6 5912/1/6
f 5905/1/6 5906/1/6 5913/1/6
f 5913/1/6 5906/1/6 5914/1/6
f 5907/6/6 5908/6/6 5917/6/6
f 5917/6/6 5908/6/6 5918/6/6
f 5918/6/6 5908/6/6 5919/6/6
f 5919/6/6 5908/6/6 5920/6/6
f 5912/1/6 5913/1/6 5922/1/6
f 5922/1/6 5913/1/6 5923/1/6
f 5914/1/6 5915/1/6 5924/1/6
f 5924/1/6 5915/1/6 5925/1/6
f 5916/12/6 5917/12/6 5928/12/6
f 5917/3/6 5918/3/6 5929/3/6
f 5928/12/6 5917/12/6 5929/12/6
f 5918/2/6 5919/2/6 5930/2/6
f 5929/3/6 5918/3/6 5930/3/6
f 5919/9/6 5920/9/6 5931/9/6
f 5930/2/6 5919/2/6 5931/2/6
f 5920/12/6 5921/12/6 5932/12/6
f 5931/9/6 5920/9/6 5932/9/6
f 5932/12/6 5921/12/6 5933/12/6
f 5909/12/6 5910/12/6 5935/12/6
f 5935/12/6 5910/12/6 5936/12/6
f 5923/1/6 5924/1/6 5937/1/6
f 5937/1/6 5924/1/6 5938/1/6
f 5925/1/6 5926/1/6 5939/1/6
f 5939/1/6 5926/1/6 5940/1/6
f 5928/3/6 5929/3/6 5941/3/6
f 5927/6/6 5928/6/6 5941/6/6
f 5930/8/6 5931/8/6 5942/8/6
f 5941/3/6 5929/3/6 5942/3/6
f 5929/8/6 5930/8/6 5942/8/6
f 5931/8/6 5932/8/6 5942/8/6
f 5932/3/6 5933/3/6 5943/3/6
f 5942/8/6 5932/8/6 5943/8/6
f 5933/6/6 5934/6/6 5944/6/6
f 5943/3/6 5933/3/6 5944/3/6
f 5938/1/6 5939/1/6 5945/1/6
f 5945/1/6 5939/1/6 5946/1/6
f 5927/6/6 5941/6/6 5947/6/6
f 5941/2/6 5942/2/6 5947/2/6
f 5942/8/6 5943/8/6 5948/8/6
f 5947/2/6 5942/2/6 5948/2/6
f 5943/2/6 5944/2/6 5949/2/6
f 5948/8/6 5943/8/6 5949/8/6
f 5944/6/6 5934/6/6 5950/6/6
f 5949/2/6 5944/2/6 5950/2/6
f 5927/6/6 5947/6/6 5951/6/6
f 5947/3/6 5948/3/6 5952/3/6
f 5951/6/6 5947/6/6 5952/6/6
f 5948/8/6 5949/8/6 5953/8/6
f 5952/3/6 5948/3/6 5953/3/6
f 5953/8/6 5949/8/6 5954/8/6
f 5954/8/6 5949/8/6 5955/8/6
f 5949/3/6 5950/3/6 5956/3/6
f 5955/8/6 5949/8/6 5956/8/6
f 5950/6/6 5934/6/6 5957/6/6
f 5956/3/6 5950/3/6 5957/3/6
f 5957/6/6 5934/6/6 5958/6/6
f 5952/12/6 5953/12/6 5959/12/6
f 5953/3/6 5954/3/6 5960/3/6
f 5959/12/6 5953/12/6 5960/12/6
f 5954/2/6 5955/2/6 5961/2/6
f 5960/3/6 5954/3/6 5961/3/6
f 5955/3/6 5956/3/6 5962/3/6
f 5961/2/6 5955/2/6 5962/2/6
f 5956/12/6 5957/12/6 5963/12/6
f 5962/3/6 5956/3/6 5963/3/6
f 5963/12/6 5957/12/6 5964/12/6
f 5960/6/6 5961/6/6 5965/6/6
f 5962/6/6 5963/6/6 5965/6/6
f 5961/6/6 5962/6/6 5965/6/6
f 5965/6/6 5963/6/6 5966/6/6
f 5967/1/6 5968/1/6 5970/1/6
f 5970/1/6 5968/1/6 5971/1/6
f 5969/1/6 5970/1/6 5973/1/6
f 5973/1/6 5970/1/6 5974/1/6
f 5972/1/6 5973/1/6 5976/1/6
f 5976/1/6 5973/1/6 5977/1/6
f 5975/1/6 5976/1/6 5979/1/6
f 5979/1/6 5976/1/6 5980/1/6
f 5978/1/6 5979/1/6 5982/1/6
f 5982/1/6 5979/1/6 5983/1/6
f 5983/1/6 5979/1/6 5984/1/6
f 5981/1/6 5982/1/6 5986/1/6
f 5986/1/6 5982/1/6 5987/1/6
f 5985/1/6 5986/1/6 5990/1/6
f 5990/1/6 5986/1/6 5991/1/6
f 5987/1/6 5988/1/6 5992/1/6
f 5992/1/6 5988/1/6 5993/1/6
f 5989/1/6 5990/1/6 5994/1/6
f 5994/1/6 5990/1/6 5995/1/6
f 5991/1/6 5992/1/6 5996/1/6
f 5996/1/6 5992/1/6 5997/1/6
f 5998/1/6 5999/1/6 6000/1/6
f 6000/1/6 5999/1/6 6001/1/6
f 6002/1/6 6003/1/6 6004/1/6
f 6004/1/6 6003/1/6 6005/1/6
f 5995/1/6 5996/1/6 6007/1/6
f 6007/1/6 5996/1/6 6008/1/6
f 6006/1/6 6007/1/6 6010/1/6
f 6010/1/6 6007/1/6 6011/1/6
f 6008/1/6 6009/1/6 6012/1/6
f 6012/1/6 6009/1/6 6013/1/6
f 6011/1/6 6012/1/6 6015/1/6
f 6015/1/6 6012/1/6 6016/1/6
f 6013/1/6 6014/1/6 6017/1/6
f 6017/1/6 6014/1/6 6018/1/6
f 6016/1/6 6017/1/6 6019/1/6
f 6019/1/6 6017/1/6 6020/1/6
f 6020/1/6 6021/1/6 6023/1/6
f 6021/1/6 6022/1/6 6023/1/6
f 6023/1/6 6022/1/6 6024/1/6
f 6024/1/6 6025/1/6 6026/1/6
f 6026/1/6 6025/1/6 6027/1/6
f 6027/1/6 6028/1/6 6029/1/6
f 6029/1/6 6028/1/6 6030/1/6
f 6030/1/6 6031/1/6 6032/1/6
f 6032/1/6 6031/1/6 6033/1/6
f 6033/1/6 6034/1/6 6035/1/6
f 6035/1/6 6034/1/6 6036/1/6
f 6037/1/6 6038/1/6 6039/1/6
f 6039/1/6 6038/1/6 6040/1/6
f 6041/12/6 6042/12/6 6043/12/6
f 6043/12/6 6042/12/6 6044/12/6
f 6045/12/6 6046/12/6 6050/12/6
f 6046/6/6 6047/6/6 6051/6/6
f 6050/12/6 6046/12/6 6051/12/6
f 6051/6/6 6047/6/6 6052/6/6
f 6052/6/6 6047/6/6 6053/6/6
f 6047/12/6 6048/12/6 6054/12/6
f 6053/6/6 6047/6/6 6054/6/6
f 6054/12/6 6048/12/6 6055/12/6
f 6049/6/6 6050/6/6 6058/6/6
f 6050/4/6 6051/4/6 6059/4/6
f 6058/6/6 6050/6/6 6059/6/6
f 6051/9/6 6052/9/6 6060/9/6
f 6059/4/6 6051/4/6 6060/4/6
f 6052/2/6 6053/2/6 6061/2/6
f 6060/9/6 6052/9/6 6061/9/6
f 6053/9/6 6054/9/6 6062/9/6
f 6061/2/6 6053/2/6 6062/2/6
f 6054/4/6 6055/4/6 6063/4/6
f 6062/9/6 6054/9/6 6063/9/6
f 6055/6/6 6056/6/6 6064/6/6
f 6063/4/6 6055/4/6 6064/4/6
f 6064/6/6 6056/6/6 6065/6/6
f 6057/6/6 6058/6/6 6068/6/6
f 6058/9/6 6059/9/6 6069/9/6
f 6068/6/6 6058/6/6 6069/6/6
f 6059/8/6 6060/8/6 6070/8/6
f 6069/9/6 6059/9/6 6070/9/6
f 6062/8/6 6063/8/6 6070/8/6
f 6060/8/6 6061/8/6 6070/8/6
f 6061/8/6 6062/8/6 6070/8/6
f 6063/8/6 6064/8/6 6070/8/6
f 6064/9/6 6065/9/6 6071/9/6
f 6070/8/6 6064/8/6 6071/8/6
f 6065/6/6 6066/6/6 6072/6/6
f 6071/9/6 6065/9/6 6072/9/6
f 6072/6/6 6066/6/6 6073/6/6
f 6068/4/6 6069/4/6 6075/4/6
f 6067/6/6 6068/6/6 6075/6/6
f 6070/8/6 6071/8/6 6076/8/6
f 6075/4/6 6069/4/6 6076/4/6
f 6069/8/6 6070/8/6 6076/8/6
f 6071/8/6 6072/8/6 6076/8/6
f 6072/4/6 6073/4/6 6077/4/6
f 6076/8/6 6072/8/6 6077/8/6
f 6073/12/6 6074/12/6 6078/12/6
f 6077/4/6 6073/4/6 6078/4/6
f 6078/12/6 6074/12/6 6079/12/6
f 6067/6/6 6075/6/6 6080/6/6
f 6075/9/6 6076/9/6 6080/9/6
f 6076/8/6 6077/8/6 6081/8/6
f 6080/9/6 6076/9/6 6081/9/6
f 6077/9/6 6078/9/6 6082/9/6
f 6081/8/6 6077/8/6 6082/8/6
f 6078/6/6 6079/6/6 6083/6/6
f 6082/9/6 6078/9/6 6083/9/6
f 6067/6/6 6080/6/6 6084/6/6
f 6080/2/6 6081/2/6 6084/2/6
f 6081/8/6 6082/8/6 6085/8/6
f 6084/2/6 6081/2/6 6085/2/6
f 6082/2/6 6083/2/6 6086/2/6
f 6085/8/6 6082/8/6 6086/8/6
f 6083/6/6 6079/6/6 6087/6/6
f 6086/2/6 6083/2/6 6087/2/6
f 6067/6/6 6084/6/6 6088/6/6
f 6084/9/6 6085/9/6 6088/9/6
f 6085/8/6 6086/8/6 6089/8/6
f 6088/9/6 6085/9/6 6089/9/6
f 6086/9/6 6087/9/6 6090/9/6
f 6089/8/6 6086/8/6 6090/8/6
f 6087/6/6 6079/6/6 6091/6/6
f 6090/9/6 6087/9/6 6091/9/6
f 6091/6/6 6079/6/6 6092/6/6
f 6067/6/6 6088/6/6 6093/6/6
f 6088/4/6 6089/4/6 6094/4/6
f 6093/6/6 6088/6/6 6094/6/6
f 6089/8/6 6090/8/6 6095/8/6
f 6094/4/6 6089/4/6 6095/4/6
f 6095/8/6 6090/8/6 6096/8/6
f 6096/8/6 6090/8/6 6097/8/6
f 6090/4/6 6091/4/6 6098/4/6
f 6097/8/6 6090/8/6 6098/8/6
f 6091/12/6 6092/12/6 6099/12/6
f 6098/4/6 6091/4/6 6099/4/6
f 6099/12/6 6092/12/6 6100/12/6
f 6094/6/6 6095/6/6 6101/6/6
f 6095/9/6 6096/9/6 6102/9/6
f 6101/6/6 6095/6/6 6102/6/6
f 6096/8/6 6097/8/6 6103/8/6
f 6102/9/6 6096/9/6 6103/9/6
f 6103/8/6 6097/8/6 6104/8/6
f 6104/8/6 6097/8/6 6105/8/6
f 6105/8/6 6097/8/6 6106/8/6
f 6106/8/6 6097/8/6 6107/8/6
f 6097/9/6 6098/9/6 6108/9/6
f 6107/8/6 6097/8/6 6108/8/6
f 6098/6/6 6099/6/6 6109/6/6
f 6108/9/6 6098/9/6 6109/9/6
f 6109/6/6 6099/6/6 6110/6/6
f 6102/6/6 6103/6/6 6111/6/6
f 6103/4/6 6104/4/6 6112/4/6
f 6111/6/6 6103/6/6 6112/6/6
f 6104/9/6 6105/9/6 6113/9/6
f 6112/4/6 6104/4/6 6113/4/6
f 6105/2/6 6106/2/6 6114/2/6
f 6113/9/6 6105/9/6 6114/9/6
f 6106/9/6 6107/9/6 6115/9/6
f 6114/2/6 6106/2/6 6115/2/6
f 6107/4/6 6108/4/6 6116/4/6
f 6115/9/6 6107/9/6 6116/9/6
f 6108/6/6 6109/6/6 6117/6/6
f 6116/4/6 6108/4/6 6117/4/6
f 6117/6/6 6109/6/6 6118/6/6
f 6112/12/6 6113/12/6 6119/12/6
f 6113/6/6 6114/6/6 6120/6/6
f 6119/12/6 6113/12/6 6120/12/6
f 6114/6/6 6115/6/6 6120/6/6
f 6115/6/6 6116/6/6 6120/6/6
f 6116/12/6 6117/12/6 6121/12/6
f 6120/6/6 6116/6/6 6121/6/6
f 6121/12/6 6117/12/6 6122/12/6
f 6123/12/6 6124/12/6 6125/12/6
f 6125/12/6 6124/12/6 6126/12/6
f 6127/10/6 6128/10/6 6129/10/6
f 6127/10/6 6129/10/6 6131/10/6
f 6129/10/6 6130/10/6 6131/10/6
f 6131/10/6 6130/10/6 6132/10/6
f 6127/10/6 6131/10/6 6133/10/6
f 6133/10/6 6131/10/6 6134/10/6
